date,split,obv,low_52w_ratio,bb_pct,obv_trend,rsi_14,return_20d
2025-01-14,train,0.061261,0.154441,0.05348,0.062533,0.071295,0.090912
2025-01-22,train,-0.004987,-0.089159,-0.061507,-0.047381,-0.083567,-0.116146
2025-01-29,train,0.021885,0.127238,0.040861,0.016584,0.037811,0.101042
2025-02-05,train,-0.003039,-0.007488,0.018635,-0.005298,0.020125,-0.011017
2025-02-12,train,-0.002949,0.019958,-0.019958,-0.019707,-0.018456,-0.081858
2025-02-20,train,-0.062011,-0.154082,-0.033728,-0.030054,-0.058958,-0.127543
2025-02-27,train,-0.037573,-0.077552,-0.007491,-0.015886,-0.01003,-0.074101
2025-03-06,train,-0.032289,-0.053597,-0.029977,-0.017658,-0.025237,-0.040156
2025-03-13,train,0.040251,0.093833,0.009399,0.013233,0.012566,0.008794
2025-03-20,train,0.005909,-0.011149,-0.001046,-0.021771,-0.007541,-0.010191
2025-03-27,train,-0.061464,-0.09226,-0.000882,-0.025137,-0.015024,-0.014371
2025-04-03,train,-0.022428,-0.006847,-0.018989,-0.015641,-0.030995,-0.019786
2025-04-10,train,0.019377,0.077546,-0.007185,0.011338,-0.006101,-0.0094
2025-04-17,train,0.070304,0.08602,0.003609,0.010513,0.014606,0.011296
2025-04-25,train,0.028187,0.065371,0.028101,0.015984,0.036371,0.027782
2025-05-02,train,-0.002495,-0.026254,-0.010031,-0.009184,-0.00603,-0.024813
2025-05-09,train,0.078069,0.113857,0.044578,0.088423,0.048048,0.07325
2025-05-16,train,-0.022684,0.008419,0.025288,-0.022625,-0.0106,0.02804
2025-05-23,train,0.029797,0.01453,0.028931,0.018514,0.017094,0.042109
2025-06-02,train,0.012016,0.097237,0.080775,0.038777,0.053096,0.093115
2025-06-09,train,0.008224,0.036857,-0.000686,-0.003778,0.001746,0.034894
2025-06-16,train,0.011734,0.0272,0.025406,0.017498,0.055645,0.03953
2025-06-24,train,0.011855,-0.005106,0.015488,-0.009902,-0.002976,-0.021713
2025-07-01,train,0.012538,0.08186,0.029287,0.026112,0.020073,0.047892
2025-07-09,train,0.004458,0.063263,0.013783,0.009172,0.018863,0.119468
2025-07-16,train,0.012169,0.063193,0.048348,0.029794,0.06051,0.090638
2025-07-23,train,0.002555,-0.00186,0.003411,0.008858,-0.008546,-0.059173
2025-07-30,train,0.002231,0.086677,0.006732,0.004695,-0.002107,0.056998
2025-08-06,train,0.03279,0.021003,0.012714,0.040122,0.012287,-0.007062
2025-08-13,train,-0.023833,-0.075551,-0.049178,-0.033701,-0.042692,-0.071239
2025-08-20,train,0.023186,0.056424,0.010923,0.021783,0.005431,0.043252
2025-08-27,train,0.014078,0.001935,0.032424,0.022533,0.044532,0.042347
2025-09-04,train,0.030001,0.118448,0.022277,0.018042,0.016466,0.084724
2025-09-11,train,0.025791,0.123083,0.022993,0.044034,0.035174,0.070176
2025-09-18,train,0.0091,0.020287,0.042509,0.035579,0.035637,0.050203
2025-09-25,train,0.018853,0.059801,0.064568,0.078773,0.090263,0.143139
2025-10-02,train,0.008961,0.074434,-0.006621,-0.018984,-0.006682,0.024884
2025-10-09,train,-0.006824,-0.001055,0.026143,0.03006,0.017363,-0.00414
2025-10-16,train,-0.007852,-0.06235,-0.031234,-0.032398,-0.020137,-0.073501
2025-10-23,train,0.040752,0.04118,0.007624,0.017269,0.007581,0.044991
2025-10-30,train,-0.030054,-0.123749,-0.022578,-0.036951,-0.009133,-0.091671
2025-11-06,train,-0.006071,-0.07547,-0.02573,-0.019728,-0.001527,-0.054995
2025-11-13,train,-0.037978,-0.087124,-0.034744,-0.02894,-0.021682,-0.057434
2025-11-20,train,0.084553,0.133631,0.06374,0.050273,0.052751,0.090043
2025-11-28,train,0.017762,0.004492,-0.012956,-0.00928,-0.012328,-0.02318
2025-12-05,train,-0.010858,-0.008243,0.006258,0.013985,0.01425,0.011048
2025-12-12,train,0.011287,-0.020591,-0.001705,-0.005961,0.008676,0.006321
2025-12-19,train,0.00349,-0.027618,0.005975,0.006699,0.003121,-0.000823
2025-12-29,train,0.009995,0.172872,0.038643,0.043599,0.022223,0.095155
2026-01-06,train,0.004296,0.03544,0.026953,0.009791,0.025044,0.00246
2026-01-13,train,-0.025325,0.023156,0.01338,0.018241,0.023974,0.056005
2026-01-21,train,0.02016,0.090403,0.007807,0.037266,0.011904,0.048827
2026-01-28,train,-0.051398,-0.149491,-0.097483,-0.070709,-0.036727,-0.142346
2026-02-04,train,0.006848,0.017718,0.033544,0.021835,0.026713,0.03148
2026-02-11,train,-0.024012,0.015589,0.002938,-0.005608,0.003012,-0.006608
2026-02-19,train,0.01273,0.015844,0.006224,0.00305,0.013566,0.018165
2026-02-26,test,-0.002011,-0.036254,-0.013794,-0.00286,0.004564,-0.036364
2026-03-05,test,-0.009388,0.022521,-0.003328,-0.01593,-0.01774,-0.020395
2026-03-12,test,-0.006232,0.081114,0.006151,0.001937,0.009499,-0.000384
2026-03-19,test,-0.019847,-0.061223,0.002335,-0.006772,-0.017841,-0.028278
2026-03-26,test,0.011876,0.038284,0.013757,0.010161,0.016415,0.020197
2026-04-02,test,0.016142,0.075928,0.0176,0.025942,0.020753,0.002362
2026-04-10,test,0.08751,0.092349,0.051459,0.041158,0.069669,0.109434
2026-04-17,test,0.011321,0.031971,0.073014,-0.01518,0.040968,0.07842
2026-04-24,test,0.024225,0.032553,0.0008,0.041235,0.037319,0.019806
2026-05-01,test,0.039849,0.09407,0.120438,0.113003,0.057617,0.069557
2026-05-08,test,-0.003746,-0.006035,-0.010221,-0.023968,0.005046,-0.012719
2026-05-15,test,0.016646,0.041941,0.055,0.030765,0.038547,0.076123
2026-05-22,test,0.026282,0.123391,0.072186,0.112518,0.058885,0.12646
2026-06-01,test,-0.04514,-0.093877,-0.038651,-0.043284,-0.067821,-0.07897
2026-06-08,test,0.017946,0.102041,0.021858,0.039775,0.035122,0.027307
2026-06-15,test,-0.035614,-0.017514,-0.013794,-0.012489,-0.007752,-0.039775
2026-06-23,test,-0.004995,0.044645,0.024169,0.025637,0.009832,0.054366
2026-07-01,test,0.002761,-0.030407,-0.013964,-0.017196,-0.004806,-0.008056
2026-07-09,test,-0.017211,-0.088898,0.012483,0.019863,0.00794,-0.014993
2026-07-16,test,-0.010708,0.031111,-0.024009,-0.036115,-0.025431,-0.031547
2026-07-23,test,8.8e-05,-0.045755,0.016646,0.024826,-0.006487,0.043267
2026-07-30,test,0.029511,0.008771,-0.01637,0.006172,0.002625,-8.1e-05
2026-08-06,test,0.018512,0.087728,0.028412,0.02754,0.010322,0.055116
2026-08-13,test,-0.023393,-0.027694,-0.003287,0.000386,-0.009872,-0.026215
