ticker,horizon,n_obs,win_rate,avg_return_per_bar,annualized_return,annualized_vol,sharpe,turnover,fitness,gross_annualized_return
MU,5,40,0.9629629629629629,0.10030250872635167,5.0552464398081245,0.7634168707038363,6.621868907805787,0.05128205128205128,42.1111147767116,5.057766439808124
MU,3,42,0.8214285714285714,0.05245714780061067,4.406400415251296,0.6622098490002091,6.654084686151965,0.024390243902439025,39.50711322558557,4.410400415251297
INTC,5,40,0.8529411764705882,0.11798038024195083,5.946211164194322,1.0205066152861382,5.82672476113942,0.15384615384615385,36.22441210928861,5.953771164194322
INTC,3,42,0.7878787878787878,0.06367799586437596,5.348951652607581,0.9120172906440843,5.864967372307215,0.14634146341463414,35.45816362821311,5.360951652607581
HUM,5,40,0.9629629629629629,0.06025296940504745,3.0367496580143913,0.46377873877298353,6.547841468646666,0.07692307692307693,32.273617325424034,3.0417896580143915
HUM,3,42,0.8125,0.0387975875281541,3.2589973523649443,0.4645647019675381,7.015163525257823,0.17073170731707318,30.649451806614728,3.2749973523649443
AMD,5,40,1.0,0.08539786878840515,4.30405258693562,0.6396124811036362,6.729156659840469,0.23076923076923078,29.060994507035588,4.3153925869356184
AMD,3,42,0.875,0.05714676635487077,4.800328373809145,0.6485054158827435,7.402140762810675,0.3170731707317073,28.801364620002484,4.8283283738091445
CNC,3,42,0.8,0.04000763163598332,3.3606410574225993,0.6148496164158089,5.465793533405856,0.12195121951219512,28.340615659808194,3.3726410574225993
ARM,1,53,0.8461538461538461,0.013787793273205347,3.4745239048477474,0.6281982924496008,5.5309349716618375,0.23076923076923078,21.46136067121824,3.531580508621332
AMD,1,60,0.75,0.013046244354245331,3.2876535772698237,0.6034974868009233,5.4476673874771695,0.22033898305084745,21.04301369247216,3.3464535772698234
QQQ,5,40,0.9,0.0225371215637348,1.1358709268122338,0.15260643988460926,7.443138885037245,0.15384615384615385,20.224476686298853,1.1446909268122338
SMCI,5,40,0.6944444444444444,0.06520701490249875,3.286433551085937,0.8030738420725707,4.092318014747335,0.15384615384615385,18.91422197649369,3.2952535510859375
TEAM,3,42,0.5806451612903226,0.04037651224696063,3.391627028744693,0.9552125137343739,3.5506517973526455,0.12195121951219512,18.49511864479586,3.4016270287446924
QQQ,3,42,0.875,0.013258201607752698,1.1136889350512267,0.1686832614622713,6.60224924154861,0.14634146341463414,18.213364156228394,1.127688935051227
SMCI,3,42,0.6388888888888888,0.03909064441870026,3.2836141311708222,0.8046259759544726,4.080919867489607,0.17073170731707318,17.896867939116735,3.2976141311708225
CNC,5,40,0.8461538461538461,0.057480611370299695,2.8970228130631046,0.7032878212037703,4.119256335342856,0.15384615384615385,17.875222411919747,2.904582813063105
GOOG,3,42,0.84,0.017169668995520804,1.4422521956237475,0.28901160200933607,4.990291689318264,0.12195121951219512,16.950851896177348,1.4542521956237473
AAPL,3,42,0.8529411764705882,0.012966026943354504,1.0891462632417783,0.14504611613064874,7.508965371128872,0.21951219512195122,16.726068768908835,1.1071462632417781
ARM,5,40,1.0,0.049351788419704785,2.4873301363531213,0.6634922954467057,3.7488455456419287,0.1282051282051282,16.512451874423704,2.494890136353121
QURE,5,40,0.6666666666666666,0.06443955926493955,3.2477537869529534,1.0335893770928364,3.1422089457690334,0.10256410256410256,16.016646967038064,3.2540537869529533
UNH,3,42,0.6571428571428571,0.01845631440583122,1.5503304100898225,0.3185252755918924,4.867213150381727,0.14634146341463414,15.841955969113279,1.5623304100898223
S,3,42,1.0,0.02156333509253851,1.811320147773235,0.3143153102042287,5.762748707965629,0.24390243902439024,15.704323009823824,1.8313201477732346
HUM,1,53,0.6976744186046512,0.008321911166966635,2.0971216140755917,0.36442697272208263,5.754572990059349,0.28846153846153844,15.516042246719701,2.173197085773705
USAR,5,38,0.8,0.055735614734822074,2.8090749826350323,0.8378332488463548,3.3527852785777563,0.13513513513513514,15.286331264317573,2.8170328773718745
MP,5,40,0.782608695652174,0.03955298121795544,1.993470253384954,0.5217692800748496,3.8205972055292023,0.10256410256410256,15.257420894505298,1.9997702533849544
UNH,5,40,0.7058823529411765,0.03315960243273862,1.6712439626100264,0.3388422242473706,4.932218723100875,0.1794871794871795,15.050313161770182,1.6813239626100267
MU,1,53,0.55,0.008975249258253335,2.2617628130798404,0.6440491068788655,3.5117862736284158,0.09615384615384616,14.938142573589321,2.2902911149666325
QQQ,1,48,0.6666666666666666,0.0035063457551920397,0.883599130308394,0.16314034292835708,5.4161902227729515,0.1276595744680851,14.2493433900144,0.9203491303083939
TSM,3,42,0.7931034482758621,0.015136425410170145,1.2714597344542922,0.2651206330116634,4.795778133187986,0.14634146341463414,14.136005058235492,1.2854597344542922
SPY,3,42,0.9,0.008466652743713058,0.7111988304718969,0.11212277299397098,6.343036400911519,0.14634146341463414,13.98327902591886,0.7251988304718968
APLD,3,42,0.875,0.022958498524187437,1.9285138760317446,0.47064340256009063,4.097611621753301,0.17073170731707318,13.771621729459175,1.9425138760317446
NVO,3,42,0.717948717948718,0.01657681880853304,1.3924527799167752,0.3393018783025394,4.103875837301411,0.07317073170731707,13.69712579936982,1.3984527799167754
CRWD,5,40,0.9444444444444444,0.03791534902968235,1.9109335910959904,0.4281108863241373,4.463641668876314,0.20512820512820512,13.623836735144007,1.9210135910959902
NVDA,5,40,0.7586206896551724,0.027586650525518612,1.390367186486138,0.3419236056272368,4.066309443407977,0.07692307692307693,13.56157635150166,1.3954071864861382
AAPL,5,40,0.8620689655172413,0.01813514817492832,0.9140114680163872,0.15307979673665484,5.9708170999780785,0.1794871794871795,13.473886164506554,0.9228314680163869
SPY,5,40,0.9629629629629629,0.013686070420317211,0.6897779491839874,0.1099400196346324,6.274129761631397,0.15384615384615385,13.28510001322854,0.6985979491839874
INTC,1,53,0.5555555555555556,0.010499463135923228,2.6458647102526536,0.6250747321163896,4.23287740538517,0.2692307692307692,13.26957951827219,2.7124307479885026
DNA,3,42,0.8666666666666667,0.03834943904105846,3.2213528794489106,0.7928969643223728,4.0627635422995345,0.3170731707317073,12.949737041084628,3.247352879448911
RZLV,1,32,0.8571428571428571,0.005545451097111968,1.3974536764722159,0.25820751304840406,5.412134062149643,0.25806451612903225,12.594273187608724,1.4604536764722158
NVO,5,40,0.7105263157894737,0.024424195092647132,1.2309794326694155,0.3249450285294016,3.7882697828627783,0.10256410256410256,11.888068304705653,1.2372794326694156
USAR,3,40,0.7058823529411765,0.02751254705053105,2.3110539522446083,0.7194360725643798,3.2123131441088537,0.1794871794871795,11.526732122798975,2.3278539522446082
AMPX,1,53,0.75,0.007010944216878199,1.7667579426533062,0.42802613163585523,4.127687101488425,0.23076923076923078,11.421058163653846,1.8238145464268911
TSM,5,40,0.696969696969697,0.02341589834643293,1.1801612766602196,0.26745456354885055,4.412567357238843,0.1794871794871795,11.314759092956491,1.1902412766602195
SNOW,3,42,0.6,0.028322851301168486,2.3791195092981527,0.9348391956128641,2.5449505331646303,0.0975609756097561,11.102798752059542,2.389119509298153
GOOG,1,60,0.6129032258064516,0.0050196976315683645,1.264963803155228,0.2854566900489218,4.431368565712849,0.2033898305084746,11.051272929295502,1.3195638031552277
GOOG,5,40,0.75,0.030107786463960617,1.517432437783615,0.307392381344994,4.936467296762841,0.3076923076923077,10.962576235585606,1.533812437783615
PL,1,53,0.5882352941176471,0.011235077828762896,2.83123961284825,0.7776539888892423,3.640744667036602,0.3269230769230769,10.714101249181393,2.9120698015274957
ROKU,3,42,0.6875,0.015448903765292187,1.2977079162845437,0.40398214661842685,3.2122902636840225,0.0975609756097561,10.350188321430785,1.307707916284544
UAL,3,42,0.8333333333333334,0.01722548746598775,1.446940947142971,0.36844914692505004,3.9271116766550906,0.21951219512195122,10.082525492692831,1.464940947142971
SPY,1,48,0.6176470588235294,0.002328522770637445,0.5867877382006361,0.12967085326809347,4.52520920015431,0.1276595744680851,9.701803634390538,0.6235377382006361
QURE,3,42,0.7407407407407407,0.03354983516154594,2.8181861535698594,0.8126644455973525,3.467834933394114,0.36585365853658536,9.624752143817533,2.848186153569859
ROKU,5,40,0.6896551724137931,0.026665962503430653,1.343964510172905,0.3445982866745627,3.900090517403355,0.23076923076923078,9.41195052881273,1.3565645101729051
FIVN,1,53,0.7083333333333334,0.009389988519955844,2.3662771070288726,0.760594160949042,3.111090287724951,0.2692307692307692,9.223230664564168,2.432843144764722
BRKR,3,42,0.71875,0.023098482345247424,1.9402725170007837,0.626090683463736,3.0990279335679762,0.21951219512195122,9.213561319157346,1.9582725170007835
ZM,5,40,0.78125,0.03075458217112905,1.550030941424904,0.4412709978808416,3.5126508401158643,0.23076923076923078,9.103663895869934,1.5626309414249042
CRWD,3,42,0.7619047619047619,0.017466825907732745,1.4672133762495505,0.4196411634551651,3.4963523696509555,0.21951219512195122,9.039252286375048,1.4872133762495503
USAR,1,51,0.6470588235294118,0.008984454430350708,2.2640825164483784,0.6703696744752189,3.37736416585484,0.32,8.983571475878966,2.34314133997779
SNOW,5,40,0.5714285714285714,0.04132408380388826,2.082733823715968,0.7988969874315999,2.6070117380362356,0.1794871794871795,8.880617301400363,2.091553823715968
ARM,3,42,0.7894736842105263,0.02094471581025667,1.7593561280615604,0.564918835743392,3.1143520391674957,0.21951219512195122,8.816886604992224,1.77935612806156
AMPX,5,40,0.7142857142857143,0.031164682285804924,1.5706999872045682,0.5733983926063153,2.7392821595908825,0.15384615384615385,8.7526601808752,1.5795199872045684
UNH,1,60,0.5476190476190477,0.003989200524774743,1.0052785322432352,0.24094536855200846,4.1722260041128125,0.23728813559322035,8.587623933352342,1.068278532243235
FTNT,1,53,0.6285714285714286,0.007160224894080317,1.80437667330824,0.5141007958310783,3.5097721846381207,0.3076923076923077,8.499320577807195,1.8804521450063532
TEAM,1,53,0.5,0.007462592737375861,1.880573369818717,0.6123978663973882,3.0708359271101755,0.25,8.422320222834617,1.9423846905734343
NVMI,3,42,0.6666666666666666,0.011983684148879233,1.0066294685058557,0.34060900777973435,2.9553812304248415,0.04878048780487805,8.386742795392934,1.0106294685058557
FTNT,3,42,0.71875,0.018645073762042212,1.5661861960115457,0.4745443220444749,3.3004002434671653,0.24390243902439024,8.363349281965684,1.5881861960115462
DNA,1,53,0.6176470588235294,0.008658081923003479,2.181836644596877,0.7948193068729232,2.74507252872471,0.25,8.109516001349064,2.2436479653515935
ASAN,1,53,0.5666666666666667,0.007286782095926545,1.8362690881734893,0.668496895509392,2.746862551656668,0.21153846153846154,8.093016382365347,1.8885709749659423
MP,1,60,0.6206896551724138,0.005441558326769587,1.371272698345936,0.4674401409000789,2.933579250822326,0.1864406779661017,7.955901601779527,1.417472698345936
HY,3,42,0.7,0.016565583094109295,1.3915089799051807,0.3462675507344429,4.018594803220089,0.36585365853658536,7.837246810587505,1.4215089799051808
PL,3,42,0.8,0.021586994179048028,1.8133075110400343,0.6080615303406696,2.982111876119049,0.2682926829268293,7.752740514758629,1.8353075110400345
DUOL,3,42,0.7241379310344828,0.013689803375760303,1.1499434835638656,0.34287194256042497,3.353857055134247,0.21951219512195122,7.6763270662140854,1.1679434835638658
CNC,1,60,0.6341463414634146,0.006908264604879473,1.7408826804296271,0.5282255759090235,3.295718268532798,0.3220338983050847,7.662739064706627,1.824882680429627
NVDA,3,42,0.6875,0.012562847721681711,1.0552792086212637,0.37203669949140294,2.8364922333304623,0.14634146341463414,7.616958558518703,1.0692792086212635
ETSY,1,53,0.5675675675675675,0.005144242001234109,1.2963489843109957,0.45445582992798744,2.8525302107278803,0.21153846153846154,7.061493241280139,1.3486508711034484
S,5,40,0.8888888888888888,0.017448438683836325,0.8794013096653507,0.3002463115829286,2.9289329318620405,0.15384615384615385,7.002605482498766,0.8869613096653511
S,1,53,0.7692307692307693,0.005401503070580345,1.3611787737862469,0.36703416292045365,3.708588767202173,0.38461538461538464,6.976746394133518,1.4562731134088882
MSFT,5,40,0.6666666666666666,0.01670465131664086,0.8419144263586993,0.2851926725475791,2.9520899637358022,0.15384615384615385,6.9058993155585355,0.8507344263586992
QUBT,1,53,0.6666666666666666,0.004937298841530652,1.2441993080657243,0.44163799731867653,2.8172379089200894,0.21153846153846154,6.83240859949636,1.2965011948581773
MSFT,3,42,0.6333333333333333,0.009086846730784044,0.7632951253858596,0.2781428795852537,2.744255493881524,0.0975609756097561,6.781344073043381,0.7732951253858596
PUBM,1,53,0.7142857142857143,0.004307630967425474,1.0855230037912194,0.39758476037216944,2.730293290857244,0.19230769230769232,6.486799720443648,1.1330701736025401
IREN,1,53,0.6,0.005292965406857283,1.3338272825280353,0.45827830799924385,2.910518039466612,0.2692307692307692,6.4782506540914975,1.4003933202638845
FIVN,5,40,0.7142857142857143,0.025737837831743583,1.2971870267198766,0.4336678029136566,2.991199757059546,0.28205128205128205,6.414793435626791,1.3110470267198764
TEAM,5,40,0.5357142857142857,0.03081460436443298,1.5530560599674221,0.7203107575615516,2.156091719669633,0.1794871794871795,6.342260578081015,1.561876059967422
APLD,1,53,0.5384615384615384,0.007423860577446139,1.870812865516427,0.697325672436682,2.6828395102380216,0.34615384615384615,6.2369934330830885,1.9563977711768041
DDOG,1,60,0.6666666666666666,0.003896791839552946,0.9819915435673424,0.3278568397475738,2.9951839477358635,0.23728813559322035,6.093114810166758,1.0407915435673423
DDOG,3,42,0.75,0.012486174955279882,1.0488386962435101,0.36184431527143623,2.8985910569210613,0.24390243902439024,6.010813142248041,1.0688386962435101
ROKU,1,53,0.6571428571428571,0.005464484584904497,1.3770501153959331,0.373478927678465,3.687089185876268,0.5192307692307693,6.004520134703204,1.5054274738864992
ADSK,3,42,0.5806451612903226,0.008353059224143667,0.701656974828068,0.27759986483187504,2.5275839930722515,0.12195121951219512,5.98843049405392,0.711656974828068
ALK,3,42,0.5172413793103449,0.013080857295727192,1.0987920128410842,0.4741018819734705,2.317628456287313,0.17073170731707318,5.879555169948603,1.1127920128410842
AMPX,3,42,0.6,0.018623949479583447,1.5644117562850095,0.7670999532464209,2.0393845021946735,0.1951219512195122,5.774595724896676,1.5824117562850095
AMZN,1,53,0.6,0.0031066405733153795,0.7828734244754756,0.21871059403665,3.5794947561812536,0.3076923076923077,5.709646048558957,0.8589488961735888
PUBM,3,42,0.6538461538461539,0.010132435391519652,0.8511245728876508,0.35994337967437007,2.364606826933829,0.14634146341463414,5.702585519012124,0.8631245728876508
BA,3,42,0.6153846153846154,0.008762168400982172,0.7360221456825025,0.24111775226168697,3.0525423316143554,0.21951219512195122,5.589562412601457,0.7560221456825025
FIVN,3,42,0.7307692307692307,0.021097688092112443,1.7722057997374452,0.698009731832811,2.5389413913815293,0.36585365853658536,5.587995547138104,1.8022057997374452
SNOW,1,60,0.5217391304347826,0.00833085005990202,2.099374215095309,0.9402586092253108,2.2327625554261146,0.3389830508474576,5.556463650352592,2.187574215095309
BRKR,1,53,0.5172413793103449,0.005027081100823856,1.2668244374076119,0.41816661277795253,3.029472939008401,0.40384615384615385,5.365587951946336,1.3666734940113854
NOK,5,40,0.6,0.02342085036835028,1.180410858564854,0.530196987056373,2.226362818692041,0.20512820512820512,5.340720477079888,1.1917508585648542
QURE,1,53,0.52,0.005662660200375158,1.42699037049454,0.6668682774685258,2.13983843392804,0.23076923076923078,5.321113881256682,1.4840469742681248
XYZ,3,40,0.5909090909090909,0.010987542553696522,0.9229535745105079,0.3476514112014411,2.654824760586739,0.23076923076923078,5.309294751423995,0.9418535745105078
ALK,5,40,0.5625,0.02030693519484847,1.0234695338203628,0.5517548340802265,1.8549353274384683,0.1282051282051282,5.240992442857486,1.0297695338203627
ETSY,3,42,0.65,0.011486885354295902,0.9648983697608557,0.41022805932994777,2.3521023192243047,0.1951219512195122,5.23050873035313,0.9808983697608558
BRKR,5,40,0.7083333333333334,0.024417420110676748,1.2306379735781081,0.5830327468355124,2.1107527497512946,0.20512820512820512,5.169991507348573,1.240717973578108
PL,5,40,0.6111111111111112,0.02202684170096822,1.1101528217287981,0.5801668054365031,1.9135062732407564,0.15384615384615385,5.140175558742176,1.1189728217287982
AI,3,42,0.7,0.014989006939903413,1.2590765829518866,0.49169759269887453,2.56067266069161,0.3170731707317073,5.102704164209459,1.2850765829518869
ONTO,1,53,0.6666666666666666,0.003679371218047595,0.927201546947994,0.36677405822313164,2.5279910783219,0.23076923076923078,5.067265496279228,0.984258150721579
NVMI,5,40,0.68,0.014963545982369219,0.7541627175114086,0.37040625167965086,2.036042086470109,0.10256410256410256,5.001085436626758,0.7592027175114087
FTNT,5,40,0.8421052631578947,0.014170658042783474,0.7142011653562871,0.2527281968387229,2.825965500842198,0.23076923076923078,4.971508448138587,0.726801165356287
BA,5,40,0.6956521739130435,0.01374826552390358,0.6929125824047404,0.2301993683663277,3.010054229610544,0.2564102564102564,4.948184075878849,0.7067725824047406
DDOG,5,40,0.875,0.023990129884397228,1.2091025461736202,0.5613744305541115,2.1538254690014305,0.23076923076923078,4.930070444537267,1.2217025461736202
ETSY,5,40,0.7368421052631579,0.020890878189754387,1.052900260763621,0.44625933101773746,2.3593910257571094,0.2564102564102564,4.7810781580426,1.066760260763621
NET,3,42,0.7241379310344828,0.015944243773675325,1.3393164769887274,0.6672410645844997,2.007245279219645,0.24390243902439024,4.703638965321755,1.3613164769887276
SLV,5,40,0.4827586206896552,0.014515301362459659,0.7315711886679668,0.384104702568919,1.9046139861739984,0.10256410256410256,4.607658243353912,0.7378711886679667
UAL,1,53,0.5384615384615384,0.003336468455610251,0.8407900508137832,0.31874689022763436,2.637798443188982,0.28846153846153844,4.503409419627948,0.9121108055307644
TGT,3,42,0.65,0.007117521853370996,0.5978718356831637,0.19873024075905932,3.008459273231717,0.2682926829268293,4.491007393984962,0.6198718356831637
SLV,3,42,0.5882352941176471,0.007904328837378467,0.6639636223397912,0.34367344994918275,1.9319607681011384,0.07317073170731707,4.452618017555926,0.6719636223397912
XLI,5,40,0.59375,0.007209680240668766,0.3633678841297058,0.14131609196292116,2.571312856748452,0.07692307692307693,4.384026643238262,0.3684078841297058
QS,1,53,0.5454545454545454,0.002049091667827195,0.5163711002924531,0.2199052587533907,2.3481525781588033,0.15384615384615385,4.301936102657299,0.5544088361415097
XYZ,1,51,0.5161290322580645,0.0036185317171397195,0.9118699927192093,0.3435282964707227,2.6544246924850445,0.36,4.224600251037993,1.0057523456603858
QS,5,40,0.6428571428571429,0.0171048856941939,0.8620862389873726,0.35271120774541204,2.4441702448242837,0.3076923076923077,4.091179076542282,0.8772062389873725
NOK,3,42,0.6,0.00810161609119318,0.6805357516602272,0.36427736253840065,1.868180188079867,0.14634146341463414,4.028659272396781,0.6925357516602271
XYZ,5,38,0.6956521739130435,0.01604797172292703,0.8088177748355222,0.33444546652160845,2.418384627089166,0.2972972972972973,3.988919173540649,0.8234072485197328
ASAN,5,40,0.75,0.020734140547392376,1.0450006835885757,0.5588192751495445,1.8700154594862983,0.23076923076923078,3.979371937191682,1.0563406835885758
HY,5,40,0.6521739130434783,0.016196397997486813,0.8162984590733353,0.32374463543162024,2.52142698205651,0.358974358974359,3.802236879800937,0.8351984590733353
AAPL,1,60,0.5476190476190477,0.0021045400175906718,0.5303440844328493,0.191586235321741,2.76817425605871,0.288135593220339,3.7555524787696406,0.6059440844328492
NET,1,53,0.6296296296296297,0.0051028389069351105,1.2859154045476477,0.6852315845581598,1.8766143206560033,0.3269230769230769,3.7218463216512325,1.366745593226893
V,5,40,0.64,0.009014595359766819,0.45433560613224766,0.17158883702141808,2.6478156389365615,0.23076923076923078,3.7152426062734762,0.4669356061322476
ALK,1,53,0.5172413793103449,0.003365840382502661,0.8481917763906707,0.4617045658432306,1.8370876944688257,0.23076923076923078,3.52198875994202,0.9052483801642552
LLY,5,40,0.6153846153846154,0.012580409920284159,0.6340526599823216,0.34521896681373515,1.836668088762424,0.1794871794871795,3.452046429887001,0.6441326599823215
PUBM,5,40,0.6666666666666666,0.010780209687787819,0.5433225682645061,0.30320965072638495,1.7919039415892404,0.15384615384615385,3.3674431729492653,0.5508825682645061
TSLA,3,42,0.625,0.009284089934816508,0.7798635545245867,0.35693776113301734,2.184872656927886,0.34146341463414637,3.30189571446507,0.8098635545245867
DNA,5,40,0.6,0.018678884192251916,0.9414157632894965,0.5548100296085634,1.6968254232060225,0.2564102564102564,3.251323619391447,0.9552757632894966
APLD,5,40,1.0,0.01217023955253128,0.6133800734475765,0.3279467266541624,1.8703649818539552,0.20512820512820512,3.234286621851317,0.6234600734475766
ASAN,3,42,0.5135135135135135,0.011448260611851604,0.9616538913955347,0.7213262167968463,1.3331747398089846,0.17073170731707318,3.1640211751395175,0.9756538913955348
IREN,3,42,0.6086956521739131,0.012569537326289721,1.0558411354083366,0.7129801938429403,1.4808842440873242,0.24390243902439024,3.081146368953075,1.0778411354083366
WMT,5,40,0.5769230769230769,0.005313835982060123,0.2678173334958302,0.12841839752363737,2.0855059606746322,0.07692307692307693,3.0526412592090164,0.2728573334958302
MSFT,1,60,0.4878048780487805,0.002207408633619183,0.5562669756720341,0.24393220158680962,2.280416329018668,0.3220338983050847,2.9971258971023107,0.6402669756720343
NVO,1,60,0.5,0.002475116199365904,0.6237292822402077,0.28294811154637706,2.204394575497898,0.3389830508474576,2.990187408246894,0.7077292822402078
AMZN,3,42,0.7272727272727273,0.004929047666383266,0.41404000397619434,0.1767520346384645,2.3424907375074233,0.2682926829268293,2.9100109295583145,0.43804000397619436
LLY,3,42,0.5789473684210527,0.0076752298373432455,0.6447193063368326,0.33259244349494155,1.9384664893826375,0.3170731707317073,2.7641645164483895,0.6727193063368326
DUOL,5,40,0.8,0.008412745975067932,0.42400239714342375,0.17318074546631496,2.4483229703263727,0.3333333333333333,2.7612993489197337,0.4403823971434237
TGT,1,53,0.5925925925925926,0.0021737330267905908,0.5477807227512289,0.21362128547687778,2.5642609608325775,0.4807692307692308,2.737141569333834,0.6666486472795309
NVMI,1,53,0.5517241379310345,0.0021025092608108597,0.5298323337243367,0.3684538377781651,1.437988370318815,0.15384615384615385,2.668586478281267,0.5678700695733933
XLI,3,42,0.631578947368421,0.0032732790811032995,0.27495544281267714,0.15831822758371,1.7367263833679276,0.07317073170731707,2.5757728187472404,0.28295544281267715
NET,5,40,0.7241379310344828,0.018276588235222765,0.9211400470552273,0.719117561522048,1.2809310971429884,0.23076923076923078,2.559173027766085,0.9324800470552272
XLF,5,40,0.5,0.0045587884908188814,0.22976293993727162,0.1106792502849663,2.0759350948411748,0.15384615384615385,2.536941419730508,0.2373229399372716
AMZN,5,40,0.75,0.009352413271177196,0.47136162886733063,0.24059886290119598,1.959118273393085,0.28205128205128205,2.5326415606193424,0.48648162886733065
ZM,3,42,0.5185185185185185,0.005434484548481673,0.4564967020724605,0.3515211129198131,1.298632387342816,0.12195121951219512,2.481704370115933,0.4684967020724606
AI,1,53,0.5625,0.002343455452654825,0.5905507740690159,0.48040504539895046,1.2292767940823672,0.15384615384615385,2.4084352951917674,0.6285885099180725
QUBT,3,42,0.7142857142857143,0.004191539881865477,0.35208935007670006,0.2504765381562747,1.4056779635665044,0.12195121951219512,2.359159339526412,0.36208935007670007
V,3,42,0.48,0.003633932643949125,0.30525034209172647,0.20447355422806182,1.4928597648929316,0.14634146341463414,2.156072677362761,0.3172503420917265
IREN,5,40,0.6,0.018616168476852508,0.9382548912333664,0.7065026836698437,1.3280273563289435,0.358974358974359,2.147018197899156,0.9571548912333664
QUBT,5,40,0.6666666666666666,0.007535794313381722,0.37980403339443874,0.30582071292267665,1.2419172977680815,0.1282051282051282,2.1375671354987995,0.3861040333944388
CI,5,40,0.6666666666666666,0.007338464236105032,0.3698585974996936,0.18360042805606305,2.014475681869085,0.358974358974359,2.0447874642517356,0.3887585974996936
COST,3,42,0.6842105263157895,0.0019507898987660244,0.16386635149634604,0.08717771872685141,1.8796815733361687,0.14634146341463414,1.9890489873467982,0.17586635149634605
QS,3,42,0.631578947368421,0.00636027714797977,0.5342632804303007,0.4944182852280345,1.0805896472536185,0.17073170731707318,1.911531125195339,0.5482632804303007
CRWD,1,60,0.6666666666666666,0.002198367873691584,0.5539887041702791,0.38058976509399556,1.4556058911186396,0.3220338983050847,1.9091650030887126,0.6379887041702792
COST,5,40,0.6428571428571429,0.006077277980117357,0.30629481019791477,0.19616990206040558,1.5613751497087407,0.20512820512820512,1.907938590059788,0.31637481019791475
GM,1,53,0.5,0.0014081149757957294,0.35484497390052383,0.1938390762026283,1.8306163073620365,0.3269230769230769,1.9071895875692804,0.4356751625797692
CI,3,42,0.5714285714285714,0.0037829914808732864,0.31777128439335606,0.15119668321705695,2.101708037716447,0.3902439024390244,1.8965384278360269,0.3497712843933561
NVDA,1,60,0.5263157894736842,0.0015952380582748588,0.40199999068526443,0.3014581752083564,1.3335182912436108,0.23728813559322035,1.7356972947356768,0.4649999906852647
TSLA,5,40,0.5333333333333333,0.008101849214831114,0.40833320042748816,0.34211149939602714,1.1935675975474973,0.20512820512820512,1.6839984079458588,0.4184132004274882
TSM,1,60,0.5483870967741935,0.0016223880329960588,0.40884178431500684,0.3234664936515978,1.2639385912884251,0.2542372881355932,1.602817176862723,0.4760417843150068
DUOL,1,59,0.5526315789473685,0.0018450749116857264,0.46495887774480305,0.44546100663992166,1.0437700961795788,0.20689655172413793,1.564715901726745,0.5162131150329388
ZM,1,60,0.6,0.0015568232992973477,0.3923194714229316,0.31996971980357436,1.2261143700215504,0.2542372881355932,1.5231100731503084,0.4595194714229317
ROST,3,42,0.5294117647058824,0.0019291939837392448,0.16205229463409657,0.08993812691204171,1.801819764298422,0.24390243902439024,1.4686924666464898,0.18205229463409656
VKTX,3,42,0.59375,0.003964909456108993,0.3330523943131555,0.3780638088468948,0.8809422814867538,0.04878048780487805,1.4379663670524616,0.3390523943131555
TJX,1,53,0.5333333333333333,0.0010844073906107487,0.2732706624339087,0.17807235596263735,1.534604632800195,0.3269230769230769,1.4030405431704716,0.35410085111315387
LLY,1,53,0.4444444444444444,0.001745993796533758,0.439990436726507,0.3621448113092313,1.2149571745508296,0.36538461538461536,1.3332373136369151,0.5350847763491485
OPEN,3,42,0.5161290322580645,0.006471232523539065,0.5435835319772815,0.5090522300814244,1.0678344968459006,0.36585365853658536,1.3016175367544633,0.5735835319772815
TSLA,1,60,0.5853658536585366,0.0015804532789038212,0.3982742262837629,0.3516939362502536,1.1324455307081678,0.3050847457627119,1.2938924440106165,0.4780742262837629
GLD,1,48,0.5,0.0010650883792361976,0.2684022715675218,0.2443351433299801,1.0985004772933482,0.2127659574468085,1.2337929163125103,0.32615227156752186
BETR,5,40,0.6363636363636364,0.01599955807511053,0.8063777269855706,1.1701771135864156,0.6891074159826499,0.2564102564102564,1.222048631439656,0.8202377269855707
CRM,5,40,0.5833333333333334,0.006677903782849335,0.33656635065560647,0.3027372385579772,1.1117441391048122,0.28205128205128205,1.2144402608736495,0.35168635065560644
VZ,3,42,0.5,0.0019033206545744856,0.1598789349842568,0.10579413554358229,1.5112268195470444,0.2926829268292683,1.1169316074597087,0.1838789349842568
AI,5,40,0.631578947368421,0.0067363640452808085,0.33951274788215274,0.34256047374850507,0.9911031012042859,0.28205128205128205,1.0873837506305677,0.3533727478821527
XLF,1,48,0.5517241379310345,0.0005339611370442069,0.13455820653514014,0.08798756438806539,1.5292866380716816,0.2765957446808511,1.066648290750951,0.20805820653514018
NOK,1,53,0.6,0.0009488108492721024,0.2391003340165698,0.2715412580339592,0.8805304053893266,0.19230769230769232,0.9818295984721788,0.2866475038278906
V,1,53,0.4482758620689655,0.0008252218189005558,0.20795589836294007,0.20826163874802184,0.9985319409425579,0.25,0.9107047017967356,0.26976721911765705
COIN,1,48,0.6086956521739131,0.0014839497369474911,0.3739553337107678,0.5233208325544293,0.7145814010220463,0.23404255319148937,0.9032628749460725,0.43695533371076783
WMT,3,42,0.5172413793103449,0.001616463429614916,0.13578292808765294,0.16701689541960418,0.8129891754155727,0.12195121951219512,0.8473295289385806,0.14778292808765295
XLV,3,42,0.5151515151515151,0.0014165426682092091,0.11898958412957357,0.09996071930650596,1.1903634243039016,0.24390243902439024,0.8314305454322565,0.14098958412957358
SHOP,3,42,0.5263157894736842,0.004819740437729261,0.40485819676925794,0.4677887715577957,0.8654722417150565,0.4878048780487805,0.7884634065641337,0.444858196769258
GME,3,42,0.5652173913043478,0.0028631392850520026,0.2405036999443682,0.24753585432248698,0.9715913704809915,0.3902439024390244,0.7627399023077118,0.27450369994436824
ABNB,3,42,0.5161290322580645,0.00264087828669535,0.2218337760824094,0.21729536026015872,1.0208859306375295,0.4146341463414634,0.7467212700920458,0.25583377608240937
GLD,3,42,0.5757575757575758,0.0013866696649807427,0.11648025185838239,0.15293635226504657,0.7616256706352987,0.0975609756097561,0.7352122211500769,0.12648025185838238
CRM,1,53,0.5588235294117647,0.0011694499314233023,0.2947013827186722,0.4049283025251647,0.7277865757490677,0.3076923076923077,0.7122571340601386,0.37553157139791754
KVUE,3,42,0.42105263157894735,0.0009135410981334607,0.0767374522432107,0.06933881487363386,1.106702679921202,0.1951219512195122,0.6940353390546881,0.0927374522432107
ABNB,1,53,0.6363636363636364,0.0006136845884730092,0.15464851629519832,0.15581917346666949,0.9924870788014957,0.3269230769230769,0.6826136231267053,0.23547870497444365
META,3,42,0.6296296296296297,0.002489858388502696,0.20914810463422645,0.2771114832512443,0.7547435500700685,0.2682926829268293,0.6663800130872236,0.23114810463422647
ONTO,3,42,0.5238095238095238,0.003356485375718822,0.28194477156038106,0.423249948096388,0.6661424834863132,0.2926829268292683,0.6538083455604711,0.3059447715603811
LYFT,1,53,0.5,0.0007546278721019717,0.19016622376969686,0.2865354011202559,0.663674446599658,0.23076923076923078,0.602466407547915,0.24722282754328184
OKLO,1,53,0.43478260869565216,0.0016110882621834172,0.40599424207022117,0.7263170059802485,0.5589766434317274,0.36538461538461536,0.589221343475727,0.5010885816928627
VZ,1,53,0.5294117647058824,0.0004155815561331712,0.10472655214555913,0.1119708665062108,0.9353017924510763,0.3269230769230769,0.5293676291336442,0.18555674082480444
GM,3,42,0.5,0.0011393035728750685,0.09570150012150576,0.15956884423559992,0.5997505376438309,0.14634146341463414,0.4850051183624709,0.10770150012150576
ADSK,5,40,0.52,0.0029857707027688197,0.1504828434195485,0.2592662736724168,0.5804181210614526,0.23076923076923078,0.46870059638178996,0.1618228434195485
COIN,3,42,0.38461538461538464,0.002840596403918764,0.23861009792917615,0.5137693071298067,0.4644304255195415,0.2682926829268293,0.43798643346624766,0.26061009792917617
GLD,5,40,0.5,0.0016736463320610128,0.08435177513587504,0.16658819218201695,0.5063490637062135,0.05128205128205128,0.4159509475843933,0.08813177513587506
VZ,5,40,0.47619047619047616,0.001406569368785747,0.07089109618680164,0.10161461072406151,0.6976466836969855,0.20512820512820512,0.41012731053717505,0.08097109618680165
CAVA,3,42,0.4827586206896552,0.0025375080936363287,0.2131506798654516,0.4306607398919332,0.4949387304701563,0.3170731707317073,0.4058028131073033,0.24115067986545163
AXP,3,42,0.7391304347826086,0.0008958787866822963,0.07525381808131289,0.14496955368321626,0.5191008468285389,0.07317073170731707,0.4027736034306598,0.0812538180813129
KVUE,5,40,0.52,0.001284404371315286,0.06473398031429042,0.08687996385053061,0.7450967685214462,0.23076923076923078,0.3946298063457661,0.07607398031429041
ROST,5,40,0.5185185185185185,0.001446491385178781,0.07290316581301057,0.15721973761860908,0.4637023755240099,0.07692307692307693,0.35412575074208724,0.07794316581301057
PLTR,1,60,0.5652173913043478,0.0006124514832057883,0.15433777376785865,0.3437968980325311,0.44892136796782484,0.288135593220339,0.3285548924200042,0.2257377737678587
XLE,3,42,0.5555555555555556,0.001163312087547078,0.09771821535395456,0.2660669417529037,0.3672692846024646,0.12195121951219512,0.3247262265684824,0.10971821535395457
CI,1,53,0.5161290322580645,0.00045320339371513624,0.11420725521621433,0.2052612396505694,0.5563995200001586,0.38461538461538464,0.3031937661544019,0.2093015948388559
LYFT,5,40,0.46153846153846156,0.0018616672681220085,0.09382803031334923,0.16051582086421817,0.5845407001514152,0.358974358974359,0.2988473030131535,0.11146803031334923
HY,1,53,0.5,0.0006874099450384943,0.17322730614970058,0.4117689619914167,0.4206905379947299,0.38461538461538464,0.2823303678638691,0.2683216457723422
COIN,5,40,0.42857142857142855,0.003220895714946816,0.16233314403331953,0.5289477311687409,0.30689827078875065,0.20512820512820512,0.27301427250205557,0.17367314403331952
XLF,3,42,0.5172413793103449,0.0005500388195782467,0.04620326084457273,0.0830867392495173,0.5560846563712168,0.1951219512195122,0.2705977372331459,0.062203260844572734
COST,1,53,0.4444444444444444,0.00024519170928544615,0.06178831073993243,0.13419484043103555,0.46043730549898626,0.34615384615384615,0.1945311185591432,0.14737321640030981
AZN,1,53,0.4473684210526316,0.00015766549455146448,0.039731704626969046,0.181347813522759,0.21909116991908342,0.25,0.08734206773736852,0.10154302538168607
GME,5,40,0.5555555555555556,0.0005986157890461238,0.03017023576792464,0.17890801607932125,0.16863546099884236,0.28205128205128205,0.055153644709861824,0.044030235767924655
MP,3,42,0.48148148148148145,0.0005861296110653075,0.04923488732948583,0.5276338528797067,0.093312601268423,0.14634146341463414,0.05412439735510696,0.06323488732948584
XLE,1,48,0.5555555555555556,0.00013404734508359203,0.03377993096106519,0.21326669002869952,0.15839290681784104,0.3191489361702128,0.051530980648836135,0.11252993096106523
AXP,1,60,0.4166666666666667,6.646184799646732e-05,0.016748385695109762,0.16448439531541262,0.1018235539182506,0.2542372881355932,0.02613455466729962,0.08394838569510978
OKLO,5,40,0.5714285714285714,0.0006066562420000893,0.030575474596804497,0.6159016905526802,0.049643433466415,0.1282051282051282,0.02424352216667434,0.0368754745968045
LYFT,3,42,0.5238095238095238,0.00023318527740364602,0.019587563301906266,0.21010734246185409,0.09322645783053714,0.36585365853658536,0.021571268705525254,0.049587563301906286
BA,1,53,0.5384615384615384,7.750282389065227e-05,0.019530711620444372,0.23873029199437817,0.0818107809330887,0.28846153846153844,0.02128754673024043,0.0908514663374255
PLTR,3,42,0.4782608695652174,0.00020373274517248964,0.01711355059448913,0.3136653347275046,0.054559904139092875,0.0975609756097561,0.020187784201246745,0.027113550594489135
ADSK,1,53,0.5333333333333333,3.8986400453006214e-05,0.009824572914157566,0.28983214806208546,0.03389745747615626,0.25,0.0067197630647786956,0.0716358936688746
TGT,5,40,0.6,-6.571876387342427e-05,-0.003312225699220583,0.18219380748375114,-0.01817968318992391,0.28205128205128205,-0.001970072609186607,0.01054777430077943
XLV,5,40,0.53125,-6.378464914647362e-05,-0.0032147463169822704,0.09153357584353423,-0.03512095192782042,0.1794871794871795,-0.004700271188370299,0.006865253683017739
OPEN,5,40,0.4444444444444444,-0.00042011573168883873,-0.021173832877117472,0.5347706188290762,-0.039594233736100354,0.28205128205128205,-0.010848448806635868,-0.00731383287711746
ORIC,1,53,0.45161290322580644,-9.811254723287783e-05,-0.02472436190268521,0.32249770301274877,-0.0766652341139553,0.28846153846153844,-0.022444867941276314,0.04659639281429605
TJX,5,40,0.3611111111111111,-0.00036383079240002655,-0.01833707193696134,0.22647867113286957,-0.0809659993377629,0.1794871794871795,-0.025879206647916604,-0.00825707193696133
XLI,1,48,0.4411764705882353,-8.005927807515545e-05,-0.020174938074939173,0.1824286893266068,-0.11059081852426983,0.19148936170212766,-0.03589656166519077,0.03232506192506084
OPEN,1,60,0.4722222222222222,-0.00026652949031608254,-0.06716543155965281,0.5245578024691988,-0.12804200269920998,0.423728813559322,-0.050977832335116775,0.03783456844034729
PLTR,5,40,0.4117647058823529,-0.0006143179803024292,-0.030961626207242427,0.24375488780168747,-0.12701950917362523,0.1794871794871795,-0.052755239052503414,-0.022141626207242422
XLV,1,48,0.4583333333333333,-0.0001257433952587041,-0.031687335605193434,0.1146928740267475,-0.2762798985907672,0.425531914893617,-0.07539214172460061,0.0785626643948066
SHOP,5,40,0.48148148148148145,-0.001416338689328817,-0.07138346994217237,0.5665319299346012,-0.1260007886058826,0.1282051282051282,-0.09401981497193104,-0.06508346994217237
MRNA,1,60,0.35135135135135137,-0.0003550648948487658,-0.08947635350188898,0.4501607926991067,-0.19876531886617707,0.3220338983050847,-0.10477169099922563,-0.005476353501888918
PYPL,5,40,0.29411764705882354,-0.0008959456231372778,-0.0451556594061188,0.15798844240564014,-0.2858162199623455,0.28205128205128205,-0.1143612586337615,-0.03129565940611885
NIO,5,40,0.4444444444444444,-0.0014388915033564647,-0.07252013176916582,0.2692624522382207,-0.26932879488524497,0.3333333333333333,-0.12562402597182198,-0.056140131769165796
META,1,60,0.5365853658536586,-0.0003335423315057779,-0.08405266753945603,0.3145922203329426,-0.2671797396976331,0.2542372881355932,-0.1536242052643057,-0.016852667539455975
GME,1,53,0.5185185185185185,-0.0003462527716281929,-0.0872556984503046,0.34678240511085995,-0.2516151256936192,0.21153846153846154,-0.16159911341675093,-0.034953811657851726
SMCI,1,60,0.41379310344827586,-0.0005885455392546789,-0.14831347589217908,0.9684893513824074,-0.15313898462639636,0.1016949152542373,-0.16680960859039257,-0.12311347589217907
TJX,3,42,0.3235294117647059,-0.0008941729353657375,-0.07511052657072195,0.2142371946682709,-0.3505951741340927,0.21951219512195122,-0.20508174815961858,-0.05711052657072193
ONTO,5,40,0.5,-0.0019766356072107366,-0.09962243460342111,0.2592658213613063,-0.3842482363480908,0.3333333333333333,-0.2100637362287567,-0.08198243460342115
XLU,1,48,0.5111111111111111,-0.0002199290722627588,-0.055422126210215215,0.1506937717845334,-0.36777980638416485,0.1276595744680851,-0.24232754086032107,-0.0186721262102152
GM,5,40,0.4166666666666667,-0.0010722005447962649,-0.05403890745773175,0.10305684182972975,-0.5243602122701828,0.15384615384615385,-0.3107704301583012,-0.04647890745773175
TPR,1,53,0.4166666666666667,-0.0005282861990654615,-0.1331281221644963,0.25620956718625004,-0.5196063660952972,0.3269230769230769,-0.33157866411026665,-0.05229793348525101
ABNB,5,40,0.375,-0.0021694209884813753,-0.10933881781946131,0.16518540488158379,-0.6619157297694845,0.3333333333333333,-0.3790971470764381,-0.09295881781946132
ROST,1,53,0.56,-0.0004050625771358908,-0.10207576943824448,0.18011873456110236,-0.5667137829219921,0.19230769230769232,-0.4128827874812871,-0.054528599626923704
MRNA,3,42,0.5161290322580645,-0.0028571150904608995,-0.23999766759871555,0.5279947447218579,-0.4545455612917962,0.24390243902439024,-0.45089234282479046,-0.21999766759871553
WMT,1,53,0.5833333333333334,-0.0004748213840521681,-0.11965498878114636,0.20651598161739643,-0.5793982036839462,0.19230769230769232,-0.4570294873090386,-0.0721078189698256
SMMT,1,53,0.5483870967741935,-0.0011475750584361262,-0.2891889147259038,0.8043266447875368,-0.3595416322460549,0.17307692307692307,-0.46475109695954087,-0.24639646189571507
MRNA,5,40,0.5,-0.004131427054892769,-0.20822392356659555,0.5647381369682584,-0.368708804906333,0.02564102564102564,-0.47587601393418444,-0.20570392356659561
PYPL,3,42,0.3333333333333333,-0.0017340554008403958,-0.14566065367059325,0.2669698342352128,-0.5456071622768416,0.17073170731707318,-0.5039577152961968,-0.13166065367059324
LULU,3,42,0.5555555555555556,-0.0028398378879044353,-0.23854638258397257,0.3983053977018574,-0.5989032133642616,0.3170731707317073,-0.5194733987082366,-0.21254638258397254
META,5,40,0.5263157894736842,-0.003878066100057751,-0.19545453144291064,0.2501991713089272,-0.7811957586445321,0.2564102564102564,-0.6820481763104564,-0.18159453144291066
XLU,5,40,0.5625,-0.0022133256851352328,-0.11155161453081573,0.12450233458975947,-0.8959801026895045,0.1794871794871795,-0.7063493973334158,-0.10147161453081574
VKTX,5,40,0.5357142857142857,-0.003842427845332007,-0.19365836340473314,0.30433227248190253,-0.6363385710802303,0.15384615384615385,-0.7139422036255129,-0.18483836340473314
SMMT,3,42,0.5,-0.004419383884542065,-0.3712282463015335,0.8206706626211612,-0.45234740707783805,0.14634146341463414,-0.7204584099327024,-0.3572282463015335
CRM,3,42,0.48,-0.002454478546845441,-0.20617619793501704,0.3143689075099214,-0.6558415702370635,0.17073170731707318,-0.7207109366238902,-0.190176197935017
ASTS,1,53,0.43243243243243246,-0.0020312577039952955,-0.5118769414068145,0.9352625831157733,-0.5473082647030806,0.28846153846153844,-0.7290726920742256,-0.4405561866898333
BETR,1,53,0.6,-0.0018531909671834173,-0.46700412373022115,0.9013887048653277,-0.5180940488931399,0.23076923076923078,-0.7370212509709512,-0.4099475199566362
XLU,3,42,0.42424242424242425,-0.0017306961783369486,-0.14537847898030368,0.1464912736981763,-0.9924036791422445,0.24390243902439024,-0.7661791941527825,-0.12337847898030369
PYPL,1,60,0.425,-0.0009255247940782231,-0.23323224810771223,0.26920213406506793,-0.8663833550863993,0.288135593220339,-0.7794817372407913,-0.15763224810771223
CAVA,5,40,0.5,-0.005684983375033997,-0.28652316210171347,0.49459720564369547,-0.5793060673054486,0.15384615384615385,-0.7905778149813724,-0.2777031621017135
SHOP,1,59,0.46153846153846156,-0.0013793347130317767,-0.3475923476840077,0.46544166615371,-0.7468010987422361,0.29310344827586204,-0.8132603287875074,-0.2749821781924825
JNJ,1,60,0.42857142857142855,-0.0006955111107878455,-0.17526879991853705,0.11346337982788857,-1.5447168961862452,0.4406779661016949,-0.9741829744591148,-0.06186879991853705
VKTX,1,53,0.4,-0.0013492982963856795,-0.34002317068919125,0.34992240049671086,-0.9717102140546939,0.3076923076923077,-1.0214866725052003,-0.26394769899107795
AXP,5,40,0.5,-0.0029544259433941004,-0.14890306754706265,0.09994927333008266,-1.4897863944974366,0.28205128205128205,-1.0824598259197276,-0.13504306754706266
OKLO,3,42,0.5714285714285714,-0.004464073912363973,-0.37498220863857373,0.5591657122298498,-0.6706101615980955,0.12195121951219512,-1.1615033180123235,-0.3649822086385738
ASTS,3,42,0.16666666666666666,-0.005301931119358284,-0.4453622140260958,0.45690527594148617,-0.9747364223544912,0.2926829268292683,-1.2023895229602568,-0.42136221402609586
TPR,5,40,0.34782608695652173,-0.005685992766326456,-0.28657403542285337,0.2591702822098317,-1.1057364794272009,0.23076923076923078,-1.2321997209598867,-0.27523403542285335
CAVA,1,53,0.4722222222222222,-0.0017821814172364306,-0.4491097171435805,0.42420715266758424,-1.0587037826198804,0.3269230769230769,-1.2408746196578573,-0.36827952846433515
PFE,1,60,0.45161290322580644,-0.0006820465949547139,-0.1718757419285879,0.12352339952651135,-1.3914427759227828,0.2033898305084746,-1.2791103883856167,-0.12147574192858784
PFE,3,42,0.4411764705882353,-0.002247941436470058,-0.18882708066348486,0.12379081743564109,-1.5253722737686595,0.21951219512195122,-1.414746607347411,-0.16882708066348484
UAL,5,40,0.0,-0.001936751894646424,-0.09761229549017977,0.059269901031513514,-1.6469117341410744,0.10256410256410256,-1.455350436049169,-0.09257229549017977
TPR,3,42,0.4375,-0.00408681594578099,-0.3432925394456031,0.24711376381842723,-1.3892084930479451,0.2926829268292683,-1.5045302280361965,-0.3172925394456032
NFLX,5,40,0.2,-0.002723806862472594,-0.13727986586861873,0.07305848087227308,-1.8790407934791693,0.1794871794871795,-1.643322930080013,-0.12845986586861874
XLE,5,40,0.45714285714285713,-0.005585917152525059,-0.28153022448726295,0.24473743969231335,-1.1503357428320158,0.07692307692307693,-1.7263630062199593,-0.27649022448726296
INSM,1,53,0.3939393939393939,-0.003664913913212135,-0.923558306129458,0.6660064685370324,-1.3867107149246927,0.28846153846153844,-2.4812702751400177,-0.852237551412477
NIO,3,42,0.375,-0.00542595896900573,-0.45578055339648127,0.24396138910074183,-1.8682487219658783,0.21951219512195122,-2.6920508758399833,-0.4357805533964813
PFE,5,40,0.3888888888888889,-0.00575046141952224,-0.2898232555439209,0.12485533165760708,-2.3212725615811762,0.20512820512820512,-2.759180189246115,-0.2784832555439209
BETR,3,42,0.5,-0.015956634255168183,-1.3403572774341272,1.1243190951895874,-1.1921502384588698,0.21951219512195122,-2.9458589724867994,-1.3223572774341272
ASTS,5,40,0.2,-0.016432592608650327,-0.8282026674759765,0.4330923608470539,-1.9123003367137557,0.3076923076923077,-3.137372564696604,-0.8130826674759764
KVUE,1,53,0.38095238095238093,-0.0010819028636617732,-0.27263952164276684,0.0998887744847577,-2.7294310401652755,0.19230769230769232,-3.249886573054261,-0.22509235183144605
ORIC,5,40,0.34615384615384615,-0.015934368203917526,-0.8030921574774433,0.43074731105647235,-1.8644159507525175,0.2564102564102564,-3.2995734908031307,-0.789232157477443
BSX,1,60,0.40625,-0.003415863788394433,-0.8607976746753971,0.40323567241465913,-2.1347260015979277,0.3389830508474576,-3.4017601596072273,-0.7725976746753972
FSLY,1,53,0.3793103448275862,-0.0073326787187773515,-1.8478350371318926,1.2516898687078861,-1.476272264662016,0.34615384615384615,-3.410856737712102,-1.762250131471515
JNJ,5,40,0.20689655172413793,-0.00738027199502083,-0.37196570854904987,0.13574382609924465,-2.7402035086081877,0.23076923076923078,-3.478927025068566,-0.3593657085490498
AZN,5,40,0.2857142857142857,-0.008965268496979909,-0.4518495322477874,0.18580935201235566,-2.431791120060206,0.20512820512820512,-3.609196244466018,-0.4405095322477873
AZN,3,42,0.32142857142857145,-0.004638890288084433,-0.38966678419909234,0.17326841054125797,-2.248919944390593,0.14634146341463414,-3.669754340794226,-0.3756667841990924
ABT,3,42,0.3333333333333333,-0.007055857625885455,-0.5926920405743782,0.217427831569367,-2.7259253624358983,0.2926829268292683,-3.8790896188449344,-0.5666920405743782
ABT,5,40,0.3,-0.011245881470564514,-0.5667924261164514,0.23390239241363112,-2.4232006362471927,0.20512820512820512,-4.027992966193745,-0.5554524261164515
SLV,1,60,0.425,-0.00411659646458733,-1.037382309076007,0.4327346177019617,-2.397271368269607,0.3389830508474576,-4.193702564492415,-0.9491823090760071
BSX,3,42,0.42424242424242425,-0.013186517077793164,-1.1076674345346258,0.4759956557220891,-2.3270536636606183,0.2926829268292683,-4.527019838862199,-1.0816674345346258
LULU,5,40,0.43333333333333335,-0.02100198273957961,-1.0584999300748124,0.4629913746767826,-2.2862195452642253,0.2564102564102564,-4.645106264311254,-1.0446399300748124
ABT,1,53,0.3870967741935484,-0.0027415214482516565,-0.6908634049594174,0.2030064041579604,-3.403160643256618,0.36538461538461536,-4.6795427138017684,-0.6005237823179079
SMMT,5,40,0.3125,-0.02735579061553321,-1.3787318470228738,0.6567189369723673,-2.0994245321737792,0.20512820512820512,-5.442863982605415,-1.3673918470228736
NFLX,3,42,0.07142857142857142,-0.004691489404020206,-0.3940851099376973,0.10768447209415466,-3.6596280064699234,0.17073170731707318,-5.560000924419066,-0.3800851099376973
BSX,5,40,0.3333333333333333,-0.021159916606403706,-1.0664597969627467,0.38456547706068184,-2.773155315744753,0.2564102564102564,-5.655600723313699,-1.0525997969627465
NIO,1,53,0.36363636363636365,-0.0036863386322885097,-0.9289573353367044,0.32163064724531737,-2.888273686892035,0.23076923076923078,-5.794917756676394,-0.8719007315631194
INSM,5,40,0.32,-0.026408669760381098,-1.3309969559232073,0.5221183329440264,-2.5492247100733323,0.2564102564102564,-5.808031380112834,-1.3171369559232073
LULU,1,53,0.40540540540540543,-0.00470298591497443,-1.1851524505735564,0.38571311733451097,-3.0726267718443423,0.28846153846153844,-6.2280624972243865,-1.1138316958565753
NFLX,1,60,0.25,-0.0028914693550528923,-0.7286502774733289,0.23086491845837062,-3.156175837970456,0.1864406779661017,-6.239509083931305,-0.6782502774733289
FSLY,3,42,0.4,-0.022912224405879214,-1.924626850093854,1.1791510467621897,-1.6322140029291863,0.12195121951219512,-6.404649432582161,-1.912626850093854
FSLY,5,40,0.4473684210526316,-0.04735066048025115,-2.3864732882046575,1.2336564109678332,-1.9344715975920814,0.02564102564102564,-8.452508963991992,-2.3839532882046575
JNJ,3,42,0.27586206896551724,-0.006071881695594856,-0.510038062429968,0.11168489432213075,-4.566759592025707,0.0975609756097561,-9.22474642276037,-0.500038062429968
ORIC,3,42,0.3103448275862069,-0.02390597015342452,-2.00810149288766,0.5130192736217949,-3.914280800233757,0.2682926829268293,-10.70878977225897,-1.9861014928876601
INSM,3,42,0.2916666666666667,-0.02567658717751354,-2.156833322911137,0.6273325144160279,-3.4381022397968533,0.07317073170731707,-14.281442417067307,-2.1508333229111374
