date,open,high,low,close,volume,ret_1d,ret_2d,ret_3d,gap,vol20,rvol,red,vol_max20,below_1,up_streak,FLAG_ramp,FLAG_ignition,FLAG_top
2026-01-12,0.9752,1.02,0.95,0.9826,43663970.0,,,,,,,False,False,True,0,False,False,False
2026-01-13,0.98,0.98,0.941483,0.947,35359837.0,-0.03623040911866482,,,-0.0026460411154081154,,,True,False,True,0,False,False,False
2026-01-14,0.9354,0.9874,0.9001,0.9619,46106607.0,0.01573389651531154,-0.021066558111133782,,-0.012249208025343128,,,False,False,True,2,False,False,False
2026-01-15,0.9798,1.11,0.9796,1.04,86188842.0,0.08119347125480836,0.09820485744456198,0.058416446163240376,0.018609003014866454,,,False,False,False,3,True,False,False
2026-01-16,1.035,1.04,0.975,0.9854,50788025.0,-0.05249999999999999,0.02443081401393088,0.04054910242872234,-0.004807692307692402,,,True,False,True,0,False,False,False
2026-01-20,0.9415,0.97,0.921,0.926,38315816.0,-0.06028008930383599,-0.10961538461538456,-0.03732196694043033,-0.044550436371016855,,,True,False,True,0,False,False,False
2026-01-21,0.9354,0.9753,0.902,0.9359,31633729.0,0.01069114470842325,-0.050233407753196735,-0.10009615384615389,0.010151187904967607,,,False,False,True,2,False,False,False
2026-01-22,0.93775,1.02,0.9311,0.9341,48253285.0,-0.0019232824019659311,0.0087473002159828,-0.052060077126040216,0.001976706913131787,,,True,False,True,0,False,False,False
2026-01-23,0.94,0.9543,0.91,0.9151,35520354.0,-0.02034043464297186,-0.022224596644940586,-0.01177105831533476,0.006316240231238446,,,True,False,True,0,False,False,False
2026-01-26,0.91675,0.91675,0.88,0.8828,36061356.0,-0.03529668888646054,-0.054919173536024046,-0.05673683085799752,0.0018030816304228647,45189182.1,0.7980086012665407,True,False,True,0,False,False,False
2026-01-27,0.891,0.891,0.8501,0.8501,31775328.0,-0.037041232442229344,-0.07103048847120541,-0.08992613210577038,0.009288627095604962,43969740.81818182,0.7226635274334086,True,False,True,0,False,False,False
2026-01-28,0.8645,0.91,0.83,0.83,51553055.0,-0.02364427714386541,-0.059809696420480396,-0.09299530105999354,0.01693918362545599,44601683.666666664,1.1558544602325962,True,False,True,0,False,False,False
2026-01-29,0.835,0.837,0.7704,0.7761,39456414.0,-0.06493975903614457,-0.08704858251970349,-0.1208654281830539,0.006024096385542244,44205893.692307696,0.8925600345201447,True,False,True,0,False,False,False
2026-01-30,0.7793,0.80225,0.751,0.7632,44856942.0,-0.0166215693853885,-0.08048192771084339,-0.10222326785084102,0.004123180002576943,44252397.14285714,1.0136612906006255,True,False,True,0,False,False,False
2026-02-02,0.7643,0.7643,0.7263,0.7332,25456104.0,-0.03930817610062898,-0.055276381909547756,-0.11662650602409641,0.001441299790356343,42999310.93333333,0.5920119054807056,True,False,True,0,False,False,False
2026-02-03,0.7574,0.7788,0.722,0.7554,23306194.0,0.03027823240589189,-0.010220125786163603,-0.026671820641669952,0.03300600109110752,41768491.125,0.5579850593657278,True,False,True,2,False,False,False
2026-02-04,0.7466,0.7669,0.7111,0.7123,31136350.0,-0.057055864442679294,-0.028505182760501846,-0.06669287211740038,-0.011649457241196592,41143071.058823526,0.7567823499486316,True,False,True,0,False,False,False
2026-02-05,0.69555,0.7185,0.6633,0.6661,26572004.0,-0.06486031166643269,-0.1182155149589621,-0.09151663938897969,-0.02351537273620674,40333567.333333336,0.6588061943640624,True,False,True,0,False,False,False
2026-02-06,0.689,0.7426,0.6835,0.7289,31003953.0,0.09428013811739966,0.02330478730871821,-0.035080751919512765,0.03437922233898805,39842535.0,0.7781621576036766,False,False,True,2,False,False,False
2026-02-09,0.75,0.77,0.7112,0.7698,24066771.0,0.05611194951296472,0.15568232998048348,0.08072441387056006,0.02894772945534374,39053746.8,0.6162474275067508,False,False,True,3,False,False,False
2026-02-10,0.7672,0.82,0.75,0.75,37692004.0,-0.025720966484801266,0.02894772945534374,0.1259570635039784,-0.0033775006495194715,38755148.5,0.9725676576881134,True,False,True,0,False,False,False
2026-02-11,0.7586,0.7587,0.7,0.7089,28114243.0,-0.05480000000000007,-0.07911145752143423,-0.027438606118809217,0.011466666666666736,38392868.8,0.7322777348693464,True,False,True,0,False,False,False
2026-02-12,0.71,0.7191,0.69,0.6915,19950766.0,-0.02454506982649174,-0.07799999999999996,-0.10171473109898677,0.0015516998166171803,37085076.75,0.5379728922901582,True,False,True,0,False,False,False
2026-02-13,0.70375,0.7399,0.6979,0.7108,14377254.0,0.027910339840925502,0.002680208774157089,-0.052266666666666683,0.017715112075198824,33494497.35,0.42924226776014,False,False,True,2,False,False,False
2026-02-17,0.721,0.7345,0.6815,0.6994,15814117.0,-0.016038266741699392,0.011424439624005744,-0.013401043870785667,0.014350028137310122,31745801.95,0.4981482913837683,True,False,True,0,False,False,False
2026-02-18,0.74,0.7426,0.692,0.7129,21349889.0,0.019302259079210682,0.0029544175576814435,0.030947216196673955,0.058049756934515306,30897505.6,0.6909906992621436,True,False,True,2,False,False,False
2026-02-19,0.705,0.818,0.6975,0.79,49897576.0,0.1081498106326273,0.1295396053760367,0.11142374788970177,-0.011081498106326304,31810697.95,1.5685784725135212,False,False,True,3,True,False,False
2026-02-20,0.75,0.7699,0.725,0.725,23569553.0,-0.08227848101265833,0.016972927479309785,0.03660280240205882,-0.05063291139240511,30576511.35,0.7708385279866141,True,False,True,0,False,False,False
2026-02-23,0.7177,0.7201,0.691,0.691,19645506.152989,-0.04689655172413798,-0.12531645569620264,-0.03071959601627161,-0.010068965517241346,29782768.95764945,0.6596265841139402,True,False,True,0,False,False,False
2026-02-24,0.70105,0.75,0.7,0.7237,22043447.009806,0.047322720694645604,-0.001793103448275768,-0.08392405063291142,0.014544138929088346,29081873.508139748,0.7579789178175279,False,False,True,2,False,False,False
2026-02-25,0.7444,0.8,0.7332,0.7967,39708881.972933,0.10087052646124084,0.1529667149059335,0.0988965517241378,0.02860301229791351,29478551.2067864,1.3470432008134587,False,False,True,3,True,False,False
2026-02-26,0.7852,0.82,0.75,0.82,35309617.29035,0.029245638257813455,0.13306618764681488,0.18668596237337187,-0.014434542487761992,28666379.321303897,1.2317431823037752,False,False,True,4,False,False,False
2026-02-27,0.7905,1.05,0.79,0.9456,148107242.746675,0.1531707317073172,0.1868959457763275,0.30661876468149774,-0.03597560975609748,34098920.75863765,4.34345836910858,False,True,True,5,True,True,False
2026-03-02,0.83725,0.8921,0.78,0.825,45098917.549471,-0.1275380710659899,0.0060975609756097615,0.03552152629597094,-0.11458333333333326,34111019.5361112,1.322121653435999,True,False,True,0,False,False,False
2026-03-03,0.8222,0.8498,0.766,0.7943,31546110.624006,-0.03721212121212114,-0.16000423011844334,-0.03134146341463406,-0.0033939393939392826,34415519.8673115,0.916624556177897,True,False,True,0,False,False,False
2026-03-04,0.8085,0.8297,0.79,0.79,22968396.805014,-0.005413571698350661,-0.042424242424242364,-0.1645516074450084,0.01787737630618147,34398630.007562205,0.6677125455276742,True,False,True,0,False,False,False
2026-03-05,0.7901,0.825,0.77,0.7774,31980636.569846,-0.015949367088607613,-0.021276595744680882,-0.05769696969696969,0.00012658227848105774,34440844.3360545,0.9285671471290551,True,False,True,0,False,False,False
2026-03-06,0.762,0.793,0.75,0.7928,19020529.941202,0.01980962181631063,0.0035443037974682845,-0.0018884552436108093,-0.01980962181631074,34063270.6331146,0.5583882459810303,False,False,True,2,False,False,False
2026-03-09,0.7729,0.82,0.7379,0.7629,28926477.212006,-0.03771442986881923,-0.018651916645227584,-0.034303797468354436,-0.02510090817356192,33959396.8437149,0.851795965197174,True,False,True,0,False,False,False
2026-03-10,0.76125,0.789,0.7408,0.7559,19780509.206443,-0.00917551448420506,-0.046543895055499385,-0.027656290198096123,-0.0021627998427055095,33745083.75403705,0.5861745476947167,True,False,True,0,False,False,False
2026-03-11,0.75,0.7984,0.75,0.7899,25699250.655777,0.044979494642148454,0.0353912701533623,-0.0036579212916244552,-0.007805265246725757,33145446.0868259,0.7753478589021467,False,False,True,2,False,False,False
2026-03-12,0.7787,0.7913,0.7315,0.7315,25897369.470167,-0.07393340929231551,-0.032279402037306504,-0.04115873640057677,-0.01417901000126609,33034602.410334248,0.7839467582653726,True,False,True,0,False,False,False
2026-03-13,0.7432,0.792,0.74,0.7604,27062848.881393,0.039507860560491936,-0.037346499556906054,0.005953168408519671,0.01599453178400534,33390206.5544039,0.8105025896530019,False,False,True,2,False,False,False
2026-03-16,0.76,0.8082,0.7521,0.8082,26491854.864158,0.06286165176223046,0.10485304169514698,0.023167489555639964,-0.0005260389268805232,33995936.5976118,0.7792653333168954,False,False,True,3,False,False,False
2026-03-17,0.765,0.7774,0.74,0.7486,27675300.807985,-0.07374412274189557,-0.015518148342977267,0.023376623376623273,-0.053452115812917644,34588995.78801105,0.8001186555863405,True,False,True,0,False,False,False
2026-03-18,0.75,0.75,0.7,0.7,32320925.927669,-0.06492118621426679,-0.1338777530314279,-0.079431877958969,0.0018701576275714782,35137547.634394504,0.9198401170157804,True,False,True,0,False,False,False
2026-03-19,0.7,0.7167,0.69,0.7109,18318520.668458,0.01557142857142857,-0.05036067325674598,-0.1203909923286316,0.0,33558594.8678174,0.5458667366918097,False,False,True,2,False,False,False
2026-03-20,0.71,0.7125,0.6908,0.6956,18666015.903288,-0.02152201434800949,-0.006285714285714228,-0.07079882447234842,-0.0012660008440005255,33313418.012981802,0.5603152428254013,True,False,True,0,False,False,False
2026-03-23,0.7061,0.7359,0.6887,0.72,35880877.958789,0.035077630822311745,0.01280067520045014,0.028571428571428692,0.015094882116158725,34125186.6032718,1.0514485495985206,False,False,True,2,False,False,False
2026-03-24,0.7112,0.725,0.683,0.6868,17262693.27464,-0.0461111111111111,-0.012650948821161578,-0.033900689267126194,-0.012222222222222134,33886148.9165135,0.5094321375134928,True,False,True,0,False,False,False
2026-03-25,0.6994,0.707,0.6694,0.6958,26573892.013696,0.013104251601630867,-0.03361111111111115,0.0002875215641173767,0.01834595224228308,33229399.418551646,0.7997102709855195,True,False,True,2,False,False,False
2026-03-26,0.68,0.6847,0.65,0.65,15340645.11497,-0.06582351250359297,-0.05358182877111228,-0.09722222222222221,-0.02270767461914336,32230950.809782654,0.4759600548400157,True,False,True,0,False,False,False
2026-03-27,0.65,0.6619,0.635,0.6371,18862073.259905,-0.019846153846153847,-0.08436332279390624,-0.07236458940011647,0.0,25768692.335444152,0.7319763461167457,True,False,True,0,False,False,False
2026-03-30,0.6371,0.655,0.6,0.6096,26059928.615414,-0.04316433840841305,-0.062153846153846115,-0.12388617418798498,0.0,24816742.8887413,1.050094637005596,True,False,True,0,False,False,False
2026-03-31,0.6203,0.7292,0.6168,0.7016,62144871.522239,0.15091863517060355,0.10123999372155068,0.07938461538461539,0.017552493438319994,26346680.93365295,2.3587362551941244,False,True,True,2,False,False,False
2026-04-01,0.6315,0.6649,0.601,0.6204,58566274.436514,-0.11573546180159644,0.017716535433070835,-0.026212525506200013,-0.09991448118586099,28126574.815227948,2.0822398326583924,True,False,True,0,False,False,False
2026-04-02,0.6017,0.61,0.5809,0.5944,47540173.880579,-0.04190844616376521,-0.1527936145952109,-0.02493438320209973,-0.03014184397163111,28904551.680764597,1.6447296746074784,True,False,True,0,False,False,False
2026-04-06,0.6,0.6396,0.59,0.59,30768703.226931,-0.007402422611036408,-0.04900064474532562,-0.15906499429874577,0.009421265141318802,29491960.34505105,1.043291217909636,True,False,True,0,False,False,False
2026-04-07,0.597,0.5999,0.5726,0.58,18918908.173176,-0.016949152542372947,-0.02422611036339184,-0.0651192778852353,0.011864406779660941,28991581.89310955,0.652565570341385,True,False,True,0,False,False,False
2026-04-08,0.6099,0.62,0.5921,0.6022,21939731.567046,0.038275862068965605,0.020677966101694922,0.01312247644683695,0.051551724137931076,29099543.011139702,0.7539545056995285,True,False,True,2,False,False,False
2026-04-09,0.5897,0.6097,0.5842,0.6,17860232.640547,-0.0036532713384257454,0.034482758620689724,0.016949152542372836,-0.02075722351378273,28707592.1103782,0.6221431798207233,False,False,True,0,False,False,False
2026-04-10,0.6,0.615,0.5853,0.5966,15562111.084329,-0.005666666666666598,-0.009299236134174604,0.028620689655172615,0.0,28190829.1910863,0.5520274334197167,True,False,True,0,False,False,False
2026-04-13,0.598,0.677,0.5887,0.66,56659875.644978,0.10626885685551457,0.10000000000000009,0.09598140152773182,0.0023466309084814174,29670680.529265545,1.9096250788414435,False,False,True,2,False,False,False
2026-04-14,0.6631,0.7702,0.6558,0.7198,55196920.772452,0.09060606060606058,0.20650351994636273,0.19966666666666666,0.004696969696969644,31105933.824680246,1.7744820355998232,False,False,True,3,False,False,False
2026-04-15,0.72225,0.768,0.7138,0.7511,37798086.901609,0.04348430119477631,0.13803030303030295,0.2589674824002681,0.0034037232564601005,31612073.12936145,1.1956851658204584,False,False,True,4,False,False,False
2026-04-16,0.7797,0.8199,0.77,0.782,48491059.255768,0.041139661829317165,0.08641289247013062,0.18484848484848482,0.0380774863533484,32420579.795766395,1.4956876021723755,False,False,True,5,True,False,False
2026-04-17,0.9076,0.97,0.8226,0.8226,197859139.972541,0.05191815856777482,0.09519371588337111,0.14281744929146978,0.1606138107416879,41397610.76097055,4.779482108640955,True,True,True,6,True,False,True
2026-04-20,0.8315,1.17,0.78,1.16,220180065.539674,0.4101628981278871,0.48337595907928366,0.5444015444015444,0.01081935327011907,51473313.24278985,4.277557663737837,False,True,False,7,True,True,False
2026-04-21,1.38,1.4,1.01,1.045,397404328.077535,-0.09913793103448276,0.2703622659858982,0.33631713554987197,0.18965517241379315,69549485.74872716,5.7139793889102615,True,True,False,0,False,False,True
2026-04-22,1.045,1.26,1.04,1.1,134265839.411244,0.052631578947368585,-0.051724137931034364,0.33722343787989306,0.0,75399643.05555734,1.7807224805071264,False,False,False,2,False,False,False
2026-04-23,1.1,1.1,0.95,0.9501,99830155.940812,-0.13627272727272743,-0.09081339712918657,-0.18094827586206896,0.0,79062456.25191315,1.2626746078154678,True,False,True,0,False,False,False
2026-04-24,0.95,1.03,0.8629,0.8734,117983791.108041,-0.08072834438480159,-0.20600000000000007,-0.16421052631578947,-0.00010525207872857933,84194613.55156669,1.4013223189839745,True,False,True,0,False,False,False
2026-04-27,0.8649,0.958,0.85,0.9094,78056838.051223,0.04121822761621252,-0.0428375960425218,-0.17327272727272736,-0.00973208152049454,87154351.7911326,0.8956160701910559,False,False,True,2,False,False,False
2026-04-28,0.9,0.9373,0.8596,0.8596,46478868.352198,-0.05476138113041562,-0.015800320586214722,-0.0952531312493421,-0.010336485594897749,88175298.7779718,0.5271189210170215,True,False,True,0,False,False,False
2026-04-29,0.8634,0.89,0.8153,0.8153,36101520.645696,-0.05153559795253604,-0.10347481856168894,-0.06652163956949841,0.0044206607724521785,86873131.23414466,0.4155660114102879,True,False,True,0,False,False,False
2026-04-30,0.8209,1.05,0.8209,0.9841,169040231.602512,0.20704035324420444,0.14483480688692407,0.08214207169562338,0.006868637311419068,92396829.09244455,1.8295025193276326,False,False,True,2,False,False,False
2026-05-01,1.085,1.0999,0.9309,0.9487,113735996.82525,-0.03597195406970832,0.1636207530970195,0.10365286179618427,0.10253023066761502,95706620.23967811,1.1883817079782037,True,False,True,0,False,False,False
2026-05-04,0.937,1.02,0.9278,0.939,59119726.86599,-0.010224517761146856,-0.045828675947566344,0.15172329203973978,-0.012332665753135852,97124171.42163105,0.6087025093819551,False,False,True,0,False,False,False
2026-05-05,0.9473,0.9592,0.9143,0.9186,41076643.897279,-0.021725239616613434,-0.03172762727943501,-0.0665582765979067,0.008839190628328053,98232058.2078362,0.41815925113134017,True,False,True,0,False,False,False
2026-05-06,0.93,1.05,0.92,1.04,106782610.732789,0.13215763117787938,0.10756123535676254,0.0962369558342997,0.012410189418680773,102474202.16612336,1.042043836161624,False,False,False,2,False,False,False
2026-05-07,0.925,0.93,0.88,0.8928,89479269.679825,-0.1415384615384615,-0.028086218158066556,-0.049201277955271516,-0.11057692307692302,106055154.01808724,0.8437050561876955,True,False,True,0,False,False,False
2026-05-08,0.8941,0.899,0.8155,0.8331,77804547.763239,-0.06686827956989261,-0.1989423076923078,-0.09307642064010457,0.0014560931899640916,109167275.85203275,0.7127094374755366,True,False,True,0,False,False,False
2026-05-11,0.821,0.8496,0.7815,0.8086,51819613.590829,-0.029408234305605574,-0.09431003584229392,-0.22250000000000003,-0.01452406673868678,108925262.7493253,0.47573549315262015,True,False,True,0,False,False,False
2026-05-12,0.7982,0.8061,0.7674,0.7948,43585597.293075,-0.01706653475142228,-0.04597287240427317,-0.10976702508960579,-0.012861736334405127,108344696.57535644,0.4022863939884693,True,False,True,0,False,False,False
2026-05-13,0.7858,0.794,0.7646,0.7804,34030723.290685,-0.018117765475591296,-0.034875092752906234,-0.06325771215940457,-0.011323603422244477,108156328.39481024,0.31464384743591134,True,False,True,0,False,False,False
2026-05-14,0.7838,0.8099,0.756,0.8044,36587466.262514,0.030753459764223612,0.012078510317060864,-0.005194162750432829,0.004356740133265147,107561148.74514754,0.34015503450231227,False,False,True,2,False,False,False
2026-05-15,0.78,0.8354,0.78,0.8043,38840815.089824,-0.00012431626056685907,0.030625320348539153,0.0119526925012583,-0.030333167578319165,99610232.5010117,0.38992796336891905,False,False,True,0,False,False,False
2026-05-18,0.795,0.7976,0.7444,0.7621,30852918.991301,-0.052467984582867055,-0.05258577821979116,-0.023449513070220362,-0.011562849682954068,90143875.17359306,0.3422630648159568,True,False,True,0,False,False,False
2026-05-19,0.7519,0.7573,0.7235,0.7573,25654892.314002,-0.006298386038577686,-0.058435906999875664,-0.0585529587270015,-0.013384070331977416,71556403.3854164,0.3585268557423138,False,False,True,0,False,False,False
2026-05-20,0.7548,0.79,0.7319,0.7866,22957482.174283,0.03869008319028122,0.03214801207190643,-0.022006713912719245,-0.0033012016373958897,65990985.52356835,0.34788815460384137,False,False,True,2,False,False,False
2026-05-21,0.7744,0.7886,0.7462,0.7885,25943423.213075,0.0024154589371980784,0.04119899643470215,0.03464112321217683,-0.015509788965166527,62296648.887181506,0.4164497396972064,False,False,True,3,True,False,False
2026-05-22,0.7826,0.8148,0.7571,0.7659,30014604.631441,-0.02866201648700062,-0.02631578947368418,0.011356133632642429,-0.0074825618262523985,57898189.5633515,0.5184031635151456,True,False,True,0,False,False,False
2026-05-26,0.781,0.7919,0.7505,0.7684,37030578.341806,0.003264133698916316,-0.025491439441978403,-0.023137554030002505,0.01971536754145453,55846876.57788064,0.6630734001778134,True,False,True,2,False,False,False
2026-05-27,0.7572,0.79,0.745,0.789,28855684.996593,0.02680895366996361,0.030160595377986654,0.0006341154090045986,-0.014575741801145181,54965717.4101004,0.5249760460925146,False,False,True,3,False,False,False
2026-05-28,0.78,0.844,0.7629,0.8203,46708262.128117,0.03967046894803539,0.06754294638209268,0.07102754928841892,-0.011406844106463865,55496054.48422144,0.8416501418384081,False,False,True,4,True,False,False
2026-05-29,0.82465,0.8294,0.7846,0.7885,34711868.643838,-0.038766305010362156,-0.0006337135614702394,0.026158250910983893,0.005302937949530628,48779636.33628775,0.7116057283521696,True,False,True,0,False,False,False
2026-06-01,0.78745,0.7889,0.762,0.7757,28952981.021453,-0.01623335447051366,-0.05437035231013054,-0.01685678073510788,-0.0013316423589093684,44540485.546097904,0.650037391071717,True,False,True,0,False,False,False
2026-06-02,0.7791,0.7795,0.7524,0.7645,29756724.382269,-0.014438571612736872,-0.030437539632213073,-0.0680238936974279,0.004383137811009519,43072335.42191185,0.6908546771562123,True,False,True,0,False,False,False
2026-06-03,0.7595,0.7595,0.714,0.7402,34374370.611208,-0.031785480706344016,-0.045765115379657106,-0.06125554850982884,-0.0065402223675604665,42737221.7576083,0.8043192607644997,True,False,True,0,False,False,False
2026-06-04,0.7308,0.7976,0.726,0.786,34224360.571747,0.061875168873277486,0.028122956180510306,0.013278329250999255,-0.012699270467441237,39109309.2495562,0.8750949896190091,False,False,True,2,False,False,False
2026-06-05,0.778,0.778,0.7,0.7094,47328944.245119,-0.0974554707379135,-0.04161037557416902,-0.0720732504905166,-0.010178117048346036,37001792.977820896,1.2790986716100017,True,False,True,0,False,False,False
2026-06-08,0.722,0.7774,0.7093,0.7552,62141009.945484,0.06456160135325617,-0.03918575063613239,0.020264793299108463,0.017761488581900187,36218616.08693315,1.7157201643577722,False,True,True,2,False,False,False
2026-06-09,0.7528,0.7535,0.684,0.6904,55463385.173331,-0.08580508474576265,-0.026783197067944742,-0.1216284987277354,-0.0031779661016948513,36400804.66605826,1.5236856899772753,True,False,True,0,False,False,False
2026-06-10,0.6894,0.7048,0.6605,0.6823,42029037.892524,-0.011732329084588655,-0.09653072033898302,-0.038201296870594925,-0.0014484356894554073,36322976.6960307,1.1570923342611632,True,False,True,0,False,False,False
2026-06-11,0.6899,0.712,0.6726,0.7038,25680198.384848,0.03151106551370364,0.019409038238702214,-0.06806144067796616,0.011138795251355527,35905450.450738855,0.7152172737696306,False,False,True,2,False,False,False
2026-06-12,0.7002,0.7099,0.6751,0.6813,27052057.652083,-0.03196930946291554,-0.001465630954125774,-0.013180764774044063,-0.005115089514066362,35428680.0202173,0.7635638030162513,True,False,True,0,False,False,False
2026-06-15,0.703,0.7505,0.702,0.702,29493928.669927,0.03038309114927329,-0.002557544757033292,0.028872929796277313,0.03185087333039771,34961335.699222445,0.8436156136501088,True,False,True,2,False,False,False
2026-06-16,0.7099999785423279,0.7321000099182129,0.6826000213623047,0.6844000220298767,23985475.0,-0.025071193689634286,0.004550157096545826,-0.027564617746694053,0.011395980829526975,34617963.4996574,0.6928621032325422,True,False,True,0,False,False,False
2026-06-17,0.6938999891281128,0.7287999987602234,0.6830000281333923,0.6969000101089478,25238602.0,0.018264154992276405,-0.007264942864746771,0.022897416863272735,0.013880722957985814,34597148.9839573,0.7294994744134305,False,False,True,2,False,False,False
2026-06-18,0.715499997138977,0.7300000190734863,0.6980000138282776,0.7109000086784363,18860049.0,0.020088963074200494,0.038720026001697994,0.012678075040507553,0.026689606486189454,34392277.325243145,0.5483803477636288,True,False,True,3,False,False,False
2026-06-22,0.7038000226020813,0.7225000262260437,0.6899999976158142,0.6983000040054321,21411566.0,-0.017724018173002398,0.0020088877545940687,0.020309733384182405,-0.009987320283697643,34165684.4645894,0.6266979964119188,True,False,True,0,False,False,False
2026-06-23,0.6859999895095825,0.7093999981880188,0.675000011920929,0.6779000163078308,21366104.0,-0.029213787169679928,-0.0464200196479847,-0.02726358663439632,-0.017614226586419868,33733259.43301735,0.6333839172116092,True,False,True,0,False,False,False
2026-06-24,0.675000011920929,0.7135000228881836,0.675000011920929,0.6816999912261963,32082024.0,0.00560550940692095,-0.023772035921550305,-0.04107471809786989,-0.004277923465316746,33485831.715927046,0.9580775616435011,False,False,True,2,False,False,False
2026-06-25,0.69725,0.7319,0.6813,0.6843,22346753.221704,0.003814007345264825,0.009440896206238003,-0.02004869529590203,0.022810633671614733,33160385.127182595,0.6738990857915481,True,False,True,3,False,False,False
2026-06-26,0.6800000071525574,0.6965000033378601,0.6460000276565552,0.6593999862670898,77186080.0,-0.03638756938902554,-0.03271234450068672,-0.027290204448586763,-0.006283783205381588,34684276.02077675,2.2253911240287563,True,True,True,0,False,False,True
2026-06-29,0.6669,0.7239,0.6669,0.7088,33089268.689182,0.07491661322677179,0.03580301037556621,0.039753570665386206,0.011373997405381031,34603146.023043945,0.9562502977950681,False,False,True,2,False,False,False
2026-06-30,0.7117,0.8049,0.7012,0.75,58471526.962562,0.058126410835214415,0.13739765790078828,0.09601052170100832,0.004091422121896171,36079073.3200994,1.620649356589431,False,False,True,3,True,False,False
2026-07-01,0.7427,0.786,0.7411,0.745,29694811.615868,-0.00666666666666671,0.05107223476297973,0.12981500684811653,-0.00973333333333326,36075977.681779355,0.8231186934918676,False,False,True,0,False,False,False
2026-07-02,0.75705,0.7799,0.7102,0.7103,20458232.311661,-0.04657718120805365,-0.05293333333333328,0.0021162528216704946,0.016174496644295377,35380170.766802,0.5782400669150364,True,False,True,0,False,False,False
2026-07-06,0.7135,0.755,0.7032,0.7344,29615946.040308,0.03392932563705475,-0.014228187919463009,-0.02079999999999993,0.004505138673799758,35149750.04023005,0.8425649117393884,False,False,True,2,False,False,False
2026-07-07,0.7266,0.745,0.7056,0.7102,23366590.96326,-0.032952069716775556,-0.0001407855835562355,-0.04671140939597307,-0.010620915032679812,33951632.3761371,0.6882317381500397,True,False,True,0,False,False,False
2026-07-08,0.7,0.705,0.6677,0.6797,36279543.760512,-0.04294564911292609,-0.07448257080610032,-0.043080388568210726,-0.014362151506618015,32658559.0668885,1.1108739882309966,True,False,True,0,False,False,False
2026-07-09,0.6855,0.6908,0.6633,0.66895,23338969.96923,-0.015815801088715498,-0.0580822303576457,-0.08912037037037035,0.008533176401353648,31052338.30668345,0.7516010465532869,True,False,True,0,False,False,False
