ticker,retired_date,reason
EA,2026-08-14,delisted: CYBR PANW merger 2026-02-11; EA PIF take-private 2026-08-04
AAAU,2026-08-14,moved to watchlist
NTDOY,2026-08-14,moved to watchlist
AAAU,2026-08-14,watchlist only
NTDOY,2026-08-14,watchlist only
MYR,2026-08-16,no vendor data on any endpoint; verify symbol (MYR Group?)
SPCX,2026-08-17,"SpaceX IPO 2026-06-12; 44 bars < 60-row training floor; ticker reused from prior SPAC ETF (1,330 spliced rows removed)"
AVB,2026-08-21,merged into EQR->VMRK (Vivmark Residential) 2026-08-17; 2.793 EQR shares per AVB share
CYBR,2026-08-22,delisted: PANW merger 2026-02-11
