id,name,family,layer,role,formula,data_source,series_or_endpoint,history_start,frequency,publication_lag,threshold_arm,threshold_red,persistence_days,direction,tier,historical_verdict_2000,historical_verdict_2008,verdict_2022,cost_bps_roundtrip,max_staleness_days,notes
S1,Term-spread regime,macro,L2,predictor,"m_avg(DGS10-DTB3); ARM if <0 for >=2 of 3 consecutive months; ESCALATE if re-steepens +50bp from trough after >=6m inversion",FRED/ALFRED,DGS10;DTB3,1962-01-02,daily->monthly,1 day,inversion 2/3mo,re-steepening escalation,21,inversion_bearish,shortlist,fired Feb+Jul 2000,fired Aug06-May07 + Jun07 re-steepen,post-peak only,5,7,false positives: 1966-67; 1998/2018 correctly no-fire
S2,Credit trend & credit-equity divergence,credit,L2,predictor,"spread>200d MA AND spread>=126d_low+75bp WHILE SPX within 3% of 52w high (21d)",FRED,BAA10YM primary history; BAMLH0A0HYM2 rolling 3y window (archive it),1953-04-01,daily/monthly,1 day,half-condition,full condition,10,widening_bearish,shortlist,weak fire (+44bp Jan-Mar00),strong fire (Jun-Oct07),correctly silent,10,7,PAIR WITH S3 or S15 to kill 1998/2011/2015/2018 false fires; FRED ICE truncation flagged
S3,SLOOS lending standards,credit,L2,predictor,"C&I net tightening: amber >+10 red >+20; CRE red >+30",Fed/FRED,DRTSCILM (+CRE tables),1990-04-01,quarterly,~5 weeks,+10,+20 (CRE +30),1 obs,tightening_bearish,shortlist,REPRODUCIBLE 1999-2000,fired Jul07 +7.5 / Oct07 +19.2,silent,0,120,verified prints: 7.5/19.2/32.1/83.6 (2007Q3-2008Q4)
S4,Funding stress,funding,L3,rupture,"hist: TED z>2 (1y) AND >100bp for >=5d. modern: F10 composite (CP-Tbill; SOFR-IORB; ABCP 4wk delta)",FRED,TEDRATE(1986-2022);ABCOMP;CP series TBD,1986-01-02,daily/weekly,1 day,z>1.5,z>2 & level,5,stress_bearish,shortlist,quiet (REPRODUCIBLE),LED PEAK BY 2 MONTHS (TED 2.42 Aug-20-07),silent,5,3,the 2007 anomaly; 1998+2023-local false fires filtered by S3/S15 pairing + breadth-of-stress rule
S5,Breadth divergence composite,internals,L2,predictor,"2 of 3: (a) cum A/D lower-high vs index 52w-high over >=126td; (b) %>200DMA<60% at 52w high; (c) new 52w lows>2.5% of issues on >=5 of 21td with index within 5% of high",own universe (Massive) fwd; literature hist,daily bars all active+delisted,forward-only (hist=literature),daily,0,1 of 3,2 of 3,21,divergence_bearish,shortlist,fired Apr98 (23mo lead),fired ~Jun07 (4mo),fired late-2021,15,3,survivorship-safe forward only; historical cells literature-sourced
S6,Concentration / equal-weight lag,internals,L2,scaler,"EW_minus_CW 126td relative return < -4% while SPX within 3% of high",RSP/SPXEW 2003+; French size pre-2003,RSP;SPXEW;French,2003-01-08 (French 1926),daily,0,-2%,-4%,21,narrowing_bearish,shortlist,fired 1998-2000,mild,fired 2021,10,3,
S7,Defensive rotation,internals,L2,scaler,"mean RS(XLP;XLU;healthcare) vs SPY 63td > +5% while SPX within 3% of high",sector ETFs 1998-12+; French industries pre,XLP;XLU;XLV;SPY,1998-12-16,daily,0,+3%,+5%,21,rotation_bearish,shortlist,REPRODUCIBLE,REPRODUCIBLE,REPRODUCIBLE,10,3,no sourced historical print - honest cell
S8,Epicenter fracture,internals,L2,predictor,"leader:=sector/theme top trailing-2y RS. FIRE if leader -15% from its high AND <its 200DMA while SPX within 5% of its high",own universe / sector ETFs / French industries,universe RS ranks,full (French),daily,0,-10% & <200DMA,-15% & <200DMA,10,fracture_bearish,shortlist,fired Apr-2000 (tech),fired Aug05(builders)/2007(financials),fired Feb-2021 (ARKK complex),15,3,best cross-crash internal 3/3; 2023 banks false fire filtered by market-wide layer confirmation
S9,Aggregate short interest,positioning,L2,predictor,"detrended log aggregate SI (linear trend to date) z > +1.5 (12m)",FINRA files (2014+),equity SI files,2014 (fwd),semi-monthly,~8 bus days,z>1,z>1.5,1 obs,rising_SI_bearish,shortlist,UNDECIDABLE (institutional),UNDECIDABLE,REPRODUCIBLE,5,20,Rapach et al 2016 evidence class
S10,Margin-debt blowoff & reversal,leverage,L1+trigger,confirmer,"fragility: YoY>+40%. trigger: first 3m decline from peak (as of publication date)",FINRA margin statistics,margin stats xlsx,1997-01,monthly,~3 weeks,YoY>+30%,YoY>+40% then 3m reversal,1 obs,reversal_bearish,shortlist,peak Mar-00 coincident; trigger ~Jun-Jul00 with 96% of decline remaining,peak Oct-07; trigger ~Jan-08 with 49% remaining,peak Oct-21 led index peaks 1-2mo,0,45,coincident confirmer with small lag - valuable because slow bears are long
S11,Issuance quantity & quality,positioning,L1,fragility,"equity leg: IPO count + mean first-day return in top decile (hist to date). credit leg: HY share of gross corp issuance top quintile",Ritter site; SIFMA,annual/qtrly tables,1980,quarterly/annual,~1 quarter,top quintile,top decile,1 obs,froth_bearish,shortlist,extreme (476 IPOs @71.2% 1999),equity leg silent; HY leg = 05-07 boom,record 2021 ($436B; 397 IPO+613 SPAC),0,120,two legs map to two bear paths
S12,Insider breadth,positioning,L2,predictor,"open-market sellers/(sellers+buyers) filer-count 3m avg z>+2 vs 3y; codes S vs P only; exclude exercise/tax codes",SEC EDGAR Form 4,EDGAR full-text/daily indices,2003-06-30,daily->monthly,2 bus days,z>1.5,z>2,21,selling_bearish,shortlist,UNDECIDABLE (paper era),REPRODUCIBLE (EDGAR 2003+),REPRODUCIBLE,0,10,pre-2002 lag was up to ~40 days - never backtest earlier with modern lag
S13,Valuation gate,valuation,L1,gate,"CAPE percentile vs own history-to-date: amber 85-95th; red >95th. ERP check: 1/CAPE - 10y real",Shiller,ie_data.xls,1871-01,monthly,~1 month,85th pct,95th pct,1 obs,high_val_bearish,shortlist,44.19 Dec-99 (top of history),~25-27 DID NOT FIRE,37-38.6 fired,0,45,gate scales exposure ceilings only; structurally blind to 2008-type
S14,Vol-structure regime,volatility,L3,confirmer,"(a) 21d RV crosses top quartile of 2y w/ >=10d persistence while SPX<200DMA; (b) VIX futures front>second >=5d (2004+); (c) VIX-21dRV<0 persistent (complacency)",own calc + CBOE/CFE,VIX csv; CFE settles,1990 (RV full; futures 2004),daily,0,(a) or (c),(b) or (a)+SPX<200DMA,5-10,regime_shift_bearish,shortlist,VXO 23-29 at top - no timing signal,futures inverted Aug-07; CONTANGO AT OCT PEAK,n/a,5,3,X-layer; 1997/2010/2011/2018 fires are corrections
S15,Credit-boom R-zone,credit,L1,fragility,"business leg: 3yD(nonfin business credit/GDP) top quintile AND 3y real equity return top quintile. household leg: same w/ household credit + real house prices",FRED Z.1 + Shiller/Case-Shiller,Z1 aggregates;CSUSHPINSA,1952 (Z.1),quarterly,~10 weeks,one condition,both (either leg),1 obs,boom_bearish,shortlist,business leg REPRODUCIBLE,household leg per GHSS-class evidence,moderate - silent,0,120,GHSS 2022 mechanism (~40% crisis prob in R-zone)
F1,PC ratio z,options_dash,L1/X,dial,"z of 21d MA total & equity P/C vs 252d",Cboe daily page scrape + free files,totalpc/equitypc csv + daily page,1995-09-27 (total),daily,0,|z|>1.5,|z|>2,5,low_PC_complacent,dashboard,call mania Q1-2000 (equity 0.31-0.36),unremarkable at Oct-07 top,n/a,0,3,files end 2019-10-04; scrape after
F2,VIX percentile,options_dash,L1,dial,"VIX vs 504d percentile",Cboe,VIX_History.csv,1990-01-02,daily,0,<20th,<10th w/ L2>=0.5,5,low_vol_complacent,dashboard,VXO mid-20s,9.89 Jan-07; 16.12 at peak,14.38 Feb-20 exhibit,0,3,
F3,VIX term slope,options_dash,L3,confirmer,"(VIX3M-VIX)/VIX and futures front-second",Cboe csv + CFE,VIX3M csv; CFE_*.csv,2004 (futures) / 2007-12 (VIX3M),daily,0,slope<0 1d,inverted >=5d,5,inversion_stress,dashboard,impossible (no futures),Aug-07 inversion; contango at top,n/a,0,3,
F4,Skew slope 25d RR,options_dash,L3,experimental,"25-delta risk reversal + 10d-ATM slope 1m/3m constant maturity from chain snapshots",UW ARCHIVE,uw options chains,archive day 1,daily,0,z>1.5,z>2,5,steepening_stress,experimental,UNDECIDABLE hist,institutional hist,n/a,0,3,thresholds unusable until ~1y of archive
F5,IV-RV spread,options_dash,L1/L3,dial,"VIX - 21d realized vol",Cboe + own,VIX csv,1990,daily,0,<0 persistent,spike z>2,5,negative_complacent,dashboard,,,n/a,0,3,carry conditions for hedge selection
F6,Deep-OTM put OI delta,options_dash,L3,experimental,"21d change in OI of puts <=25 delta 1-3m SPX/SPY",UW ARCHIVE,uw OI endpoints,archive day 1,daily,0,z>1.5,z>2,5,accumulation_stress,experimental,,Chen-Joslin-Ni caveat: public demand historically followed crashes,n/a,0,3,
F7,Index vs single-stock vol,options_dash,L3,experimental,"VIX - mean(top50 constituent 1m ATM IV)",UW ARCHIVE,uw per-ticker IV,archive day 1,daily,0,compression z>1.5,z>2,5,compression_crowded,experimental,,,n/a,0,3,
F8,Implied correlation proxy,options_dash,L3,experimental,"Cboe COR1M/COR3M percentile or F7 identity",Cboe csv,COR1M/COR3M,2006-01-03,daily,0,>80th,>90th,5,high_corr_stress,experimental,n/a,backfill flag,n/a,0,3,
F9,Gamma-regime proxy,options_dash,L3,experimental,"GEX-convention estimate from UW OI (assumption: customers long puts short calls - PRINT ASSUMPTION ON DIAL)",UW ARCHIVE,uw OI,archive day 1,daily,0,negative,negative + realized-range expansion,5,neg_gamma_amplifier,experimental,UNDECIDABLE hist,assumption-dependent hist,n/a,0,3,never a standalone trigger
F10,Funding gauge (modern S4),funding,L3,rupture,"primary: 3m AA financial CP - 3m Tbill; secondary: SOFR position in IORB corridor; tertiary: ABCP 4wk delta. z vs 252d",FRED,CP series TBD; SOFR; IORB; ABCOMP,2018 (SOFR) / 2001 (ABCP),daily/weekly,1 day,z>1.5,z>2 & >60bp 5d,5,stress_bearish,dashboard,,,n/a,0,5,confirm exact FRED CP series IDs before build [REPRODUCIBLE]
F11,Breadth of rising IV,options_dash,L2,experimental,"% of top-500 tickers with 1m IV above its 21d-ago level",UW ARCHIVE,uw per-ticker IV,archive day 1,daily,0,>60%,>70% w/ SPX near high,5,stealth_repricing,experimental,,,n/a,0,3,
F12,Hard-to-borrow breadth,positioning,L2,experimental,"% of universe on special / days-to-cover z",UW borrow if present; else FINRA SI,uw/finra,archive day 1 / 2014,daily/semi-monthly,varies,z>1.5,z>2,5,constraint_froth,experimental,specials 4.69% mean fee; Palm 35% (D'Avolio),n/a,n/a,0,20,
X1,SKEW index,exploratory,none,rejected,,Cboe,SKEW_History.csv,1990 (backfill; published 2011),daily,0,,,,,exploratory,unremarkable pre-crisis (lit),unremarkable,n/a,0,3,rejected as signal; kept as context series
X2,VRP,exploratory,re-entry,bottom-finder,"(VIX^2 - realized var); BTZ sign: HIGH VRP -> HIGH fwd returns",Cboe + own,VIX csv,1990,daily,0,,,,,exploratory,,spiked during crisis; led 2009 bottom,n/a,0,3,re-entry input only
X3,Zweig breadth thrust,exploratory,re-entry,bottom-finder,"10d EMA of NYSE up-issues% from <40% to >61.5% within 10d",own universe,breadth calc,forward,daily,0,,,,,exploratory,n/a,n/a,fired 2019/Mar-2023/Nov-2023 (bull),0,3,Part VIII re-entry step 3
X4,COT positioning,exploratory,none,rejected,,CFTC,legacy COT,1986,weekly,3 days,,,,,exploratory,no predictive power (CXO test),same,n/a,0,10,rejected as timer
X5,Hindenburg Omen,exploratory,none,rejected,,derived,breadth,forward,daily,0,,,,,exploratory,27 fires 1986-2010 minority followed by weakness,same,n/a,0,3,rejected
