date,gz_spread,ebp,est_prob
1973-01-01,1.1307714053429057,-0.04647119119363929,0.18573566203383368
1973-02-01,1.075493276125443,-0.05720916709197454,0.18216302618787344
1973-03-01,1.0299678416836435,-0.14888252847464356,0.15343177239279454
1973-04-01,0.9827458103604768,-0.20954970467457867,0.1361649212420782
1973-05-01,1.0464935117518377,-0.08320269234976818,0.17369405138212932
1973-06-01,1.185925775964177,0.03655770559472859,0.21480439863342832
1973-07-01,0.9810549739577188,-0.3462260544491965,0.10227775673208336
1973-08-01,0.9777605050840716,-0.2133403657182571,0.1351320319251109
1973-09-01,0.8188236781169651,-0.3530191636674176,0.10076995987255964
1973-10-01,1.273250254171703,0.11909519113492471,0.24616222106706373
1973-11-01,1.3537449558224253,0.05320827904773573,0.2209367614979715
1973-12-01,1.295969416847959,-0.00675021533356523,0.19932508386396028
1974-01-01,1.1784210232542267,-0.03764287697838253,0.1887052575736619
1974-02-01,1.3067144792396042,0.16394505176291463,0.2641790015415655
1974-03-01,1.220038714401003,-0.09911168261033708,0.16863637350184985
1974-04-01,1.2539698576113811,0.09307353740912472,0.2360191575780864
1974-05-01,1.3012385977617122,0.10024656347096084,0.23879194657577216
1974-06-01,1.9017877205835212,0.7568877511560961,0.544266267170765
1974-07-01,2.568696915547139,1.261659692508558,0.7711376536766026
1974-08-01,2.1264243722076457,0.944567009557386,0.635310849527832
1974-09-01,2.381902491150801,0.9969731769694716,0.6596494712400862
1974-10-01,2.5524795103497766,1.1085162672597586,0.709194843503517
1974-11-01,2.356853811556149,1.089891341071393,0.701158870039953
1974-12-01,2.661212477979876,1.2207796547555811,0.7553625321168114
1975-01-01,1.7337713333806513,0.3890224826372208,0.3635563414715467
1975-02-01,1.649526368358294,0.4127719077658203,0.37476426360881354
1975-03-01,1.8961250416029105,0.6014610329020169,0.4668331460421684
1975-04-01,1.5567123308218438,0.23393013918635797,0.29357477150600153
1975-05-01,1.606921254453593,0.36023597046550715,0.3501270645506297
1975-06-01,1.461922207470538,0.25511447421516165,0.3027623277849201
1975-07-01,1.4884824580177884,0.38554505577560705,0.361924755460183
1975-08-01,1.300847928813233,0.12731578565135335,0.2494144731910269
1975-09-01,1.4186685311342824,0.30353427029733715,0.3242292671064261
1975-10-01,1.3607284327062037,0.11169262549176472,0.24325317376635475
1975-11-01,1.329823154039846,0.18291636688799295,0.2719972605990252
1975-12-01,1.2541786335635057,-0.04051628968919596,0.18773552586040412
1976-01-01,0.9979908878131896,-0.16521905529131564,0.1486454615525955
1976-02-01,1.0617339891598505,-0.0837255823483225,0.173526299198488
1976-03-01,1.011120581271097,-0.12500222810413586,0.16061000069608597
1976-04-01,1.0521076518505803,-0.06722460959077625,0.1788697805987475
1976-05-01,1.0237351420087335,-0.12758482171611374,0.15982328164836157
1976-06-01,1.0197788832302777,-0.05219548477090097,0.18382575255789768
1976-07-01,0.9837099912897176,-0.09063320153308518,0.17131989949339765
1976-08-01,0.9120648551648856,-0.1709433664752732,0.14699221222996794
1976-09-01,0.8550532640032931,-0.20751023281638448,0.1367228717933775
1976-10-01,0.9219118941699904,-0.14516121874609866,0.15453616920164817
1976-11-01,0.8555867249993262,-0.3741194456196465,0.0961900223342552
1976-12-01,1.1083337127370156,-0.04633743767856546,0.18578043554334903
1977-01-01,0.9877198594648672,-0.33987206890458377,0.10370287659911194
1977-02-01,0.9379016261616826,-0.2092493818608001,0.1362469843731634
1977-03-01,0.9231957678701688,-0.17690350070412608,0.14528400601451108
1977-04-01,0.8633616214622896,-0.24607478337673905,0.12643594530729266
1977-05-01,0.8099849739276472,-0.24814792941228236,0.12589863958731776
1977-06-01,0.8512871905637213,-0.26081622852736597,0.12264994164009842
1977-07-01,0.8767822191117481,-0.1779666024741403,0.14498072465496722
1977-08-01,0.9251361350888264,-0.1877452918698073,0.14221105779585372
1977-09-01,0.9449811605505964,-0.1359741016215964,0.15728513344993458
1977-10-01,0.9310095841986334,-0.1512345111220088,0.15273646240444824
1977-11-01,0.9339801709741394,-0.1346159771205352,0.15769422170123473
1977-12-01,0.7853049470875838,-0.3375051539943358,0.10423741218972508
1978-01-01,0.7587030375251503,-0.3345805779937284,0.10490064269040032
1978-02-01,0.7141317271766402,-0.33930174190505913,0.10383149497974949
1978-03-01,0.7198637386015848,-0.33723306768114847,0.10429898693891598
1978-04-01,0.7353117681645004,-0.2852371316088612,0.11655434977111216
1978-05-01,0.7776714269052935,-0.24597542949548049,0.12646173531441424
1978-06-01,0.6222007182807374,-0.45829517355417937,0.07943760563442145
1978-07-01,0.6187085690170846,-0.3714760251974585,0.09675526019696612
1978-08-01,0.5981373777490661,-0.3950046734503113,0.09180930150167307
1978-09-01,0.6381015099065186,-0.31776693158565705,0.10877293602446415
1978-10-01,0.5641497987359325,-0.49258671627107464,0.07328426953520743
1978-11-01,0.6759448970423942,-0.2336050536938644,0.12970147540978821
1978-12-01,0.6532541104105585,-0.37560911752699067,0.09587255979613066
1979-01-01,0.702604369050579,-0.24845062478019908,0.1258203222150527
1979-02-01,0.6671887115386741,-0.30985710548102874,0.1106297538337231
1979-03-01,0.658788911062305,-0.16711628324005712,0.14809614776682234
1979-04-01,0.6687966878187225,-0.20365964966838457,0.13778055544480317
1979-05-01,0.7217913940558555,-0.23681765216722703,0.1288546379242794
1979-06-01,0.7660561848487495,-0.14476615652681168,0.15465372208429942
1979-07-01,0.6711907137257954,-0.23540492401203827,0.12922655792151583
1979-08-01,0.6016968629727698,-0.31751075327351164,0.10883272011685208
1979-09-01,0.7589592705917176,-0.0782597244899238,0.1752849356691633
1979-10-01,0.8097016210920253,-0.6314995087788412,0.05202557856089378
1979-11-01,0.9268355130497898,0.01373026903337115,0.20655992245155264
1979-12-01,0.9386543194854636,0.226354157166617,0.29032072584727997
1980-01-01,0.8763089833017584,-0.00717509867034826,0.1991766254533921
1980-02-01,1.016067906224119,-0.3058814653811399,0.11157156024883644
1980-03-01,1.0779462855935016,0.36216657728433654,0.35102209824414343
1980-04-01,1.306321372138604,-0.3212140496111999,0.10797078113161312
1980-05-01,1.1979530040650532,0.14246190305333029,0.25546591221034454
1980-06-01,1.204192091752856,0.01622562184980536,0.20745192663215273
1980-07-01,1.2144844853760512,0.2319606064961035,0.2927271921417671
1980-08-01,1.0731475421908905,0.09325391792250104,0.23608866691391597
1980-09-01,1.0790368515085909,0.06307221098721993,0.2246163947046448
1980-10-01,0.947510899515386,-0.09738004345134664,0.16918224781071403
1980-11-01,1.0484299435797464,0.3738728432642029,0.35646670389202306
1980-12-01,1.201437964383504,0.16676547797460484,0.26533404239152647
1981-01-01,1.1489316395602571,0.4484161737340786,0.3917832484747226
1981-02-01,0.9982558088979854,0.20836343621714304,0.2826617795722246
1981-03-01,0.9991969633732846,0.07131475847230706,0.22771766983195577
1981-04-01,1.188618422246655,0.5760155176753293,0.4541978496692745
1981-05-01,1.251470971544342,0.41036452082118313,0.3736231467124035
1981-06-01,1.179596752082935,0.4985982827848011,0.41609162823723794
1981-07-01,1.1739456995586088,0.4806693911177723,0.4073646877557692
1981-08-01,1.08259468139171,0.3246878343827667,0.33380006214384983
1981-09-01,1.231564533964261,0.4541196360607135,0.39452674590083686
1981-10-01,1.3323218953955485,0.5715312099994947,0.4519755376057828
1981-11-01,1.4975239359945196,0.2544029706781905,0.3024516705127046
1981-12-01,1.479355817462738,0.5774153027014912,0.4548918456159613
1982-01-01,1.4852202076580372,0.7697840434027706,0.5506562402788402
1982-02-01,1.4846150833783112,0.5525158963459181,0.442569550652543
1982-03-01,1.6644166899655897,0.9785604096892904,0.6511675148686741
1982-04-01,1.6758393723413882,0.8692587449382295,0.5993831473925383
1982-05-01,1.5496045516876424,0.7937283094699827,0.5624843621670332
1982-06-01,1.5943758081493684,0.7763357041755494,0.5538975976921755
1982-07-01,1.6682357309260138,0.7073932215423298,0.5196502700405683
1982-08-01,1.7438944272751378,-0.00696240234617939,0.19925093531073185
1982-09-01,1.6815517600909045,0.5073585095617441,0.420371073248857
1982-10-01,1.8146040324535653,0.24363085014523955,0.297765914219099
1982-11-01,1.6023145384723847,0.5294606738738012,0.4312089743102087
1982-12-01,1.6205010021247692,0.6814656466183948,0.5067192583011642
1983-01-01,1.294266901043338,0.2971860361559988,0.32137919678378946
1983-02-01,1.366585027386851,0.2517139222553513,0.3012788690536669
1983-03-01,1.0540197426826072,0.1750664206710506,0.26874831200788196
1983-04-01,0.9978546575330448,0.08855312025081141,0.2342809095255377
1983-05-01,0.9268887462540316,-0.10202171532473658,0.1677215805063058
1983-06-01,0.9129636996378566,0.05965174928554495,0.2233365070386173
1983-07-01,0.9203401442514324,-0.10299105160030686,0.16741757243598213
1983-08-01,0.8549965276819984,-0.1693763841556426,0.14744354478783012
1983-09-01,0.9431996460875716,-0.07140978901396544,0.17750479508548267
1983-10-01,0.8729571645264135,-0.09424953266802548,0.17017197224646735
1983-11-01,0.9464674294350376,0.02900729462821294,0.21205651593242728
1983-12-01,0.9662728531907336,0.08301938407914211,0.23216268873004373
1984-01-01,0.9245858531474848,0.0023406807465609,0.2025174721246412
1984-02-01,0.9103033098222356,-0.07466831505281435,0.17644660013826122
1984-03-01,0.951469690999222,0.00151866965290858,0.20222756122774255
1984-04-01,0.9640538555113872,0.06907036093236829,0.22687083095330823
1984-05-01,0.7599568765231222,-0.3620284491911492,0.09879535497157647
1984-06-01,0.7834195920429168,-0.06748692358872121,0.17878403399039378
1984-07-01,0.915302548771836,-0.1616868134153039,0.14967179337568984
1984-08-01,0.9157287712330392,0.1525916088244339,0.25955550640093733
1984-09-01,0.9061431005259268,-0.05958338236113314,0.1813789371165007
1984-10-01,0.931165565570627,-0.2580557459787973,0.12335278866908927
1984-11-01,0.9512696600236864,-0.1300273658242206,0.1590815485066578
1984-12-01,0.9565824348689572,-0.01330498499136634,0.19704220314423965
1985-01-01,1.0519381189768462,-0.14984692181793724,0.1531464183203473
1985-02-01,0.9405876170997012,-0.1777643304997808,0.14503839588918904
1985-03-01,0.9706894728250528,0.05752022917355282,0.2225410263223804
1985-04-01,1.061068733819435,-0.07413411156532579,0.1766198068331269
1985-05-01,1.1991082705631746,-0.2895931002572336,0.1154900565149071
1985-06-01,1.1697971611050744,0.03661800982781305,0.21482642859246695
1985-07-01,1.1333078735846984,-0.00734901730936221,0.1991158757892981
1985-08-01,1.1611328656795772,0.01763343257852701,0.20795617439156724
1985-09-01,1.1356248045926107,0.09874848442811056,0.23821138439619863
1985-10-01,1.2284311223784024,0.15982429644531693,0.262496057266788
1985-11-01,1.2895870431877798,0.18030040968598193,0.2709123971630159
1985-12-01,1.3748789370417211,-0.04651540003398158,0.18572086475506028
1986-01-01,1.328334663563506,0.19176769467716404,0.27568394117243555
1986-02-01,1.5497237045603347,-0.21478656547220631,0.13473938709673433
1986-03-01,1.9991487519450328,0.5597221562600367,0.4461306357432164
1986-04-01,1.9184641059649592,0.5107671268525711,0.422038788252841
1986-05-01,1.5866962357352212,0.00425918265352409,0.2031950647082744
1986-06-01,1.9003727235973953,0.07054304832262348,0.22742629353610264
1986-07-01,2.0692244812858496,0.6918743205481763,0.5119120494868442
1986-08-01,2.231424460367828,0.6529706081797233,0.49250012912650487
1986-09-01,1.9022360236631717,0.30040291789839135,0.3228221306345624
1986-10-01,1.9137912097627143,0.48352984180223624,0.40875406112319046
1986-11-01,2.028667375395258,0.5931493218544774,0.46270155499446386
1986-12-01,1.930246589778661,0.6194581728282773,0.4757908427466161
1987-01-01,1.8012622410758348,0.4785401826909077,0.4063312472068443
1987-02-01,1.9024488648189863,0.545740751770647,0.43922572927342446
1987-03-01,1.8239814018725848,0.433807718610723,0.3847810444752314
1987-04-01,1.7103216658632594,-0.2831853821954633,0.1170580559900969
1987-05-01,1.68388721748476,0.16769592346892703,0.2657156465139283
1987-06-01,1.639050457817809,0.1536545630719539,0.2599865967581705
1987-07-01,1.594127177127132,0.22959771240262497,0.29171183368159537
1987-08-01,1.5160015599025936,0.227460992496336,0.2907950801563945
1987-09-01,1.4993881575531094,0.22117854154154437,0.2881074454308036
1987-10-01,1.6241249060666865,-0.7003547801868832,0.04348031983949135
1987-11-01,1.6043764806399006,0.2179487239808815,0.28673030561479296
1987-12-01,1.5739394552917203,-0.03545133350713647,0.18944694063030248
1988-01-01,1.642292720468512,-0.18243165714608137,0.1437115916594254
1988-02-01,1.5964031008325026,0.16696054942571448,0.2654140241008224
1988-03-01,1.4943899163805952,-0.0998803358911855,0.1683944298301647
1988-04-01,1.394489346097105,-0.02840541882288017,0.19184361713574208
1988-05-01,1.4005998368546866,0.0537567467745601,0.22114045117801373
1988-06-01,1.461479289175077,0.15187528180916066,0.25926520205390385
1988-07-01,1.352658344162862,-0.13473155539237203,0.1576593805396773
1988-08-01,1.3358934015049817,0.0404517355639431,0.2162296328600152
1988-09-01,1.4314266115200294,0.22614189577864163,0.29022979881479427
1988-10-01,1.556773251364014,0.33164347287439955,0.33697125984467446
1988-11-01,1.4785730124629266,0.2317663556565135,0.29264365878869486
1988-12-01,1.491305310749086,0.3682097354240194,0.35382904717825914
1989-01-01,1.5547748210063714,0.3647051349336506,0.352200237672907
1989-02-01,1.4457451433967528,0.25178377189117596,0.30130930734838907
1989-03-01,1.521796417969204,0.48605072377252223,0.40997945163189614
1989-04-01,1.5762463223027845,0.5700748181758628,0.45125410597160537
1989-05-01,1.627533859086566,0.3906526620727984,0.3643220660002861
1989-06-01,1.828941160853612,0.6505419658460527,0.49128841355695224
1989-07-01,1.957873517878501,0.8781582766977847,0.6036796419021179
1989-08-01,1.7728031516570917,0.5904217136778738,0.46134656812273594
1989-09-01,1.6098494298780603,0.6363325056717382,0.4842009014002077
1989-10-01,1.5479655398984602,0.5230398743803928,0.428054784317245
1989-11-01,1.54437498183621,0.642902096312745,0.4874772516169721
1989-12-01,1.4583979179545183,0.534954867100162,0.4339114685135721
1990-01-01,1.353000376120297,0.26905569916519356,0.3088779471412345
1990-02-01,1.3481455158781577,0.4059415652806443,0.3715295290195559
1990-03-01,1.342693439550254,0.4290350068109574,0.3825013605525197
1990-04-01,1.2768704962813933,0.1861402050082697,0.2733371834759273
1990-05-01,1.1438834400060625,0.10153890451042358,0.2392933987242254
1990-06-01,1.16396636073479,0.15527455012467106,0.2606443060852882
1990-07-01,1.1153271973470955,0.08552363660956086,0.23311995145971445
1990-08-01,1.0449809382742012,-0.22352572071723853,0.13238336061399475
1990-09-01,1.0662999533630766,-0.00246921625980167,0.20082462169921456
1990-10-01,1.323732043990583,0.17416326419723727,0.2683757664548342
1990-11-01,1.4659013762689967,0.2757368157881386,0.31182779609397626
1990-12-01,1.4681418916324196,0.35207749298068736,0.34635401239104285
1991-01-01,1.4811933533571378,0.3736661444484928,0.3563703098425838
1991-02-01,1.329468144946888,0.3056519554112873,0.3251823183362642
1991-03-01,1.288112556455963,0.23987432234708497,0.2961396879092624
1991-04-01,1.2895749714037532,0.20342350684374955,0.2805758901395792
1991-05-01,1.24254903373424,0.1881691143427453,0.274182131229784
1991-06-01,1.219053645634931,0.09960557620282406,0.23854344512091225
1991-07-01,1.3049049073262844,0.19694505099446943,0.2778516973612557
1991-08-01,1.2288004143189024,0.1401807981608849,0.2545496444887333
1991-09-01,1.3313648828634703,0.17182133703400826,0.267410949802772
1991-10-01,1.3086918230970053,0.15709364185050134,0.26138387067328317
1991-11-01,1.3010046608973738,0.1695810453473332,0.26648964461789215
1991-12-01,1.4660034604411245,0.17875544040852254,0.27027269878596716
1992-01-01,1.2794536211254657,0.05322105762162499,0.2209415059762869
1992-02-01,1.242899862440982,0.10388061685293382,0.24020349003146263
1992-03-01,1.1699083103909609,0.04747571863381639,0.2188142433555712
1992-04-01,1.175509784223132,0.0393183504175294,0.2158142443940355
1992-05-01,1.1843820679140804,0.00596307653411232,0.2037979933989474
1992-06-01,1.172716978626827,0.00547743839681813,0.20362604011315297
1992-07-01,1.2350408369293928,-0.06415771686846905,0.17987422268327685
1992-08-01,1.3799484301665772,0.0819969678236383,0.2317724949646998
1992-09-01,1.500225097394876,0.18042301095540836,0.27096319286187254
1992-10-01,1.393902458396458,0.1098826340932737,0.24254472438348004
1992-11-01,1.2645266161700814,0.07253053492359696,0.2281771392226576
1992-12-01,1.3295045115637305,0.10643104856183516,0.2411968409714133
1993-01-01,1.355951641874794,0.06935737632270156,0.2269790262407872
1993-02-01,1.3965432285368893,0.06204270942249756,0.2242307329283199
1993-03-01,1.3454621283300705,0.03468027330196222,0.21411920376299623
1993-04-01,1.3935857024107212,0.06708328101194572,0.22612256611023368
1993-05-01,1.3054661954946778,0.0372907196986203,0.215072267659465
1993-06-01,1.2981601902812958,-0.03084015116439609,0.19101334902044736
1993-07-01,1.2721859437250171,-0.03752046699140421,0.18874663747638667
1993-08-01,1.3625285071977742,-0.03899777751859079,0.1882476157933052
1993-09-01,1.3998979187338974,0.05289467691386718,0.22082034436497905
1993-10-01,1.3367448488358842,-0.02237404409554888,0.19390987201148024
1993-11-01,1.2544880900996584,-0.11696863846867787,0.1630733653438844
1993-12-01,1.2250751399134472,-0.15427546700312522,0.1518405758417517
1994-01-01,1.18684313879281,-0.2311352560737765,0.13035512661462556
1994-02-01,1.0968800713628677,-0.42541015180159225,0.0856984189665916
1994-03-01,1.1755918513296757,-0.30909102838940816,0.11081078850806728
1994-04-01,1.1879849829668934,-0.2668124841827286,0.12113292506473568
1994-05-01,1.2113674560872132,-0.2728986649747078,0.11960670448850608
1994-06-01,1.1748465768652063,-0.3176359941263118,0.10880348982548035
1994-07-01,1.1696839016010063,-0.29127077233585696,0.11508199870846572
1994-08-01,1.1477256712956685,-0.2599673102404607,0.12286578512864672
1994-09-01,1.1327907919544653,-0.3846783271653069,0.09395644264217544
1994-10-01,1.1500297873729357,-0.3007143522900442,0.11280417421546464
1994-11-01,1.219551405021898,-0.22570997239691493,0.13179896071475505
1994-12-01,1.245588667914712,-0.17428947581926968,0.14603154825800618
1995-01-01,1.2376204091901175,-0.21865556200901293,0.13369280174345743
1995-02-01,1.2088059775581974,-0.25064461911555,0.12525367854126493
1995-03-01,1.2078650507605075,-0.2599172010185049,0.12287853407335043
1995-04-01,1.183477000313479,-0.1988551995836811,0.1391080588215746
1995-05-01,1.2813010454586733,-0.2902967284364808,0.11531878902810616
1995-06-01,1.3072308326919748,-0.1032621624289749,0.16733260888848372
1995-07-01,1.2247000578450402,-0.275447393929275,0.11897161068980695
1995-08-01,1.2437997207484637,-0.1666074298194753,0.14824334512226836
1995-09-01,1.2399793988750591,-0.12396106311935196,0.16092787835807887
1995-10-01,1.313574129636491,-0.08740038574572617,0.17235026856687055
1995-11-01,1.358512931554788,-0.00424569236096772,0.20020154196578585
1995-12-01,1.372109117508295,-0.01738047977359902,0.1956308106815067
1996-01-01,1.3535891710896124,-0.06495260763383581,0.17961354746185584
1996-02-01,1.2660126664666465,-0.27854730311710196,0.11820238771075084
1996-03-01,1.2248624597498483,-0.3027302382067585,0.11232213331606918
1996-04-01,1.2275426310800963,-0.2521198526363815,0.12487367272977531
1996-05-01,1.173951392709142,-0.28517569756458205,0.11656940952164883
1996-06-01,1.2378641745844523,-0.2379128309405003,0.128566828508943
1996-07-01,1.250432484837979,-0.2863677567572014,0.1162774381825649
1996-08-01,1.220289058995749,-0.3578194515571156,0.09971430689828537
1996-09-01,1.204128297221062,-0.3515611002424035,0.10109221721136807
1996-10-01,1.2458245076563657,-0.2938312647546044,0.11446119189221642
1996-11-01,1.293653400846767,-0.24570429931292992,0.12653213318743536
1996-12-01,1.2157914465016706,-0.368838782840329,0.09732160393167746
1997-01-01,1.2492595672741846,-0.31556196784828927,0.1092882798940663
1997-02-01,1.183749164449512,-0.4329428526812285,0.08423266165158655
1997-03-01,1.1872482912305606,-0.46353972058903503,0.07847197523117072
1997-04-01,1.1921553480545748,-0.4113594207240821,0.08848338632576017
1997-05-01,1.1503118443016456,-0.4103530424257495,0.0886854165840199
1997-06-01,1.1253428701756425,-0.511082620746611,0.07012031457757027
1997-07-01,1.182791168896258,-0.4880872284475544,0.07407023345946705
1997-08-01,1.123788043465732,-0.4890501477879092,0.07390149282870705
1997-09-01,1.1348460962459217,-0.5421965814704532,0.0650363222180847
1997-10-01,1.2675429750986125,-0.41514227603541753,0.0877270452587538
1997-11-01,1.291483356687293,-0.3078504046457202,0.11110441518659206
1997-12-01,1.2848991315655756,-0.37310515233153296,0.09640661916523136
1998-01-01,1.3324764948963344,-0.32809245889894534,0.10638290307442344
1998-02-01,1.300507169835315,-0.302396278129071,0.11240188833607805
1998-03-01,1.2807110816305671,-0.35488238974193886,0.10035924572669468
1998-04-01,1.1931878821197677,-0.38824735880390615,0.09321018777193188
1998-05-01,1.2049649621035616,-0.34115988494119653,0.10341287758089927
1998-06-01,1.304477392053375,-0.3032852392453076,0.11218967962876462
1998-07-01,1.351531588162124,-0.2630287142952856,0.12208865190667165
1998-08-01,1.9823382484716956,0.1356200670859411,0.2527228780676936
1998-09-01,2.0939971059121394,0.1181147775977558,0.2457758710522338
1998-10-01,2.231529067261861,0.23244510157049805,0.29293558695934463
1998-11-01,1.9704781514693368,0.21919922274959736,0.28726312690451317
1998-12-01,1.931560859653758,0.08224997726555694,0.231869019164527
1999-01-01,1.8910240518719068,0.07450696744726248,0.22892518895747432
1999-02-01,1.7647874110936752,-0.1515114974157601,0.15265471550153917
1999-03-01,1.6627708467708866,-0.13813285501206707,0.15663632048718104
1999-04-01,1.61081396376359,-0.1789943653511561,0.14468793021881732
1999-05-01,1.6458082656553763,-0.17737243276243042,0.14515017664046542
1999-06-01,1.6858768196852143,-0.11373399042398737,0.16407211371347405
1999-07-01,1.7423784548501322,-0.06544310691749922,0.17945281240726263
1999-08-01,1.9586411946480329,-0.00434220309763544,0.20016772517660103
1999-09-01,2.0206204322703125,0.12979837146666395,0.25040111081626304
1999-10-01,2.0866789305995903,0.14308061839239072,0.25571473279328644
1999-11-01,2.037546173748062,0.10808655256840582,0.24184282552557665
1999-12-01,1.862697629054356,-0.12216358836597928,0.16147763047646577
2000-01-01,1.951746674154659,0.06408703808462501,0.22499692727190537
2000-02-01,2.122063749705321,0.1530167671241356,0.2597278887532821
2000-03-01,2.4724797336204185,0.4171967738516136,0.3768645346020936
2000-04-01,2.6326045966269307,0.5750031215110512,0.45369600328792736
2000-05-01,2.802786292820378,0.757460962202904,0.5445505427958218
2000-06-01,2.8122246765252883,0.8059131545313631,0.5684828085504315
2000-07-01,2.9290527958432584,0.8859165214145737,0.6074149225894829
2000-08-01,3.051138311629874,1.039735229398449,0.6790332010968376
2000-09-01,3.199956227897844,1.1464980288848,0.7252617757587836
2000-10-01,3.635501030687768,1.5371564912895876,0.8615286760828833
2000-11-01,3.7367477473529096,1.6195539930405425,0.8830323644522194
2000-12-01,3.7571032536719464,1.6187924230493709,0.8828451089481268
2001-01-01,3.370642447300915,1.1642052883047969,0.7325996953878137
2001-02-01,3.292957190620823,1.196650235687304,0.7457834287865659
2001-03-01,3.249290427478023,1.125132600441089,0.7162777581574439
2001-04-01,3.172554202298158,0.933212310452602,0.6299606927231965
2001-05-01,2.968723805976939,0.7884102352087998,0.5598617480802908
2001-06-01,3.0764290736696873,1.031409768515648,0.6752953044370742
2001-07-01,3.0117005556463217,0.7979772013484858,0.564577742474212
2001-08-01,3.003516881008127,0.7790147436824308,0.5552219968395601
2001-09-01,3.5172105122612867,1.243837180401354,0.7643313203247631
2001-10-01,3.417345785311736,1.059717574645484,0.6879304313518674
2001-11-01,2.969791665177343,-0.097265643086474,0.16921835078640127
2001-12-01,2.8843698750408246,0.41386286474460743,0.37528174619846655
2002-01-01,2.920527776772775,0.5769501733811491,0.45466122492373695
2002-02-01,2.958090585289686,0.7967673247604483,0.5639818317739181
2002-03-01,2.6166188563709696,0.2898822278271318,0.318113088605567
2002-04-01,2.658459443149495,0.4286500400637281,0.3823176574974422
2002-05-01,2.73463728322125,0.528329791995009,0.4306531091150631
2002-06-01,3.2774888967934257,0.9813596906507072,0.6524620296071452
2002-07-01,4.091923009031274,1.6091755226574644,0.8804622084045834
2002-08-01,3.9681842117671433,1.5066937634045203,0.8529357381644871
2002-09-01,4.296627011872055,1.6919271647868048,0.8998703531147101
2002-10-01,4.3470043902468944,1.4804173534151022,0.8452422136095608
2002-11-01,3.774240172865568,1.06503500282746,0.690279968830158
2002-12-01,3.678170983408556,0.930721514001088,0.6287836553316964
2003-01-01,3.562984513458865,0.8816537883409454,0.6053637898501754
2003-02-01,3.4491588116232954,0.6800970915544045,0.506036395162152
2003-03-01,3.2069138402586472,0.16125341144643324,0.26307909526345663
2003-04-01,2.7286779273699797,0.07853007272072032,0.2304521167508112
2003-05-01,2.804684502891423,-0.47369486306260544,0.07662753709247844
2003-06-01,2.5407174376511183,-0.3637343812079217,0.0984246685003898
2003-07-01,2.4420962025251987,-1.077127839294969,0.01451966518160488
2003-08-01,2.3966710255195864,-0.19170321108175337,0.1411002823569408
2003-09-01,2.422968808832967,-0.5394294343304313,0.06547654644358834
2003-10-01,2.1027438622236847,-0.5165997197094399,0.0691971867410325
2003-11-01,2.00841067750452,-0.5438320189837431,0.06477722331320256
2003-12-01,1.9178418291929265,-0.5074688687517277,0.0707300877372558
2004-01-01,1.789382741289964,-0.7049394798001392,0.04295416056138612
2004-02-01,1.9030963038824733,-0.33477587376025597,0.10485625886620058
2004-03-01,1.9172389986233151,-0.5217449856535783,0.06834473936878671
2004-04-01,1.7469234840325616,-0.7626668192499426,0.03675927375701113
2004-05-01,1.8923534946015337,-0.37853265587037144,0.09525176886827576
2004-06-01,1.803104308347058,-0.3826250275347727,0.09438776363836364
2004-07-01,1.72978803047843,-0.31874223109861144,0.10854554738729956
2004-08-01,1.854785625263608,-0.4223844921812028,0.08629251521295073
2004-09-01,1.7433738815547837,-0.5441337065944276,0.06472951526860797
2004-10-01,1.7348672231747069,-0.5272874197020114,0.06743558074851491
2004-11-01,1.527808172086814,-0.665499962550518,0.04765253796547047
2004-12-01,1.4593200821488044,-0.7128615130468818,0.04205712931117996
2005-01-01,1.694157418561368,-0.6961910223088208,0.04396266655967667
2005-02-01,1.5487873461845,-0.926674621839022,0.02303492689871611
2005-03-01,1.84029884526466,-0.6386169855082011,0.05108469723626647
2005-04-01,2.123849804550002,-0.3837339114966891,0.09415464784581867
2005-05-01,2.095573548080987,-0.3019511595454967,0.11250825268062828
2005-06-01,1.9517064141976743,-0.4477686017081069,0.08140286757733911
2005-07-01,1.7112655755249837,-0.5507438400173306,0.06369104121346969
2005-08-01,1.799036344160574,-0.5489038853729655,0.06397879374988784
2005-09-01,1.8192294221802885,-0.4566147723281291,0.07974889723673556
2005-10-01,1.868970152017997,-0.3391751594701786,0.10386005714264164
2005-11-01,1.8766400461010648,-0.30916094963126506,0.11079425634882964
2005-12-01,1.938260244880912,-0.28030994741416326,0.11776657028751604
2006-01-01,1.7809856727547158,-0.3496957839324071,0.10150557876229414
2006-02-01,1.7325564182649502,-0.30498385105092773,0.11178499148316828
2006-03-01,1.703692940493609,-0.3920128400382428,0.09242761462263482
2006-04-01,1.6274586663381525,-0.42911382413509713,0.08497536784139408
2006-05-01,1.6407348939685076,-0.3311891848453792,0.10567355645599552
2006-06-01,1.7498725594804556,-0.3403432286345769,0.10359670933580609
2006-07-01,1.7956068257685596,-0.23942919224374837,0.12816907067237804
2006-08-01,1.804405126510942,-0.2643011141942553,0.12176667250953656
2006-09-01,1.8165557420703131,-0.3252433984368217,0.1070385496784672
2006-10-01,1.7122396586037132,-0.3554329846853035,0.10023811129065983
2006-11-01,1.7008695785119523,-0.3242242641597246,0.1072737865940082
2006-12-01,1.5890978284489394,-0.45955924483486976,0.07920404521473788
2007-01-01,1.4951865175440908,-0.5201392195428849,0.06860990207045527
2007-02-01,1.5323029579448273,-0.5151753592684882,0.0694346110223305
2007-03-01,1.5917297287864896,-0.3261551337343538,0.10682841814637092
2007-04-01,1.562129081402342,-0.32889487817399665,0.10619876898558596
2007-05-01,1.471194593637376,-0.5614617947057143,0.06203481916978791
2007-06-01,1.633249752242368,-0.3512600609688099,0.1011588455647878
2007-07-01,2.1365167025746694,0.0585993092271142,0.2229435356153295
2007-08-01,2.2850340752048672,0.16463740581717534,0.26446230191190656
2007-09-01,2.2533671596213987,0.09746065902039458,0.2377129222071172
2007-10-01,2.1881437218423065,0.01594184253826203,0.20735037053420668
2007-11-01,2.76134197117763,0.3632040267629497,0.35150340417914716
2007-12-01,2.847961743494156,0.5224075638050296,0.4277444095666574
2008-01-01,3.2658149715291525,0.7399997551837005,0.5358813580482292
2008-02-01,3.5365947591714133,0.9512692363000133,0.6384565867734662
2008-03-01,3.7711590157616417,1.173186748809924,0.7362834687779224
2008-04-01,3.267143026048855,0.6810525000733674,0.5065131139963029
2008-05-01,3.110440973125883,0.6927640153169659,0.5123558287679367
2008-06-01,3.4359653824443845,0.832024811494001,0.5812824804286262
2008-07-01,3.669490580340298,1.0864058353511077,0.6996438640690473
2008-08-01,3.776027124551635,1.2363036499501212,0.7614210763360993
2008-09-01,4.7761317537836,1.7830409371578506,0.9184597938290546
2008-10-01,7.1380297704125555,3.400465678940805,0.9996845797329044
2008-11-01,7.844395345971491,3.123191881165818,0.9989338510140896
2008-12-01,7.660285079980124,3.3238543648898773,0.9995533892472732
2009-01-01,6.388291569059764,2.808599319152643,0.9962928571956772
2009-02-01,6.198652059657287,3.1952970685112247,0.9992148120577112
2009-03-01,6.316331773799217,2.7668966576344736,0.9956735898763808
2009-04-01,5.42293669335514,2.2667163765758467,0.9772394757124288
2009-05-01,4.811100623482517,1.37182807553766,0.8106804293688459
2009-06-01,4.171172307299493,0.9363988110916734,0.6314647140889313
2009-07-01,3.557523334059841,0.3318890738709479,0.33708344739317786
2009-08-01,3.3379648422287085,0.0656270483087269,0.22557508653039737
2009-09-01,2.977804360302778,0.06910812908257702,0.22688506663146657
2009-10-01,2.861571860124334,-0.134272585951412,0.1577977670765299
2009-11-01,2.8559688695180903,0.00569466953027664,0.20370294596022193
2009-12-01,2.421946275380708,-0.47752954701664985,0.07593969978396357
2010-01-01,2.410360176256397,-0.1844158040971919,0.14315003708011106
2010-02-01,2.4455255383742776,0.01486772558196003,0.20696624258971744
2010-03-01,2.2364101938903507,-0.14428820287159017,0.15479601872706375
2010-04-01,2.1275241361468615,-0.26014104742346245,0.12282158955522392
2010-05-01,2.5867768470184913,-0.11829525655005124,0.16266489627707417
2010-06-01,2.718864675306113,0.06326000225827455,0.22468678378431192
2010-07-01,2.5588452581188297,0.19909517643790675,0.27875439279234016
2010-08-01,2.706907948356212,-0.2663954760318381,0.12123799665471602
2010-09-01,2.5461071749243747,0.02428498053393113,0.2103483847185884
2010-10-01,2.418150617181132,0.02704628291453703,0.21134620612212152
2010-11-01,2.4216672443642424,-0.10585176877716009,0.1665224517062047
2010-12-01,2.231902166392352,-0.39188153361350286,0.09245482173416468
2011-01-01,2.12096919047592,0.01147334011698308,0.20575510668957983
2011-02-01,2.011119557708599,-0.24443019308399805,0.12686331533118206
2011-03-01,1.977927331630352,-0.2867614797711642,0.11618111760555978
2011-04-01,1.9900403206658832,-0.23402541070483163,0.12959045110055042
2011-05-01,2.0755319196162487,-0.10489969658996534,0.16682001225746307
2011-06-01,2.16296703659615,0.01130069199842331,0.20569361747377596
2011-07-01,2.230047560528791,-0.03063921603694952,0.19108178636248468
2011-08-01,2.833728165825183,-0.07415421423382185,0.176613286927254
2011-09-01,3.119604705232815,0.46657394907853966,0.4005355997595501
2011-10-01,2.811555805412423,-0.0666007149609733,0.17907382659900414
2011-11-01,2.9969737428104626,0.5343887141401069,0.4336328430812381
2011-12-01,2.887846248209311,0.31370189738437126,0.3288155485797378
2012-01-01,2.7676881241976568,0.22063037366648075,0.28787349610232815
2012-02-01,2.520186964460113,0.0959584075005191,0.23713218860214516
2012-03-01,2.4474592279630736,-0.31298372246186146,0.1098930889327288
2012-04-01,2.538137915788065,-0.12726327514720337,0.15992109470511978
2012-05-01,2.8088297117930634,-0.04435763652396263,0.18644394961550417
2012-06-01,2.7603354416966597,0.2039751221516348,0.28080844030788615
2012-07-01,2.6123006565514704,0.0360243038594179,0.2146095968580511
2012-08-01,2.5389020069430797,-0.169130877692802,0.14751434122099752
2012-09-01,2.4161729285678466,-0.11690345187543992,0.1630934536309414
2012-10-01,2.255822917817379,-0.1489592495839056,0.15340905851949554
2012-11-01,2.350731439229929,-0.01765630122095451,0.19553551269829783
2012-12-01,2.2472953002578637,-0.1357373976674392,0.15735638211812103
2013-01-01,2.12741943175995,-0.0645195243986727,0.1797555426436466
2013-02-01,2.174290532518122,6.738276909041829e-4,0.20192985708964295
2013-03-01,2.150776411008801,-0.0661158202676595,0.17923251348371635
2013-04-01,2.0909162609731275,-0.09205950678713393,0.17086655939910067
2013-05-01,2.0012292470305635,-0.476025623997832,0.07620889991683749
2013-06-01,2.1764912515128536,-0.3446645622197977,0.10262665278449461
2013-07-01,2.0514787645243766,0.0072020201588594,0.20423706671916753
2013-08-01,2.023707017181413,-0.11027537840658796,0.1651443946213338
2013-09-01,2.0944296946921708,-0.1187209126090285,0.16253397685606735
2013-10-01,1.998575804444788,-0.0191567485122126,0.1950175930260839
2013-11-01,1.9520909285989307,0.02169912066204449,0.2094164737763035
2013-12-01,1.7975490277920327,-0.13675900959619458,0.15704902536432522
2014-01-01,1.8548803562631495,-0.293527425163302,0.11453473472098737
2014-02-01,1.7555857707019369,-0.1903059524815931,0.14149174404328094
2014-03-01,1.7056108603896605,-0.26159559852985126,0.12245201562005924
2014-04-01,1.6496864261208846,-0.3443063133365223,0.10270682091685168
2014-05-01,1.6479140874895015,-0.3602404114619562,0.0991849778749916
2014-06-01,1.61700846123496,-0.2964033484025028,0.11383997862500436
2014-07-01,1.674983802862948,-0.3117075368163793,0.11019334580622347
2014-08-01,1.6716660913902734,-0.30561967120335254,0.11163377850622952
2014-09-01,1.8217133710819335,-0.2104814210976882,0.13591054526518742
2014-10-01,1.9238379707890092,-0.20959140780476093,0.13615352854791718
2014-11-01,2.0873071283524887,0.0670856644098059,0.22612346277831324
2014-12-01,2.1789462623808906,0.0858110525253637,0.2332299576052839
2015-01-01,2.2573650196858748,-0.04013131795618019,0.1878652689147202
2015-02-01,2.0129841359402225,-0.2925320197838257,0.11477590309206412
2015-03-01,2.123485207733539,-0.12981124254388776,0.15914708808376202
2015-04-01,2.093875395082644,0.00981585891398006,0.20516523950098664
2015-05-01,2.100065928324434,0.05609192612806613,0.22200889057789897
2015-06-01,2.2186723027722204,0.1533870267509374,0.25987806031068716
2015-07-01,2.3525915555246084,0.21492692697233504,0.28544469484868856
2015-08-01,2.46528808446267,0.4044159300929224,0.37080824262749057
2015-09-01,2.679080027043383,0.5437168822768847,0.4382276932864767
2015-10-01,2.453369279631448,0.4299358271901501,0.3829313281107428
2015-11-01,2.5098478472125523,0.516777941210554,0.424983056509008
2015-12-01,2.7212473782824076,0.6861960538931342,0.5090794088280394
2016-01-01,3.1128751750469603,0.9236250459944104,0.6254236094253843
2016-02-01,3.128889557817826,0.9562429199893536,0.6407849993634593
2016-03-01,2.71276538527658,0.5899330023782019,0.4611038392053662
2016-04-01,2.436361233496931,0.24437334197961524,0.298087825498279
2016-05-01,2.405362522681947,0.25785090344586736,0.30395843922634613
2016-06-01,2.505618155831571,0.06704385802295665,0.2261077349141336
2016-07-01,2.3113534675233507,0.01571132160616928,0.20726789565264123
2016-08-01,2.1162178410185297,-0.01154325210670448,0.19765421525412577
2016-09-01,2.107125839234614,-0.06604696282013078,0.17925505497618538
2016-10-01,1.9125956865393368,-0.0652910731320957,0.17950262372214187
2016-11-01,1.8231231688420144,-0.7496326673742322,0.03809001190506322
2016-12-01,1.6868946420168809,-0.23693387596415372,0.12882407350896022
2017-01-01,1.644188769651249,-0.18892650218021512,0.14187893776054958
2017-02-01,1.5966505779991755,-0.17523661225709075,0.1457603942092566
2017-03-01,1.631957392009404,-0.16313308046052089,0.14925099432161282
2017-04-01,1.6198128427609015,-0.11001241813223683,0.16522610590208883
2017-05-01,1.5849161310704296,-0.15744025268669648,0.1509119230992683
2017-06-01,1.5639624105368584,-0.11552345991326772,0.1635190975440539
2017-07-01,1.5088501709160551,-0.13959255274787497,0.15619860840599048
2017-08-01,1.6233567580542243,-0.07038982022479812,0.17783684785980164
2017-09-01,1.508109361545782,-0.2505477926581021,0.12527864830084728
2017-10-01,1.4369356400155844,-0.20572100948321848,0.13721364580953668
2017-11-01,1.4518253597023092,-0.12300728941001736,0.1612194347917193
2017-12-01,1.41158219166317,-0.18879184630697488,0.14191677230796954
2018-01-01,1.276795388231348,-0.3951562154760988,0.09177806449682424
2018-02-01,1.3748957629406329,-0.23792450000333276,0.12856376432129468
2018-03-01,1.5364804319763146,-0.0972272854530285,0.16923045696605482
2018-04-01,1.4496385622868986,-0.27922656401694,0.11803430418602578
2018-05-01,1.535331486863481,-0.1908038267755654,0.14135217323343335
2018-06-01,1.62195147873376,0.03248209838860938,0.21331856809479188
2018-07-01,1.487674482682534,-0.12094596478151565,0.16185073180411866
2018-08-01,1.522980810235979,-0.08981188156070208,0.1715812982429685
2018-09-01,1.4314502632932729,-0.1711741600177128,0.14692581591725265
2018-10-01,1.583475549206519,0.009124808934035,0.20491960459026184
2018-11-01,1.7892943450416232,0.15391098742732567,0.2600906471434194
2018-12-01,2.076983875361502,0.35550070560385927,0.3479353159494637
2019-01-01,1.8296979501071595,0.1946686132070352,0.2768975296940651
2019-02-01,1.648023567273897,0.08558356556973812,0.23314288641313988
2019-03-01,1.678767831675078,-0.10677843889968176,0.16623315955108334
2019-04-01,1.5787228532921278,0.0151075273700616,0.207051964472673
2019-05-01,1.8163662753635728,-0.0013020318514636,0.20123463173533956
2019-06-01,1.6896810147684789,0.027452714759995,0.2114933076387064
2019-07-01,1.630709798134868,-0.02686118771170798,0.1923713586489509
2019-08-01,1.8082417618389148,-0.14429469374550297,0.15479408568110717
2019-09-01,1.727684102858904,-0.22268410352222023,0.1326090124931598
2019-10-01,1.7055084869357,-0.21783191177379213,0.13391513417451853
2019-11-01,1.6393877480465997,-0.16122423081038706,0.14980655115048466
2019-12-01,1.48770080461116,-0.27182572324866383,0.11987477470608182
2020-01-01,1.6649238906599395,-0.23550899900074795,0.12919913339434003
2020-02-01,1.985197893932558,-0.14779194540011553,0.1537548887693275
2020-03-01,3.821601559476067,1.192179703551001,0.7439873278635347
2020-04-01,2.885220268986319,0.6557726021795935,0.4938982052485694
2020-05-01,2.523248659135445,0.4137918376490606,0.37524804848955134
2020-06-01,2.32720257004988,0.05757760929574829,0.22256241933279233
2020-07-01,2.0346570932819357,-0.15525301668945923,0.1515533260522458
2020-08-01,1.9389504967839983,-0.28017588810038574,0.1177996767198066
2020-09-01,2.0547879103824713,0.00753925591437498,0.20435667827423645
2020-10-01,1.9313057458511993,-0.2025194095610121,0.13809482679064652
2020-11-01,1.6735373877406812,-0.45972455512475574,0.07917353958153965
2020-12-01,1.4896297537846388,-0.4901106358953125,0.07371599446600671
2021-01-01,1.448576758916245,-0.6456720903349988,0.05016547528921061
2021-02-01,1.393054352541517,-0.9458473213095024,0.0217573560776377
2021-03-01,1.3310698499843054,-0.7390425552575377,0.03919992949057742
2021-04-01,1.2693364790018504,-0.4797726475246919,0.07553953411148898
2021-05-01,1.2615763511214366,-0.41527574508263654,0.08770044792538903
2021-06-01,1.183605750139321,-0.5803101841216538,0.05920395370468222
2021-07-01,1.2500590214901708,-0.5518759843946892,0.06351448491147184
2021-08-01,1.2450171976552442,-0.47461704886117606,0.07646169103399278
2021-09-01,1.191488554195545,-0.6445834368910202,0.05030645131059275
2021-10-01,1.184966054192951,-0.5243536586141995,0.0679156518169032
2021-11-01,1.334402217990005,-0.45009669841465816,0.08096509488116396
2021-12-01,1.248144992485185,-0.4443664206433626,0.08204581744152971
2022-01-01,1.3630109519745577,-0.34971758800384967,0.10150073979284946
2022-02-01,1.5259245167296325,-0.2154399646081779,0.13456224551521753
2022-03-01,1.4192381303537305,-0.8658185371036036,0.02751565979680348
2022-04-01,1.5937221912514916,-0.3235650572074209,0.10742614334705604
2022-05-01,1.5858323174039348,-0.1245462754009372,0.1607491569233847
2022-06-01,1.94369508464484,0.06874926455742325,0.22674982275076283
2022-07-01,1.7259337963128534,0.01144644498389735,0.20574552717907824
2022-08-01,1.7201354379697995,-0.03229178984675229,0.1905193760194344
2022-09-01,1.8801394429792373,0.0223228987081705,0.2096410528278348
2022-10-01,1.6836392938453444,0.10309016906042244,0.23989607689063625
2022-11-01,1.5786589312339616,-0.2229780937364354,0.132530158624311
2022-12-01,1.5247852148332823,-0.00279664669967338,0.2007096916229553
2023-01-01,1.4226944243624748,-0.01298653158069362,0.19715274634483465
2023-02-01,1.4911194560070984,-0.14250536863550867,0.15532756802137493
2023-03-01,1.536796028323271,-0.17531116976167427,0.14573906364906353
2023-04-01,1.544482188440756,0.2134529982000939,0.2848186155334089
2023-05-01,1.5770607049793512,0.16102687595518872,0.2629866311533027
2023-06-01,1.419315565995829,0.2023431380151206,0.2801206980619497
2023-07-01,1.312184645418678,0.04020452391927498,0.21613898972641613
2023-08-01,1.347557776002992,0.09623420013026718,0.23723874482012888
2023-09-01,1.336428804625309,0.01175908949553172,0.2058569012681383
2023-10-01,1.4314113851140438,0.2492648978516694,0.3002125372171698
2023-11-01,1.196402816620384,-0.05825317927074835,0.1818179785562555
2023-12-01,1.1459315852251974,-0.20681029288500752,0.13691471832848617
2024-01-01,1.1064177652735503,-0.0432741711438136,0.1868076847762359
2024-02-01,1.1076762790899524,-0.10892083683425312,0.1655655794444245
2024-03-01,1.0571695889337247,-0.06612094738469576,0.17923083511828933
2024-04-01,1.0205431955359665,-0.1800406901869489,0.14439025715904308
2024-05-01,0.9883033845641878,-0.10658779704756216,0.16629264846739417
2024-06-01,1.0986879766362003,-6.494365642359945e-4,0.20146409484114144
2024-07-01,1.0750816154631253,-0.06313831165875694,0.1802088723901206
2024-08-01,1.0982760608540154,-0.0109152997340316,0.19787263840433464
2024-09-01,1.053313299584513,-0.0692688335280014,0.17820223882330072
2024-10-01,0.9867448097374252,-0.33946658366751403,0.10379430849263652
2024-11-01,0.9516322132239764,-0.20018447536212824,0.13873990247127443
2024-12-01,0.937760673015886,-0.4388218579790366,0.08310182563294428
2025-01-01,0.8986239628592364,-0.2736028353292631,0.11943100030987448
2025-02-01,0.9969150403513152,-0.22819103070876767,0.13113731171609294
2025-03-01,1.1202342993713472,-0.00739929217206336,0.19909831689340435
2025-04-01,1.261471723360775,-0.06419796084146312,0.17986101943055652
2025-05-01,1.0200482298953322,-0.1762345440270412,0.14547506442325522
2025-06-01,0.9859092891264016,-0.1905823850364751,0.14141423922984847
2025-07-01,0.9203060589979803,-0.21054902098411463,0.13589210190284973
2025-08-01,0.9352079513163334,-0.15858814790905118,0.15057602892651864
2025-09-01,0.8866835045886315,-0.29266990396405734,0.11474247475743446
2025-10-01,0.9324710532326902,-0.25962937228455896,0.122951782325266
2025-11-01,0.938034362288133,-0.20461463145113049,0.13751772052952244
2025-12-01,0.9027724166087876,-0.21335389943313443,0.13512835387361738
2026-01-01,0.849350973567095,-0.2642593920588139,0.12177722078018231
2026-02-01,0.9693768751596734,-0.2624148491683027,0.12224420340880476
2026-03-01,1.0278027605036215,-0.269959440413418,0.12034206665012112
2026-04-01,0.9163307898699232,-0.20742393427990913,0.13674651542126676
2026-05-01,0.8298055700567881,-0.3799085044170986,0.09496064431181996
2026-06-01,0.8552332415350449,-0.297648271615362,0.11354016745004482
