ticker,horizon,status,error,accuracy,roc_auc,brier_score,n_train,elapsed_s
AAPL,1,OK,,0.4839,0.4788,0.261,1302,1.4
AAPL,3,OK,,0.553,0.5112,0.2469,1300,0.3
AAPL,5,OK,,0.5369,0.5,0.2495,1299,0.3
ABNB,1,OK,,0.4895,0.5103,0.2575,857,0.3
ABNB,3,OK,,0.4965,0.4492,0.2759,856,0.3
ABNB,5,OK,,0.5158,0.5684,0.3051,855,0.3
ABT,1,OK,,0.4585,0.4683,0.2591,1302,0.3
ABT,3,OK,,0.47,0.4595,0.2755,1300,0.3
ABT,5,OK,,0.4908,0.4824,0.2782,1299,0.3
ADSK,1,OK,,0.4931,0.483,0.2529,1302,0.3
ADSK,3,OK,,0.4931,0.5175,0.2488,1300,0.3
ADSK,5,OK,,0.53,0.4735,0.2537,1299,0.3
AI,1,OK,,0.4615,0.4595,0.2707,858,0.3
AI,3,OK,,0.472,0.4959,0.2705,856,0.3
AI,5,OK,,0.4441,0.5132,0.2862,855,0.3
ALK,1,OK,,0.5023,0.517,0.2563,1302,0.3
ALK,3,OK,,0.5346,0.5164,0.2633,1300,0.3
ALK,5,OK,,0.5346,0.5703,0.2523,1299,0.3
AMD,1,OK,,0.4839,0.4991,0.2613,1302,0.3
AMD,3,OK,,0.4355,0.5023,0.2731,1300,0.3
AMD,5,OK,,0.5922,0.4828,0.2438,1299,0.3
AMPX,1,OK,,0.5101,0.5553,0.2508,591,0.3
AMPX,3,OK,,0.5127,0.45,0.2639,590,0.3
AMPX,5,OK,,0.5279,0.5004,0.2516,589,0.3
AMZN,1,OK,,0.4908,0.4955,0.2576,1302,0.3
AMZN,3,OK,,0.5092,0.501,0.2553,1300,0.3
AMZN,5,OK,,0.5,0.5159,0.2506,1299,0.4
APLD,1,OK,,0.5322,0.4737,0.2557,697,0.3
APLD,3,OK,,0.5236,0.4695,0.252,696,0.3
APLD,5,OK,,0.5345,0.5268,0.25,695,0.3
ARM,1,OK,,0.5,0.5835,0.2607,441,0.3
ARM,3,OK,,0.4966,0.6001,0.2637,440,0.3
ARM,5,OK,,0.5374,0.6871,0.2374,439,0.3
ASAN,1,OK,,0.4662,0.4462,0.2553,887,0.3
ASAN,3,OK,,0.5405,0.5117,0.2484,886,0.3
ASAN,5,OK,,0.4983,0.5287,0.257,885,0.3
ASTS,1,OK,,0.4926,0.4752,0.254,810,0.3
ASTS,3,OK,,0.5333,0.5325,0.255,808,0.3
ASTS,5,OK,,0.5037,0.5095,0.2517,807,0.3
AXP,1,OK,,0.5115,0.5369,0.253,1302,0.3
AXP,3,OK,,0.4539,0.4996,0.2558,1300,0.3
AXP,5,OK,,0.4839,0.5062,0.2542,1299,0.3
AZN,1,OK,,0.523,0.5174,0.2503,1302,0.3
AZN,3,OK,,0.4977,0.53,0.2592,1300,0.3
AZN,5,OK,,0.5507,0.5932,0.2509,1299,0.3
BA,1,OK,,0.5484,0.5487,0.25,1302,0.3
BA,3,OK,,0.5207,0.5351,0.2509,1300,0.3
BA,5,OK,,0.606,0.627,0.2392,1299,0.3
BETR,1,OK,,0.5,0.4858,0.2651,450,0.3
BETR,3,OK,,0.5733,0.5025,0.2468,448,0.3
BETR,5,OK,,0.5533,0.467,0.26,447,0.3
BRKR,1,OK,,0.5023,0.4896,0.2526,1302,0.3
BRKR,3,OK,,0.5115,0.5083,0.2492,1300,0.3
BRKR,5,OK,,0.5346,0.5272,0.2461,1299,0.3
BSX,1,OK,,0.4885,0.4828,0.2663,1302,0.3
BSX,3,OK,,0.4654,0.459,0.2638,1300,0.3
BSX,5,OK,,0.5138,0.5342,0.2529,1299,0.3
CAVA,1,OK,,0.5437,0.5244,0.2514,478,0.3
CAVA,3,OK,,0.6562,0.6067,0.2356,477,0.3
CAVA,5,OK,,0.5157,0.6571,0.249,476,0.3
CI,1,OK,,0.5161,0.528,0.2483,1302,0.3
CI,3,OK,,0.5392,0.5737,0.2526,1300,0.3
CI,5,OK,,0.5,0.5603,0.2558,1299,0.3
CNC,1,OK,,0.5115,0.5269,0.2491,1302,0.3
CNC,3,OK,,0.5253,0.5421,0.2513,1300,0.3
CNC,5,OK,,0.5438,0.5427,0.2487,1299,0.3
COST,1,OK,,0.4793,0.5154,0.2537,1302,0.3
COST,3,OK,,0.4839,0.4636,0.2559,1300,0.3
COST,5,OK,,0.4954,0.5036,0.2561,1299,0.3
CRM,1,OK,,0.4839,0.4822,0.2511,1302,0.3
CRM,3,OK,,0.5092,0.4721,0.2546,1300,0.3
CRM,5,OK,,0.5046,0.485,0.2544,1299,0.3
CRWD,1,OK,,0.5304,0.5539,0.2531,1084,0.3
CRWD,3,OK,,0.4613,0.5135,0.2991,1083,0.3
CRWD,5,OK,,0.4377,0.4698,0.3242,1082,0.3
DDOG,1,OK,,0.4799,0.495,0.2506,1043,0.3
DDOG,3,OK,,0.4425,0.4969,0.2649,1042,0.3
DDOG,5,OK,,0.4236,0.5394,0.2626,1041,0.3
DNA,1,OK,,0.5282,0.4779,0.2578,741,0.3
DNA,3,OK,,0.5263,0.4245,0.2574,740,0.3
DNA,5,OK,,0.5385,0.5769,0.25,739,0.3
DUOL,1,OK,,0.5216,0.5154,0.2631,763,0.3
DUOL,3,OK,,0.4488,0.4527,0.2554,762,0.3
DUOL,5,OK,,0.5276,0.4464,0.2646,760,0.3
ETSY,1,OK,,0.553,0.5417,0.2472,1302,0.3
ETSY,3,OK,,0.5346,0.5693,0.2489,1300,0.3
ETSY,5,OK,,0.5392,0.5141,0.2621,1299,0.3
FIVN,1,OK,,0.47,0.5205,0.2615,1302,0.3
FIVN,3,OK,,0.4677,0.5564,0.2618,1300,0.3
FIVN,5,OK,,0.4654,0.5439,0.2599,1299,0.3
FSLY,1,OK,,0.5205,0.5177,0.2522,1095,0.3
FSLY,3,OK,,0.5014,0.5154,0.2482,1093,0.3
FSLY,5,OK,,0.5479,0.5645,0.249,1092,0.3
FTNT,1,OK,,0.5253,0.5233,0.2507,1302,0.3
FTNT,3,OK,,0.5092,0.5329,0.2552,1300,0.3
FTNT,5,OK,,0.4908,0.5053,0.2531,1299,0.3
GM,1,OK,,0.4816,0.5444,0.2515,1302,0.3
GM,3,OK,,0.4677,0.5401,0.297,1300,0.3
GM,5,OK,,0.4793,0.5513,0.3641,1299,0.3
GME,1,OK,,0.5369,0.5162,0.2578,1302,0.3
GME,3,OK,,0.5,0.5415,0.273,1300,0.3
GME,5,OK,,0.5346,0.519,0.2728,1299,0.3
GOOG,1,OK,,0.5323,0.5382,0.2539,1302,0.3
GOOG,3,OK,,0.5207,0.4963,0.2553,1300,0.3
GOOG,5,OK,,0.553,0.4612,0.2508,1299,0.3
HUM,1,OK,,0.5207,0.4903,0.2514,1302,0.3
HUM,3,OK,,0.5161,0.5321,0.2567,1300,0.3
HUM,5,OK,,0.5968,0.5684,0.2418,1299,0.3
HY,1,OK,,0.4724,0.4983,0.2511,1302,0.3
HY,3,OK,,0.5092,0.5697,0.2502,1300,0.3
HY,5,OK,,0.5184,0.5207,0.2514,1299,0.3
INSM,1,OK,,0.4839,0.5354,0.2509,1301,0.3
INSM,3,OK,,0.5,0.4898,0.2642,1300,0.3
INSM,5,OK,,0.5081,0.4676,0.2625,1299,0.3
INTC,1,OK,,0.4839,0.486,0.2577,1302,0.3
INTC,3,OK,,0.5415,0.548,0.2486,1300,0.3
INTC,5,OK,,0.523,0.4796,0.252,1299,0.3
IREN,1,OK,,0.5314,0.5131,0.2497,715,0.3
IREN,3,OK,,0.5481,0.5529,0.248,714,0.3
IREN,5,OK,,0.5168,0.5633,0.2498,713,0.3
JNJ,1,OK,,0.5023,0.5279,0.252,1302,0.3
JNJ,3,OK,,0.4954,0.5202,0.2662,1300,0.3
JNJ,5,OK,,0.4885,0.5311,0.2681,1299,0.3
KVUE,1,OK,,0.4759,0.5232,0.2536,496,0.3
KVUE,3,OK,,0.5212,0.5096,0.2819,495,0.3
KVUE,5,OK,,0.5091,0.5371,0.2574,493,0.3
LLY,1,OK,,0.5484,0.56,0.2492,1302,0.3
LLY,3,OK,,0.4516,0.521,0.2555,1300,0.3
LLY,5,OK,,0.5737,0.5883,0.248,1299,0.3
LULU,1,OK,,0.4839,0.529,0.2528,1302,0.3
LULU,3,OK,,0.4839,0.569,0.2596,1300,0.3
LULU,5,OK,,0.4401,0.5416,0.2649,1299,0.3
LYFT,1,OK,,0.4946,0.5364,0.2579,1115,0.3
LYFT,3,OK,,0.5269,0.5344,0.2554,1114,0.3
LYFT,5,OK,,0.5256,0.5317,0.2498,1113,0.3
META,1,OK,,0.5498,0.548,0.2481,631,0.3
META,3,OK,,0.5118,0.4792,0.2585,630,0.3
META,5,OK,,0.4952,0.5293,0.2558,629,0.3
MP,1,OK,,0.5121,0.5026,0.255,866,0.3
MP,3,OK,,0.5156,0.5649,0.2493,865,0.3
MP,5,OK,,0.559,0.613,0.2462,864,0.3
MRNA,1,OK,,0.4987,0.5374,0.2504,1161,0.3
MRNA,3,OK,,0.5065,0.4852,0.2574,1159,0.3
MRNA,5,OK,,0.5891,0.6096,0.2433,1158,0.3
MSFT,1,OK,,0.4931,0.4705,0.2606,1302,0.3
MSFT,3,OK,,0.5069,0.4649,0.2532,1300,0.3
MSFT,5,OK,,0.5138,0.4982,0.251,1299,0.3
MU,1,OK,,0.4562,0.4479,0.2842,1302,0.3
MU,3,OK,,0.4839,0.5575,0.2644,1300,0.3
MU,5,OK,,0.394,0.5408,0.2778,1299,0.3
NET,1,OK,,0.467,0.5199,0.2745,1045,0.3
NET,3,OK,,0.4126,0.4331,0.2658,1044,0.3
NET,5,OK,,0.6293,0.4343,0.2489,1043,0.3
NFLX,1,OK,,0.5392,0.5034,0.2502,1302,0.3
NFLX,3,OK,,0.5138,0.4839,0.2716,1300,0.3
NFLX,5,OK,,0.5415,0.4779,0.2672,1299,0.3
NIO,1,OK,,0.5238,0.5013,0.2516,1197,0.3
NIO,3,OK,,0.5564,0.494,0.2483,1195,0.3
NIO,5,OK,,0.4687,0.47,0.2541,1194,0.3
NOK,1,OK,,0.4677,0.5306,0.2694,1302,0.3
NOK,3,OK,,0.5023,0.5044,0.2604,1300,0.3
NOK,5,OK,,0.5115,0.5049,0.2885,1299,0.3
NVDA,1,OK,,0.4839,0.5152,0.2573,1302,0.3
NVDA,3,OK,,0.5645,0.5562,0.2453,1300,0.3
NVDA,5,OK,,0.5438,0.5112,0.2477,1299,0.3
NVMI,1,OK,,0.4539,0.5268,0.2779,1302,0.3
NVMI,3,OK,,0.477,0.4878,0.2637,1300,0.3
NVMI,5,OK,,0.47,0.4814,0.2817,1299,0.3
NVO,1,OK,,0.4793,0.4787,0.2573,1302,0.3
NVO,3,OK,,0.4724,0.5141,0.263,1300,0.3
NVO,5,OK,,0.4977,0.509,0.2549,1299,0.3
OKLO,1,OK,,0.5304,0.5656,0.2622,342,0.3
OKLO,3,OK,,0.4561,0.4823,0.2622,341,0.3
OKLO,5,OK,,0.4298,0.4894,0.3111,340,0.3
ONTO,1,OK,,0.5248,0.535,0.2541,1027,0.3
ONTO,3,OK,,0.4503,0.532,0.2637,1026,0.3
ONTO,5,OK,,0.5234,0.5311,0.2564,1024,0.3
OPEN,1,OK,,0.5754,0.5508,0.246,853,0.3
OPEN,3,OK,,0.5951,0.5226,0.241,852,0.3
OPEN,5,OK,,0.5282,0.5825,0.2492,850,0.3
ORIC,1,OK,,0.5157,0.5306,0.2503,953,0.3
ORIC,3,OK,,0.5283,0.5028,0.2575,952,0.3
ORIC,5,OK,,0.5174,0.5725,0.248,951,0.3
PFE,1,OK,,0.5323,0.5275,0.2495,1302,0.3
PFE,3,OK,,0.4862,0.491,0.2682,1300,0.3
PFE,5,OK,,0.523,0.508,0.258,1299,0.3
PL,1,OK,,0.5085,0.4489,0.2611,707,0.3
PL,3,OK,,0.4746,0.4342,0.2814,706,0.3
PL,5,OK,,0.4553,0.4203,0.3301,705,0.3
PLTR,1,OK,,0.4865,0.5098,0.2571,887,0.3
PLTR,3,OK,,0.5101,0.5853,0.2662,886,0.3
PLTR,5,OK,,0.5051,0.5216,0.2629,885,0.3
PUBM,1,OK,,0.5,0.501,0.2524,858,0.3
PUBM,3,OK,,0.479,0.5107,0.2604,856,0.3
PUBM,5,OK,,0.479,0.4767,0.2673,855,0.3
PYPL,1,OK,,0.4908,0.4702,0.2517,1302,0.3
PYPL,3,OK,,0.4977,0.5249,0.2547,1300,0.3
PYPL,5,OK,,0.4654,0.5157,0.2589,1299,0.3
QS,1,OK,,0.5382,0.499,0.2579,862,0.3
QS,3,OK,,0.5694,0.5763,0.2468,861,0.3
QS,5,OK,,0.5226,0.5421,0.2627,860,0.3
QUBT,1,OK,,0.5097,0.5504,0.2559,768,0.3
QUBT,3,OK,,0.5859,0.5309,0.2467,767,0.3
QUBT,5,OK,,0.5898,0.6095,0.2413,766,0.3
QURE,1,OK,,0.53,0.532,0.2486,1302,0.3
QURE,3,OK,,0.5,0.5024,0.2551,1300,0.3
QURE,5,OK,,0.4724,0.5073,0.2548,1299,0.3
ROKU,1,OK,,0.5,0.5156,0.2592,1302,0.3
ROKU,3,OK,,0.4585,0.4632,0.2582,1300,0.3
ROKU,5,OK,,0.5,0.4923,0.2615,1299,0.3
ROST,1,OK,,0.4862,0.4829,0.2738,1302,0.3
ROST,3,OK,,0.4631,0.5104,0.2622,1300,0.3
ROST,5,OK,,0.4078,0.4886,0.2845,1299,0.3
S,1,OK,,0.5367,0.5431,0.2463,774,0.3
S,3,OK,,0.5155,0.5572,0.2587,773,0.3
S,5,OK,,0.5233,0.5449,0.2563,772,0.3
SHOP,1,OK,,0.5069,0.534,0.2535,1302,0.3
SHOP,3,OK,,0.4862,0.5171,0.2561,1300,0.3
SHOP,5,OK,,0.4839,0.5739,0.2541,1299,0.3
SLV,1,OK,,0.4309,0.5483,0.2613,1302,0.3
SLV,3,OK,,0.5369,0.5028,0.2586,1300,0.3
SLV,5,OK,,0.4032,0.4185,0.2991,1299,0.3
SMCI,1,OK,,0.4849,0.4959,0.2531,1092,0.3
SMCI,3,OK,,0.4863,0.5042,0.2626,1091,0.3
SMCI,5,OK,,0.5137,0.5101,0.2537,1090,0.3
SMMT,1,OK,,0.4885,0.5109,0.2576,1301,0.3
SMMT,3,OK,,0.5023,0.5714,0.2768,1300,0.3
SMMT,5,OK,,0.4965,0.5825,0.2809,1299,0.3
SNOW,1,OK,,0.4631,0.4833,0.2529,893,0.3
SNOW,3,OK,,0.5067,0.5336,0.2561,892,0.3
SNOW,5,OK,,0.5118,0.5372,0.2783,891,0.3
TEAM,1,OK,,0.5069,0.4973,0.2528,1302,0.3
TEAM,3,OK,,0.5069,0.4919,0.2577,1300,0.3
TEAM,5,OK,,0.5115,0.5341,0.2562,1299,0.3
TGT,1,OK,,0.4931,0.5141,0.25,1302,0.3
TGT,3,OK,,0.4747,0.4636,0.2572,1300,0.3
TGT,5,OK,,0.5092,0.4511,0.2539,1299,0.3
TJX,1,OK,,0.477,0.5116,0.2507,1302,0.3
TJX,3,OK,,0.5046,0.5247,0.2514,1300,0.3
TJX,5,OK,,0.4908,0.5604,0.2504,1299,0.3
TPR,1,OK,,0.553,0.5306,0.2486,1302,0.3
TPR,3,OK,,0.5576,0.5315,0.2465,1300,0.3
TPR,5,OK,,0.4217,0.3991,0.2742,1299,0.3
TSLA,1,OK,,0.5115,0.5001,0.2531,1302,0.3
TSLA,3,OK,,0.523,0.5287,0.2524,1300,0.3
TSLA,5,OK,,0.5253,0.5035,0.251,1299,0.3
TSM,1,OK,,0.47,0.5249,0.254,1302,0.3
TSM,3,OK,,0.4747,0.4908,0.2634,1300,0.3
TSM,5,OK,,0.4309,0.4769,0.2894,1299,0.3
UAL,1,OK,,0.5138,0.5067,0.2674,1302,0.3
UAL,3,OK,,0.4816,0.5111,0.2729,1300,0.4
UAL,5,OK,,0.477,0.5758,0.3147,1299,0.3
UNH,1,OK,,0.4931,0.4943,0.2587,1302,0.3
UNH,3,OK,,0.4793,0.4809,0.2638,1300,0.3
UNH,5,OK,,0.4954,0.5037,0.273,1299,0.3
USAR,1,OK,,0.4795,0.5421,0.2654,216,0.3
USAR,3,OK,,0.6667,0.566,0.2534,215,0.3
USAR,5,OK,,0.5694,0.514,0.242,214,0.3
V,1,OK,,0.5,0.5237,0.2515,1302,0.3
V,3,OK,,0.4747,0.5334,0.2688,1300,0.3
V,5,OK,,0.4862,0.5189,0.2581,1299,0.3
VKTX,1,OK,,0.5115,0.5244,0.2519,1302,0.3
VKTX,3,OK,,0.5069,0.57,0.252,1300,0.3
VKTX,5,OK,,0.5484,0.5919,0.247,1299,0.3
VZ,1,OK,,0.4954,0.4887,0.2523,1302,0.3
VZ,3,OK,,0.5046,0.5482,0.2493,1300,0.3
VZ,5,OK,,0.5069,0.5255,0.2486,1299,0.3
WMT,1,OK,,0.4839,0.4872,0.2758,1302,0.3
WMT,3,OK,,0.4447,0.5877,0.2797,1300,0.3
WMT,5,OK,,0.4516,0.5562,0.3191,1299,0.3
XYZ,1,OK,,0.5,0.591,0.2696,238,0.3
XYZ,3,OK,,0.575,0.6066,0.2508,237,0.3
XYZ,5,OK,,0.4304,0.6683,0.3036,236,0.3
ZM,1,OK,,0.4932,0.5025,0.2654,1107,0.3
ZM,3,OK,,0.5285,0.5373,0.2503,1105,0.3
ZM,5,OK,,0.4688,0.5186,0.2512,1104,0.3
SPY,1,OK,,0.4539,0.5028,0.2629,1302,0.3
SPY,3,OK,,0.4447,0.4657,0.2732,1300,0.3
SPY,5,OK,,0.4263,0.4638,0.2545,1299,0.3
QQQ,1,OK,,0.4747,0.5028,0.259,1302,0.3
QQQ,3,OK,,0.5576,0.5193,0.2482,1300,0.3
QQQ,5,OK,,0.5645,0.4423,0.246,1299,0.3
GLD,1,OK,,0.5783,0.5727,0.2463,1302,0.3
GLD,3,OK,,0.4171,0.4596,0.2615,1300,0.3
GLD,5,OK,,0.3779,0.4592,0.2626,1299,0.3
XLF,1,OK,,0.4954,0.5141,0.2601,1302,0.3
XLF,3,OK,,0.553,0.5647,0.2525,1300,0.3
XLF,5,OK,,0.4516,0.5732,0.2993,1299,0.4
XLE,1,OK,,0.5161,0.4882,0.2518,1302,0.3
XLE,3,OK,,0.5392,0.5013,0.2495,1300,0.3
XLE,5,OK,,0.6244,0.4532,0.2407,1299,0.3
XLV,1,OK,,0.4793,0.4958,0.2519,1302,0.3
XLV,3,OK,,0.5069,0.5439,0.2572,1300,0.3
XLV,5,OK,,0.5415,0.5718,0.2485,1299,0.3
XLI,1,OK,,0.5,0.5154,0.2534,1302,0.3
XLI,3,OK,,0.4539,0.5615,0.2753,1300,0.3
XLI,5,OK,,0.4493,0.5176,0.2656,1299,0.3
XLU,1,OK,,0.4724,0.4737,0.2581,1302,0.3
XLU,3,OK,,0.4977,0.5603,0.2531,1300,0.3
XLU,5,OK,,0.4631,0.5672,0.2871,1299,0.3
COIN,1,OK,,0.5316,0.4822,0.2534,807,0.3
COIN,3,OK,,0.5019,0.5165,0.256,805,0.3
COIN,5,OK,,0.4944,0.5065,0.2504,804,0.3
AVGO,1,OK,,0.4885,0.5102,0.2594,1302,0.3
AVGO,3,OK,,0.5253,0.5605,0.2684,1300,0.3
AVGO,5,OK,,0.53,0.5277,0.2606,1299,0.3
ANET,1,OK,,0.5415,0.5022,0.2485,1302,0.3
ANET,3,OK,,0.4401,0.4673,0.2654,1300,0.3
ANET,5,OK,,0.4724,0.552,0.2634,1299,0.3
AMAT,1,OK,,0.4747,0.4459,0.2645,1302,0.3
AMAT,3,OK,,0.4355,0.4825,0.2764,1300,0.3
AMAT,5,OK,,0.4539,0.4555,0.2507,1299,0.3
LRCX,1,OK,,0.4562,0.4971,0.268,1302,0.3
LRCX,3,OK,,0.4355,0.5286,0.2661,1300,0.3
LRCX,5,OK,,0.3848,0.4754,0.2761,1299,0.3
VRT,1,OK,,0.538,0.5186,0.2504,984,0.3
VRT,3,OK,,0.5518,0.5089,0.2486,983,0.3
VRT,5,OK,,0.5518,0.4504,0.2465,982,0.3
ETN,1,OK,,0.5023,0.5088,0.2533,1302,0.3
ETN,3,OK,,0.53,0.5351,0.2512,1300,0.3
ETN,5,OK,,0.5138,0.5191,0.2495,1299,0.3
NOW,1,OK,,0.4885,0.5235,0.2507,1302,0.3
NOW,3,OK,,0.4562,0.5315,0.2503,1300,0.3
NOW,5,OK,,0.4931,0.527,0.2515,1299,0.3
EQIX,1,OK,,0.4747,0.5097,0.2545,1302,0.3
EQIX,3,OK,,0.4862,0.5583,0.2833,1300,0.3
EQIX,5,OK,,0.553,0.563,0.2553,1299,0.3
DLR,1,OK,,0.5184,0.5016,0.251,1302,0.3
DLR,3,OK,,0.4885,0.4862,0.2621,1300,0.3
DLR,5,OK,,0.4954,0.5057,0.2506,1299,0.3
WDC,1,OK,,0.4862,0.5225,0.2533,1302,0.3
WDC,3,OK,,0.3825,0.5121,0.2731,1300,0.3
WDC,5,OK,,0.4793,0.5935,0.2514,1299,0.3
STX,1,OK,,0.4516,0.4681,0.2767,1302,0.3
STX,3,OK,,0.4078,0.4865,0.2913,1300,0.3
STX,5,OK,,0.3825,0.4791,0.2989,1299,0.3
ASML,1,OK,,0.4862,0.4995,0.258,1302,0.3
ASML,3,OK,,0.5599,0.5323,0.2443,1300,0.3
ASML,5,OK,,0.477,0.5337,0.279,1299,0.3
GEV,1,OK,,0.5167,0.5267,0.2567,359,0.3
GEV,3,OK,,0.5083,0.6661,0.3148,358,0.3
GEV,5,OK,,0.5042,0.6915,0.2525,357,0.3
CEG,1,OK,,0.4803,0.4718,0.2538,684,0.3
CEG,3,OK,,0.4868,0.4663,0.2705,683,0.3
CEG,5,OK,,0.5263,0.5555,0.2588,682,0.3
VST,1,OK,,0.5253,0.5439,0.254,1302,0.3
VST,3,OK,,0.5115,0.5107,0.255,1300,0.3
VST,5,OK,,0.5023,0.5452,0.2562,1299,0.3
LIN,1,OK,,0.4923,0.5035,0.2522,1176,0.3
LIN,3,OK,,0.5357,0.5258,0.2478,1174,0.3
LIN,5,OK,,0.5255,0.5191,0.2503,1173,0.3
MRVL,1,OK,,0.477,0.5089,0.2712,1302,0.3
MRVL,3,OK,,0.4516,0.4947,0.269,1300,0.3
MRVL,5,OK,,0.4263,0.4592,0.3026,1299,0.3
ALAB,1,OK,,0.6311,0.616,0.2443,364,0.3
ALAB,3,OK,,0.595,0.7029,0.2303,363,0.3
ALAB,5,OK,,0.6198,0.6151,0.2292,361,0.3
CLS,1,OK,,0.4816,0.5068,0.2544,1302,0.3
CLS,3,OK,,0.5023,0.4744,0.2592,1300,0.3
CLS,5,OK,,0.5184,0.5423,0.2462,1299,0.3
SYM,1,OK,,0.4882,0.5405,0.2752,632,0.3
SYM,3,OK,,0.5545,0.5552,0.2643,631,0.3
SYM,5,OK,,0.5857,0.6116,0.2443,630,0.3
MNDY,1,OK,,0.5096,0.5098,0.2594,783,0.3
MNDY,3,OK,,0.4866,0.4925,0.2775,781,0.3
MNDY,5,OK,,0.4943,0.5634,0.2678,780,0.3
FVRR,1,OK,,0.5331,0.5254,0.2495,1084,0.3
FVRR,3,OK,,0.5291,0.543,0.2496,1083,0.3
FVRR,5,OK,,0.5596,0.5179,0.2461,1081,0.3
APD,1,OK,,0.5161,0.5121,0.2528,1302,0.3
APD,3,OK,,0.4977,0.5813,0.2502,1300,0.3
APD,5,OK,,0.5069,0.5455,0.2564,1299,0.3
EME,1,OK,,0.5461,0.5156,0.2505,1302,0.3
EME,3,OK,,0.5092,0.5101,0.2532,1300,0.3
EME,5,OK,,0.4885,0.4701,0.2815,1299,0.3
KLAC,1,OK,,0.4793,0.5223,0.2602,1302,0.4
KLAC,3,OK,,0.4631,0.5326,0.2666,1300,0.3
KLAC,5,OK,,0.4424,0.505,0.2588,1299,0.3
TXN,1,OK,,0.5369,0.5418,0.2484,1302,0.3
TXN,3,OK,,0.4954,0.4878,0.2774,1300,0.3
TXN,5,OK,,0.4793,0.51,0.2651,1299,0.3
MCHP,1,OK,,0.4401,0.4661,0.2559,1302,0.3
MCHP,3,OK,,0.5023,0.5323,0.2518,1300,0.3
MCHP,5,OK,,0.5092,0.5143,0.2569,1299,0.3
NXPI,1,OK,,0.5161,0.4594,0.258,1302,0.3
NXPI,3,OK,,0.5369,0.5162,0.2522,1300,0.3
NXPI,5,OK,,0.523,0.5434,0.2829,1299,0.3
DELL,1,OK,,0.5377,0.5326,0.2483,1152,0.3
DELL,3,OK,,0.474,0.5006,0.2558,1151,0.3
DELL,5,OK,,0.4453,0.4583,0.2908,1150,0.3
GLW,1,OK,,0.447,0.5148,0.2659,1302,0.3
GLW,3,OK,,0.4078,0.4851,0.282,1300,0.3
GLW,5,OK,,0.3687,0.5145,0.3149,1299,0.3
FLEX,1,OK,,0.4908,0.5457,0.252,1302,0.3
FLEX,3,OK,,0.5737,0.5141,0.2477,1300,0.3
FLEX,5,OK,,0.4885,0.4795,0.2536,1299,0.3
JBL,1,OK,,0.5599,0.5093,0.2469,1302,0.3
JBL,3,OK,,0.5507,0.521,0.2471,1300,0.3
JBL,5,OK,,0.523,0.5631,0.2583,1299,0.3
GFS,1,OK,,0.5083,0.5424,0.2516,724,0.3
GFS,3,OK,,0.4979,0.5026,0.2623,723,0.3
GFS,5,OK,,0.5477,0.5201,0.2651,721,0.3
NEE,1,OK,,0.5115,0.5211,0.2522,1302,0.3
NEE,3,OK,,0.5484,0.5711,0.2475,1300,0.3
NEE,5,OK,,0.5323,0.535,0.2622,1299,0.3
D,1,OK,,0.5438,0.5726,0.2513,1302,0.3
D,3,OK,,0.5461,0.5415,0.2505,1300,0.3
D,5,OK,,0.4954,0.6099,0.2481,1299,0.3
CHTR,1,OK,,0.4608,0.4667,0.2546,1302,0.3
CHTR,3,OK,,0.477,0.4664,0.2737,1300,0.3
CHTR,5,OK,,0.4516,0.441,0.2618,1299,0.4
BIO,1,OK,,0.4839,0.4726,0.2687,1302,0.3
BIO,3,OK,,0.5023,0.5442,0.2635,1300,0.3
BIO,5,OK,,0.5161,0.5214,0.2508,1299,0.3
HOOD,1,OK,,0.502,0.5204,0.2527,762,0.3
HOOD,3,OK,,0.5591,0.5261,0.2531,761,0.3
HOOD,5,OK,,0.4921,0.5,0.2592,760,0.3
RDDT,1,OK,,0.5,0.507,0.2519,363,0.3
RDDT,3,OK,,0.5702,0.5604,0.2698,362,0.3
RDDT,5,OK,,0.5785,0.6146,0.254,361,0.3
PINS,1,OK,,0.5122,0.4846,0.2549,1107,0.3
PINS,3,OK,,0.4715,0.5185,0.2515,1105,0.3
PINS,5,OK,,0.4959,0.5238,0.2536,1104,0.3
MDB,1,OK,,0.4954,0.5259,0.2564,1302,0.3
MDB,3,OK,,0.4539,0.5186,0.2557,1300,0.3
MDB,5,OK,,0.477,0.5087,0.253,1299,0.3
CRWV,1,OK,,0.5775,0.473,0.2433,210,0.3
CRWV,3,OK,,0.4143,0.5922,0.2609,209,0.3
CRWV,5,OK,,0.4571,0.5669,0.3207,208,0.3
NBIS,1,OK,,0.5109,0.4779,0.2521,275,0.3
NBIS,3,OK,,0.5326,0.5421,0.2567,274,0.3
NBIS,5,OK,,0.5275,0.5024,0.2623,273,0.3
RKLB,1,OK,,0.4701,0.5257,0.2541,751,0.3
RKLB,3,OK,,0.512,0.4825,0.2622,750,0.3
RKLB,5,OK,,0.56,0.4831,0.256,748,0.3
STLA,1,OK,,0.4733,0.489,0.2567,842,0.3
STLA,3,OK,,0.4448,0.4705,0.2733,841,0.3
STLA,5,OK,,0.4679,0.4798,0.3111,840,0.3
CRCL,1,OK,,0.4098,0.4457,0.2581,182,0.3
CRCL,3,OK,,0.4918,0.5484,0.2521,181,0.3
CRCL,5,OK,,0.5667,0.6331,0.2466,180,0.3
FIG,1,OK,,0.439,0.5504,0.273,614,0.3
FIG,3,OK,,0.5317,0.5366,0.2526,613,0.3
FIG,5,OK,,0.4755,0.5133,0.2577,612,0.3
AMC,1,OK,,0.5945,0.5291,0.243,1302,0.3
AMC,3,OK,,0.5645,0.5252,0.2572,1300,0.4
AMC,5,OK,,0.5876,0.5859,0.2462,1299,0.3
AFL,1,OK,,0.477,0.4969,0.2527,1302,0.4
AFL,3,OK,,0.5484,0.5662,0.2469,1300,0.3
AFL,5,OK,,0.447,0.4871,0.2808,1299,0.3
ALL,1,OK,,0.4977,0.5194,0.2582,1302,0.3
ALL,3,OK,,0.5323,0.5805,0.2525,1300,0.3
ALL,5,OK,,0.5576,0.5777,0.2481,1299,0.3
AIG,1,OK,,0.4747,0.5241,0.2637,1302,0.3
AIG,3,OK,,0.5184,0.5036,0.2573,1300,0.3
AIG,5,OK,,0.477,0.5235,0.2607,1299,0.3
AMP,1,OK,,0.5253,0.5282,0.251,1302,0.3
AMP,3,OK,,0.523,0.5644,0.2489,1300,0.3
AMP,5,OK,,0.5276,0.5627,0.2505,1299,0.3
AON,1,OK,,0.4839,0.4873,0.2562,1302,0.3
AON,3,OK,,0.4908,0.5671,0.254,1300,0.3
AON,5,OK,,0.5092,0.5706,0.2599,1299,0.4
APO,1,OK,,0.5161,0.5383,0.2476,1302,0.3
APO,3,OK,,0.4954,0.5525,0.2501,1300,0.3
APO,5,OK,,0.5392,0.5464,0.2489,1299,0.3
ACGL,1,OK,,0.5115,0.5036,0.2516,1302,0.3
ACGL,3,OK,,0.5323,0.5194,0.2498,1300,0.3
ACGL,5,OK,,0.5461,0.6164,0.2456,1299,0.4
ARES,1,OK,,0.4793,0.5037,0.2544,1302,0.3
ARES,3,OK,,0.4816,0.5127,0.2622,1300,0.3
ARES,5,OK,,0.5,0.5295,0.258,1299,0.3
AJG,1,OK,,0.5,0.4938,0.2538,1302,0.4
AJG,3,OK,,0.477,0.488,0.2584,1300,0.3
AJG,5,OK,,0.5161,0.476,0.2762,1299,0.3
AIZ,1,OK,,0.4747,0.4896,0.2575,1302,0.3
AIZ,3,OK,,0.4885,0.5337,0.2782,1300,0.3
AIZ,5,OK,,0.5783,0.5467,0.2464,1299,0.3
BAC,1,OK,,0.5161,0.5354,0.2507,1302,0.4
BAC,3,OK,,0.4539,0.5172,0.2734,1300,0.3
BAC,5,OK,,0.3917,0.4868,0.3151,1299,0.3
BLK,1,OK,,0.5046,0.5043,0.2502,1302,0.3
BLK,3,OK,,0.523,0.4387,0.2586,1300,0.4
BLK,5,OK,,0.447,0.5072,0.2614,1299,0.3
BX,1,OK,,0.5645,0.5533,0.2492,1302,0.4
BX,3,OK,,0.5346,0.5536,0.2491,1300,0.3
BX,5,OK,,0.5392,0.5214,0.2511,1299,0.3
BNY,1,OK,,0.5429,0.495,0.2515,1259,0.3
BNY,3,OK,,0.519,0.4267,0.2546,1258,0.3
BNY,5,OK,,0.4439,0.431,0.2604,1257,0.3
BRO,1,OK,,0.5161,0.5061,0.2567,1302,0.3
BRO,3,OK,,0.53,0.5156,0.2536,1300,0.3
BRO,5,OK,,0.5369,0.5023,0.2556,1299,0.3
COF,1,OK,,0.4539,0.5511,0.2676,1302,0.3
COF,3,OK,,0.4747,0.4616,0.2574,1300,0.3
COF,5,OK,,0.477,0.5208,0.3264,1299,0.3
CBOE,1,OK,,0.4539,0.4906,0.2575,1302,0.3
CBOE,3,OK,,0.4747,0.5805,0.2624,1300,0.3
CBOE,5,OK,,0.6475,0.6431,0.2408,1299,0.3
SCHW,1,OK,,0.4977,0.5023,0.2552,1302,0.3
SCHW,3,OK,,0.4355,0.4856,0.2794,1300,0.3
SCHW,5,OK,,0.4378,0.4916,0.2708,1299,0.3
CB,1,OK,,0.5069,0.5209,0.2501,1302,0.3
CB,3,OK,,0.5484,0.5488,0.2508,1300,0.3
CB,5,OK,,0.5069,0.5698,0.2529,1299,0.3
CINF,1,OK,,0.4585,0.5081,0.256,1302,0.3
CINF,3,OK,,0.4816,0.5939,0.2881,1300,0.3
CINF,5,OK,,0.4885,0.531,0.2833,1299,0.3
C,1,OK,,0.4608,0.4975,0.2549,1302,0.3
C,3,OK,,0.4124,0.5152,0.2645,1300,0.3
C,5,OK,,0.4309,0.5124,0.255,1299,0.3
CFG,1,OK,,0.4424,0.518,0.2584,1302,0.3
CFG,3,OK,,0.4263,0.479,0.2598,1300,0.3
CFG,5,OK,,0.4286,0.529,0.2718,1299,0.3
CME,1,OK,,0.4493,0.5147,0.2594,1302,0.3
CME,3,OK,,0.447,0.5404,0.2725,1300,0.3
CME,5,OK,,0.4355,0.5162,0.2806,1299,0.3
ERIE,1,OK,,0.5046,0.5236,0.2507,1302,0.3
ERIE,3,OK,,0.4954,0.5301,0.2512,1300,0.3
ERIE,5,OK,,0.5276,0.523,0.2517,1299,0.4
FDS,1,OK,,0.4885,0.4669,0.2719,1302,0.3
FDS,3,OK,,0.4862,0.5393,0.3174,1300,0.4
FDS,5,OK,,0.4516,0.5333,0.3259,1299,0.3
FIS,1,OK,,0.4816,0.534,0.2508,1302,0.4
FIS,3,OK,,0.5046,0.513,0.2506,1300,0.3
FIS,5,OK,,0.53,0.5174,0.2516,1299,0.3
FITB,1,OK,,0.4908,0.5481,0.2548,1302,0.3
FITB,3,OK,,0.477,0.53,0.2634,1300,0.3
FITB,5,OK,,0.47,0.5435,0.2841,1299,0.3
BEN,1,OK,,0.5092,0.4908,0.255,1302,0.3
BEN,3,OK,,0.4885,0.5509,0.2577,1300,0.3
BEN,5,OK,,0.5,0.5113,0.2733,1299,0.3
GPN,1,OK,,0.4608,0.4367,0.2564,1302,0.3
GPN,3,OK,,0.5046,0.506,0.25,1300,0.3
GPN,5,OK,,0.4747,0.518,0.2513,1299,0.3
GL,1,OK,,0.5,0.5171,0.2498,1060,0.3
GL,3,OK,,0.5609,0.5319,0.247,1059,0.3
GL,5,OK,,0.5099,0.5201,0.2549,1057,0.3
GS,1,OK,,0.4355,0.5091,0.2692,1302,0.3
GS,3,OK,,0.4424,0.4772,0.2761,1300,0.3
GS,5,OK,,0.4401,0.4621,0.2734,1299,0.3
HIG,1,OK,,0.53,0.5301,0.249,1302,0.3
HIG,3,OK,,0.4954,0.5488,0.2901,1300,0.3
HIG,5,OK,,0.4977,0.5432,0.2626,1299,0.3
HBAN,1,OK,,0.4816,0.5121,0.251,1302,0.3
HBAN,3,OK,,0.5576,0.5587,0.2523,1300,0.3
HBAN,5,OK,,0.5484,0.604,0.2577,1299,0.3
IBKR,1,OK,,0.5115,0.5102,0.2564,1302,0.3
IBKR,3,OK,,0.5392,0.517,0.2487,1300,0.3
IBKR,5,OK,,0.5023,0.4852,0.2502,1299,0.3
ICE,1,OK,,0.4631,0.4695,0.2587,1302,0.3
ICE,3,OK,,0.4908,0.5297,0.2853,1300,0.3
ICE,5,OK,,0.5138,0.5587,0.2742,1299,0.3
IVZ,1,OK,,0.4608,0.4802,0.2619,1302,0.3
IVZ,3,OK,,0.4908,0.5352,0.2806,1300,0.3
IVZ,5,OK,,0.4908,0.5314,0.2662,1299,0.3
JKHY,1,OK,,0.5023,0.5148,0.2527,1302,0.3
JKHY,3,OK,,0.5276,0.546,0.248,1300,0.3
JKHY,5,OK,,0.5484,0.5281,0.2508,1299,0.4
ABBV,1,OK,,0.5115,0.5061,0.2507,1302,0.3
ABBV,3,OK,,0.5461,0.5186,0.2477,1300,0.3
ABBV,5,OK,,0.5714,0.5203,0.2468,1299,0.3
A,1,OK,,0.553,0.5508,0.248,1302,0.3
A,3,OK,,0.4931,0.5418,0.2548,1300,0.3
A,5,OK,,0.5184,0.5605,0.256,1299,0.4
ALGN,1,OK,,0.4908,0.4751,0.2564,1302,0.3
ALGN,3,OK,,0.4977,0.5257,0.2542,1300,0.3
ALGN,5,OK,,0.4747,0.5733,0.3008,1299,0.3
AMGN,1,OK,,0.5346,0.5758,0.2543,1302,0.4
AMGN,3,OK,,0.4793,0.5288,0.2741,1300,0.3
AMGN,5,OK,,0.5138,0.5236,0.2502,1299,0.3
BAX,1,OK,,0.4977,0.5037,0.2507,1302,0.3
BAX,3,OK,,0.4931,0.5051,0.2522,1300,0.3
BAX,5,OK,,0.5714,0.5756,0.2445,1299,0.3
BDX,1,OK,,0.4608,0.4833,0.2584,1302,0.4
BDX,3,OK,,0.4793,0.5325,0.2624,1300,0.3
BDX,5,OK,,0.5046,0.5553,0.267,1299,0.3
TECH,1,OK,,0.5069,0.5495,0.2497,1302,0.3
TECH,3,OK,,0.5599,0.5747,0.2479,1300,0.3
TECH,5,OK,,0.4724,0.5027,0.2583,1299,0.3
BIIB,1,OK,,0.5069,0.5337,0.2488,1300,0.3
BIIB,3,OK,,0.5115,0.5124,0.2504,1299,0.3
BIIB,5,OK,,0.4873,0.6131,0.2536,1298,0.3
BMY,1,OK,,0.5161,0.5365,0.2511,1302,0.3
BMY,3,OK,,0.4885,0.5546,0.272,1300,0.3
BMY,5,OK,,0.5207,0.5547,0.2786,1299,0.3
CAH,1,OK,,0.5115,0.5101,0.256,1302,0.3
CAH,3,OK,,0.4816,0.5659,0.2609,1300,0.3
CAH,5,OK,,0.4516,0.5359,0.2506,1299,0.3
CRL,1,OK,,0.5115,0.5213,0.2531,1302,0.3
CRL,3,OK,,0.4724,0.4961,0.2661,1300,0.3
CRL,5,OK,,0.4816,0.4534,0.2665,1299,0.4
COO,1,OK,,0.5184,0.524,0.2534,1302,0.3
COO,3,OK,,0.4885,0.5056,0.252,1300,0.3
COO,5,OK,,0.5092,0.4746,0.2506,1299,0.3
CVS,1,OK,,0.4954,0.5119,0.2528,1302,0.3
CVS,3,OK,,0.4654,0.5432,0.2525,1300,0.3
CVS,5,OK,,0.4493,0.5374,0.2633,1299,0.3
DHR,1,OK,,0.5,0.5296,0.2556,1302,0.3
DHR,3,OK,,0.4747,0.4835,0.2583,1300,0.3
DHR,5,OK,,0.5207,0.5621,0.2528,1299,0.3
DVA,1,OK,,0.4839,0.4956,0.2652,1302,0.3
DVA,3,OK,,0.5046,0.4844,0.2544,1300,0.3
DVA,5,OK,,0.4194,0.4393,0.3059,1299,0.4
DXCM,1,OK,,0.5069,0.518,0.2534,1302,0.3
DXCM,3,OK,,0.5369,0.5306,0.2492,1300,0.3
DXCM,5,OK,,0.5392,0.4888,0.2583,1299,0.3
EW,1,OK,,0.5069,0.5061,0.2517,1302,0.3
EW,3,OK,,0.5092,0.4998,0.2559,1300,0.3
EW,5,OK,,0.5991,0.6117,0.2404,1299,0.4
GILD,1,OK,,0.5415,0.5159,0.2556,1302,0.3
GILD,3,OK,,0.4954,0.4974,0.263,1300,0.4
GILD,5,OK,,0.4631,0.4741,0.2562,1299,0.3
HCA,1,OK,,0.5323,0.5353,0.2486,1302,0.4
HCA,3,OK,,0.4378,0.5277,0.2819,1300,0.3
HCA,5,OK,,0.4608,0.5759,0.279,1299,0.3
HSIC,1,OK,,0.5023,0.5171,0.2521,1302,0.3
HSIC,3,OK,,0.5069,0.5069,0.2526,1300,0.3
HSIC,5,OK,,0.4793,0.4512,0.2828,1299,0.3
IDXX,1,OK,,0.4977,0.517,0.2551,1302,0.3
IDXX,3,OK,,0.4931,0.5026,0.2547,1300,0.3
IDXX,5,OK,,0.4562,0.5507,0.259,1299,0.3
INCY,1,OK,,0.4954,0.522,0.2566,1302,0.3
INCY,3,OK,,0.4954,0.5388,0.2837,1300,0.3
INCY,5,OK,,0.4977,0.5437,0.299,1299,0.3
PODD,1,OK,,0.4954,0.4785,0.2513,1302,0.3
PODD,3,OK,,0.5069,0.5154,0.2506,1300,0.3
PODD,5,OK,,0.5,0.5157,0.2603,1299,0.3
ISRG,1,OK,,0.4977,0.4834,0.2533,1302,0.3
ISRG,3,OK,,0.447,0.5401,0.2508,1300,0.3
ISRG,5,OK,,0.4977,0.5321,0.2486,1299,0.4
IQV,1,OK,,0.5184,0.5174,0.25,1302,0.3
IQV,3,OK,,0.4977,0.5303,0.2532,1300,0.3
IQV,5,OK,,0.5415,0.5815,0.2461,1299,0.3
LH,1,OK,,0.47,0.4565,0.2535,1302,0.3
LH,3,OK,,0.4516,0.5449,0.26,1300,0.3
LH,5,OK,,0.4378,0.4791,0.2577,1299,0.3
MCK,1,OK,,0.5069,0.4796,0.2594,1302,0.3
MCK,3,OK,,0.5276,0.5318,0.2508,1300,0.3
MCK,5,OK,,0.4908,0.5475,0.2596,1299,0.4
MDT,1,OK,,0.5346,0.5433,0.249,1302,0.3
MDT,3,OK,,0.5346,0.5506,0.2475,1300,0.3
MDT,5,OK,,0.5415,0.5627,0.2481,1299,0.3
MRK,1,OK,,0.4977,0.4996,0.2545,1302,0.3
MRK,3,OK,,0.5115,0.5636,0.2493,1300,0.3
MRK,5,OK,,0.4747,0.534,0.2564,1299,0.3
MTD,1,OK,,0.4908,0.5031,0.2527,1302,0.3
MTD,3,OK,,0.4631,0.5055,0.2867,1300,0.3
MTD,5,OK,,0.5622,0.573,0.2454,1299,0.3
DGX,1,OK,,0.5023,0.5169,0.2529,1302,0.3
DGX,3,OK,,0.5438,0.5319,0.2539,1300,0.3
DGX,5,OK,,0.4908,0.4788,0.2579,1299,0.4
REGN,1,OK,,0.5115,0.5276,0.2498,1302,0.3
REGN,3,OK,,0.4908,0.5129,0.2508,1300,0.4
REGN,5,OK,,0.5553,0.5406,0.2506,1299,0.3
RMD,1,OK,,0.5253,0.5074,0.2548,1302,0.4
RMD,3,OK,,0.4539,0.4534,0.259,1300,0.3
RMD,5,OK,,0.5046,0.4328,0.2568,1299,0.3
STE,1,OK,,0.5138,0.5087,0.2503,1302,0.3
STE,3,OK,,0.5599,0.5754,0.2442,1300,0.3
STE,5,OK,,0.5276,0.5789,0.2502,1299,0.3
SYK,1,OK,,0.4977,0.5022,0.2516,1302,0.3
SYK,3,OK,,0.5276,0.5387,0.2505,1300,0.3
SYK,5,OK,,0.5714,0.5843,0.2469,1299,0.3
MMM,1,OK,,0.5184,0.5181,0.2521,1302,0.3
MMM,3,OK,,0.4724,0.5281,0.2511,1300,0.3
MMM,5,OK,,0.5069,0.4962,0.2502,1299,0.3
AOS,1,OK,,0.5092,0.4963,0.2547,1302,0.3
AOS,3,OK,,0.5438,0.5264,0.2566,1300,0.3
AOS,5,OK,,0.5645,0.5807,0.2477,1299,0.3
ALLE,1,OK,,0.4793,0.468,0.2575,1302,0.4
ALLE,3,OK,,0.4631,0.4924,0.2624,1300,0.3
ALLE,5,OK,,0.4424,0.4441,0.2504,1299,0.4
AME,1,OK,,0.4908,0.5119,0.2519,1302,0.3
AME,3,OK,,0.4816,0.4656,0.2573,1300,0.4
AME,5,OK,,0.4447,0.443,0.2694,1299,0.3
ADP,1,OK,,0.4954,0.5161,0.2507,1302,0.4
ADP,3,OK,,0.4977,0.5496,0.2529,1300,0.3
ADP,5,OK,,0.4378,0.3886,0.2601,1299,0.3
BR,1,OK,,0.5,0.4979,0.2645,1302,0.3
BR,3,OK,,0.4724,0.4825,0.2521,1300,0.3
BR,5,OK,,0.4954,0.4902,0.2583,1299,0.3
BLDR,1,OK,,0.4101,0.493,0.2535,1302,0.3
BLDR,3,OK,,0.424,0.517,0.2548,1300,0.3
BLDR,5,OK,,0.4124,0.4582,0.2605,1299,0.3
CHRW,1,OK,,0.4885,0.4711,0.2511,1302,0.4
CHRW,3,OK,,0.5184,0.5055,0.2843,1300,0.3
CHRW,5,OK,,0.4562,0.4689,0.293,1299,0.4
CARR,1,OK,,0.5078,0.5049,0.2528,961,0.3
CARR,3,OK,,0.514,0.5057,0.2526,960,0.4
CARR,5,OK,,0.4938,0.3865,0.2769,959,0.3
CAT,1,OK,,0.5346,0.5154,0.2503,1302,0.3
CAT,3,OK,,0.4885,0.476,0.2662,1300,0.3
CAT,5,OK,,0.4908,0.4466,0.2917,1299,0.3
CTAS,1,OK,,0.4816,0.4872,0.2567,1302,0.3
CTAS,3,OK,,0.4954,0.5124,0.2699,1300,0.3
CTAS,5,OK,,0.4839,0.4992,0.2673,1299,0.3
FIX,1,OK,,0.5645,0.5601,0.247,1302,0.3
FIX,3,OK,,0.576,0.5012,0.2459,1300,0.3
FIX,5,OK,,0.5392,0.5335,0.2461,1299,0.3
CPRT,1,OK,,0.4931,0.5053,0.2552,1302,0.3
CPRT,3,OK,,0.5415,0.5311,0.2489,1300,0.3
CPRT,5,OK,,0.4585,0.574,0.2683,1299,0.3
CSX,1,OK,,0.5046,0.5289,0.2505,1302,0.3
CSX,3,OK,,0.477,0.5479,0.26,1300,0.4
CSX,5,OK,,0.5829,0.5024,0.2477,1299,0.3
CMI,1,OK,,0.477,0.4568,0.2584,1302,0.3
CMI,3,OK,,0.4332,0.4246,0.2832,1300,0.3
CMI,5,OK,,0.4562,0.4729,0.2795,1299,0.4
DE,1,OK,,0.5138,0.5279,0.25,1302,0.3
DE,3,OK,,0.5369,0.5703,0.2478,1300,0.4
DE,5,OK,,0.5276,0.5788,0.2477,1299,0.3
DAL,1,OK,,0.5276,0.513,0.2486,1302,0.4
DAL,3,OK,,0.5115,0.625,0.2615,1300,0.3
DAL,5,OK,,0.477,0.5995,0.2818,1299,0.3
DOV,1,OK,,0.4908,0.5219,0.252,1302,0.3
DOV,3,OK,,0.4977,0.4867,0.2515,1300,0.3
DOV,5,OK,,0.4977,0.4712,0.2543,1299,0.3
EMR,1,OK,,0.4654,0.4958,0.2808,1302,0.3
EMR,3,OK,,0.5023,0.4893,0.2574,1300,0.3
EMR,5,OK,,0.4724,0.5184,0.3046,1299,0.3
EFX,1,OK,,0.4977,0.5083,0.2513,1302,0.3
EFX,3,OK,,0.4977,0.4922,0.2679,1300,0.3
EFX,5,OK,,0.4401,0.4728,0.2644,1299,0.4
EXPD,1,OK,,0.4608,0.5378,0.2748,1302,0.3
EXPD,3,OK,,0.4309,0.5644,0.2578,1300,0.4
EXPD,5,OK,,0.4171,0.5137,0.295,1299,0.3
FAST,1,OK,,0.5023,0.5313,0.2511,1302,0.4
FAST,3,OK,,0.5253,0.5499,0.248,1300,0.3
FAST,5,OK,,0.5046,0.4775,0.2853,1299,0.3
FDX,1,OK,,0.5138,0.4948,0.2536,1302,0.3
FDX,3,OK,,0.4954,0.5344,0.2527,1300,0.3
FDX,5,OK,,0.4977,0.4989,0.2593,1299,0.3
FTV,1,OK,,0.4931,0.5295,0.2498,1302,0.3
FTV,3,OK,,0.5461,0.5695,0.2519,1300,0.3
FTV,5,OK,,0.5484,0.5387,0.261,1299,0.3
GE,1,OK,,0.4516,0.4988,0.2568,1302,0.3
GE,3,OK,,0.5461,0.5329,0.2473,1300,0.3
GE,5,OK,,0.5668,0.5044,0.2446,1299,0.4
GNRC,1,OK,,0.5,0.4972,0.2535,1302,0.3
GNRC,3,OK,,0.5253,0.4802,0.2573,1300,0.3
GNRC,5,OK,,0.5461,0.4754,0.2555,1299,0.3
GD,1,OK,,0.5207,0.5121,0.2496,1302,0.3
GD,3,OK,,0.5207,0.4984,0.2509,1300,0.3
GD,5,OK,,0.5115,0.5064,0.2695,1299,0.4
HON,1,OK,,0.5046,0.5048,0.2534,1302,0.3
HON,3,OK,,0.4816,0.5287,0.2601,1300,0.4
HON,5,OK,,0.5,0.5112,0.2503,1299,0.3
HWM,1,OK,,0.5047,0.5509,0.2507,963,0.4
HWM,3,OK,,0.5296,0.5381,0.248,961,0.3
HWM,5,OK,,0.5109,0.4768,0.2562,960,0.3
HUBB,1,OK,,0.5046,0.509,0.2548,1302,0.3
HUBB,3,OK,,0.4931,0.4898,0.2657,1300,0.3
HUBB,5,OK,,0.4608,0.459,0.2684,1299,0.3
HII,1,OK,,0.5161,0.5026,0.2498,1302,0.3
HII,3,OK,,0.5138,0.5259,0.2491,1300,0.3
HII,5,OK,,0.5576,0.5637,0.2481,1299,0.3
IEX,1,OK,,0.5046,0.4905,0.2608,1302,0.3
IEX,3,OK,,0.5346,0.4732,0.2526,1300,0.3
IEX,5,OK,,0.553,0.5418,0.2471,1299,0.3
ITW,1,OK,,0.5138,0.5514,0.2504,1302,0.3
ITW,3,OK,,0.5484,0.5664,0.259,1300,0.3
ITW,5,OK,,0.5207,0.5679,0.275,1299,0.3
IR,1,OK,,0.4839,0.5218,0.2509,1302,0.3
IR,3,OK,,0.5023,0.5452,0.2663,1300,0.3
IR,5,OK,,0.5138,0.5521,0.2576,1299,0.3
JBHT,1,OK,,0.5253,0.5102,0.2547,1302,0.3
JBHT,3,OK,,0.4954,0.4942,0.2598,1300,0.3
JBHT,5,OK,,0.4977,0.51,0.2666,1299,0.3
J,1,OK,,0.4896,0.5172,0.2566,1009,0.3
J,3,OK,,0.4613,0.5874,0.2605,1008,0.3
J,5,OK,,0.5476,0.5334,0.2469,1006,0.4
APTV,1,OK,,0.5023,0.5097,0.2539,1302,0.3
APTV,3,OK,,0.4885,0.5172,0.253,1300,0.4
APTV,5,OK,,0.5461,0.5653,0.247,1299,0.3
AZO,1,OK,,0.4816,0.4786,0.254,1302,0.3
AZO,3,OK,,0.4862,0.4847,0.2616,1300,0.3
AZO,5,OK,,0.5276,0.4696,0.2618,1299,0.4
BBY,1,OK,,0.4885,0.4862,0.2577,1302,0.3
BBY,3,OK,,0.4954,0.4899,0.26,1300,0.4
BBY,5,OK,,0.4816,0.491,0.2577,1299,0.3
BKNG,1,OK,,0.4848,0.5083,0.2529,1279,0.4
BKNG,3,OK,,0.5376,0.5362,0.2521,1278,0.3
BKNG,5,OK,,0.5117,0.5174,0.2548,1276,0.3
CCL,1,OK,,0.5115,0.5081,0.2593,1302,0.3
CCL,3,OK,,0.4931,0.5149,0.2528,1300,0.3
CCL,5,OK,,0.5438,0.6135,0.2496,1299,0.3
CVNA,1,OK,,0.4724,0.4493,0.2585,1302,0.3
CVNA,3,OK,,0.4793,0.4182,0.2881,1300,0.3
CVNA,5,OK,,0.4654,0.493,0.2966,1299,0.3
CMG,1,OK,,0.5691,0.5753,0.2428,1302,0.3
CMG,3,OK,,0.5323,0.5186,0.2513,1300,0.3
CMG,5,OK,,0.5369,0.5224,0.2494,1299,0.4
DRI,1,OK,,0.5,0.5247,0.2617,1302,0.3
DRI,3,OK,,0.4931,0.5391,0.2549,1300,0.4
DRI,5,OK,,0.4954,0.5059,0.2721,1299,0.3
DECK,1,OK,,0.4724,0.5538,0.2568,1302,0.4
DECK,3,OK,,0.4724,0.5077,0.2588,1300,0.3
DECK,5,OK,,0.5115,0.5422,0.2529,1299,0.3
DPZ,1,OK,,0.4677,0.4929,0.2588,1302,0.3
DPZ,3,OK,,0.4977,0.4799,0.2586,1300,0.3
DPZ,5,OK,,0.4447,0.4928,0.2844,1299,0.3
DHI,1,OK,,0.5438,0.5633,0.2493,1302,0.3
DHI,3,OK,,0.5115,0.5396,0.2494,1300,0.3
DHI,5,OK,,0.553,0.5686,0.2449,1299,0.3
EBAY,1,OK,,0.4539,0.5161,0.2581,1302,0.3
EBAY,3,OK,,0.5323,0.549,0.2522,1300,0.3
EBAY,5,OK,,0.4078,0.5541,0.2598,1299,0.3
EXPE,1,OK,,0.4954,0.4952,0.2576,1302,0.3
EXPE,3,OK,,0.5115,0.5136,0.2635,1300,0.3
EXPE,5,OK,,0.4493,0.5268,0.2568,1299,0.3
F,1,OK,,0.5161,0.5372,0.2475,1302,0.3
F,3,OK,,0.5507,0.5515,0.2505,1300,0.3
F,5,OK,,0.5115,0.5662,0.2508,1299,0.4
GRMN,1,OK,,0.4677,0.5106,0.2687,1302,0.3
GRMN,3,OK,,0.4677,0.4707,0.2572,1300,0.4
GRMN,5,OK,,0.4355,0.4293,0.2598,1299,0.3
GPC,1,OK,,0.4977,0.5156,0.2521,1302,0.4
GPC,3,OK,,0.5138,0.5337,0.2498,1300,0.3
GPC,5,OK,,0.4931,0.5417,0.2543,1299,0.3
HAS,1,OK,,0.5253,0.535,0.2494,1302,0.3
HAS,3,OK,,0.5046,0.5383,0.2657,1300,0.3
HAS,5,OK,,0.523,0.5682,0.2726,1299,0.3
HLT,1,OK,,0.5161,0.5085,0.2728,1302,0.3
HLT,3,OK,,0.4631,0.5815,0.2552,1300,0.3
HLT,5,OK,,0.4677,0.5445,0.269,1299,0.3
HD,1,OK,,0.4885,0.5338,0.2494,1302,0.3
HD,3,OK,,0.4793,0.5214,0.2519,1300,0.3
HD,5,OK,,0.5415,0.459,0.2508,1299,0.4
LVS,1,OK,,0.5046,0.506,0.2508,1302,0.3
LVS,3,OK,,0.5461,0.5474,0.2499,1300,0.4
LVS,5,OK,,0.5046,0.5346,0.2592,1299,0.3
LEN,1,OK,,0.5138,0.5301,0.2512,1302,0.4
LEN,3,OK,,0.47,0.5109,0.2556,1300,0.3
LEN,5,OK,,0.553,0.5859,0.2438,1299,0.3
LOW,1,OK,,0.5184,0.5051,0.2504,1302,0.3
LOW,3,OK,,0.5323,0.543,0.2558,1300,0.3
LOW,5,OK,,0.5369,0.4875,0.2553,1299,0.3
MAR,1,OK,,0.5161,0.5058,0.2492,1302,0.3
MAR,3,OK,,0.477,0.5405,0.2723,1300,0.3
MAR,5,OK,,0.4885,0.5628,0.2855,1299,0.3
MCD,1,OK,,0.4885,0.4846,0.2527,1302,0.3
MCD,3,OK,,0.5092,0.5112,0.2575,1300,0.3
MCD,5,OK,,0.4562,0.4849,0.2572,1299,0.4
MGM,1,OK,,0.5138,0.5262,0.2532,1302,0.3
MGM,3,OK,,0.553,0.5625,0.2541,1300,0.3
MGM,5,OK,,0.5346,0.5339,0.2692,1299,0.3
NKE,1,OK,,0.4539,0.4858,0.2576,1302,0.3
NKE,3,OK,,0.47,0.5139,0.2707,1300,0.3
NKE,5,OK,,0.4263,0.5198,0.2858,1299,0.4
NCLH,1,OK,,0.5092,0.5184,0.2507,1302,0.3
NCLH,3,OK,,0.5438,0.514,0.2601,1300,0.4
NCLH,5,OK,,0.5622,0.5648,0.2483,1299,0.3
MO,1,OK,,0.5069,0.5267,0.2517,1302,0.4
MO,3,OK,,0.5484,0.5238,0.2484,1300,0.3
MO,5,OK,,0.5945,0.615,0.2371,1299,0.4
ADM,1,OK,,0.5253,0.5233,0.2514,1302,0.3
ADM,3,OK,,0.5276,0.4996,0.2509,1300,0.4
ADM,5,OK,,0.4724,0.5123,0.2524,1299,0.3
BG,1,OK,,0.4885,0.4991,0.2502,1302,0.3
BG,3,OK,,0.5023,0.4974,0.2519,1300,0.3
BG,5,OK,,0.5253,0.5317,0.2484,1299,0.3
CPB,1,OK,,0.4654,0.4974,0.2582,1302,0.3
CPB,3,OK,,0.4493,0.5065,0.2544,1300,0.3
CPB,5,OK,,0.4286,0.5005,0.2743,1299,0.4
CASY,1,OK,,0.5,0.5265,0.2502,1302,0.3
CASY,3,OK,,0.5484,0.5699,0.247,1300,0.4
CASY,5,OK,,0.4816,0.5096,0.2565,1299,0.3
CHD,1,OK,,0.4931,0.5063,0.2553,1302,0.4
CHD,3,OK,,0.5138,0.515,0.2494,1300,0.3
CHD,5,OK,,0.4677,0.5249,0.2559,1299,0.3
CLX,1,OK,,0.5046,0.5041,0.2583,1302,0.3
CLX,3,OK,,0.4401,0.5208,0.2891,1300,0.4
CLX,5,OK,,0.4263,0.5436,0.2655,1299,0.3
KO,1,OK,,0.5113,0.5437,0.2473,396,0.3
KO,3,OK,,0.5227,0.5152,0.2527,395,0.3
KO,5,OK,,0.5152,0.5568,0.2522,394,0.3
CL,1,OK,,0.5046,0.5072,0.2511,1302,0.3
CL,3,OK,,0.5,0.513,0.256,1300,0.3
CL,5,OK,,0.5138,0.5222,0.2735,1299,0.4
CAG,1,OK,,0.4839,0.5464,0.2588,1302,0.3
CAG,3,OK,,0.4516,0.5563,0.2612,1300,0.4
CAG,5,OK,,0.4309,0.551,0.2548,1299,0.3
STZ,1,OK,,0.4677,0.5453,0.2587,1302,0.3
STZ,3,OK,,0.4332,0.5461,0.2879,1300,0.3
STZ,5,OK,,0.424,0.4913,0.295,1299,0.3
DG,1,OK,,0.5046,0.5442,0.2502,1302,0.3
DG,3,OK,,0.553,0.5445,0.249,1300,0.3
DG,5,OK,,0.5207,0.5432,0.2608,1299,0.3
DLTR,1,OK,,0.523,0.5313,0.2519,1302,0.3
DLTR,3,OK,,0.523,0.5086,0.2495,1300,0.3
DLTR,5,OK,,0.5415,0.5459,0.2434,1299,0.4
EL,1,OK,,0.5,0.4931,0.2511,1302,0.3
EL,3,OK,,0.5346,0.5351,0.2473,1300,0.4
EL,5,OK,,0.5691,0.4895,0.248,1299,0.3
GIS,1,OK,,0.4724,0.5331,0.257,1302,0.3
GIS,3,OK,,0.4539,0.5194,0.279,1300,0.3
GIS,5,OK,,0.4355,0.5183,0.2635,1299,0.3
HSY,1,OK,,0.4908,0.5142,0.2515,1302,0.3
HSY,3,OK,,0.5207,0.4959,0.2714,1300,0.3
HSY,5,OK,,0.5092,0.5526,0.2826,1299,0.4
HRL,1,OK,,0.4908,0.5127,0.2605,1302,0.3
HRL,3,OK,,0.4677,0.5523,0.2565,1300,0.4
HRL,5,OK,,0.4654,0.4808,0.2594,1299,0.3
KDP,1,OK,,0.4926,0.4885,0.2503,1224,0.4
KDP,3,OK,,0.5245,0.478,0.2543,1222,0.3
KDP,5,OK,,0.5049,0.52,0.2535,1221,0.3
KMB,1,OK,,0.4908,0.4965,0.2566,1302,0.3
KMB,3,OK,,0.4793,0.4896,0.2642,1300,0.3
KMB,5,OK,,0.5207,0.5323,0.2496,1299,0.3
KHC,1,OK,,0.5115,0.5465,0.2566,1302,0.3
KHC,3,OK,,0.5046,0.5344,0.2601,1300,0.3
KHC,5,OK,,0.4839,0.5414,0.262,1299,0.3
KR,1,OK,,0.5161,0.5024,0.2649,1302,0.3
KR,3,OK,,0.5115,0.5263,0.2517,1300,0.3
KR,5,OK,,0.5161,0.5212,0.2549,1299,0.4
MKC,1,OK,,0.5023,0.4899,0.2556,1302,0.3
MKC,3,OK,,0.477,0.4879,0.2612,1300,0.4
MKC,5,OK,,0.4608,0.5083,0.2575,1299,0.3
APA,1,OK,,0.5092,0.5201,0.2553,1302,0.4
APA,3,OK,,0.5138,0.5502,0.2525,1300,0.3
APA,5,OK,,0.5576,0.529,0.2482,1299,0.3
BKR,1,OK,,0.5494,0.5021,0.2488,1030,0.3
BKR,3,OK,,0.5523,0.5122,0.2479,1029,0.3
BKR,5,OK,,0.5918,0.44,0.2531,1028,0.4
CVX,1,OK,,0.5138,0.4966,0.256,1302,0.3
CVX,3,OK,,0.3848,0.4405,0.2711,1300,0.4
CVX,5,OK,,0.4793,0.5004,0.258,1299,0.3
COP,1,OK,,0.5138,0.4552,0.2517,1302,0.3
COP,3,OK,,0.5369,0.5477,0.2468,1300,0.3
COP,5,OK,,0.5207,0.5189,0.254,1299,0.4
DVN,1,OK,,0.4608,0.4483,0.2543,1302,0.3
DVN,3,OK,,0.4493,0.4758,0.2655,1300,0.3
DVN,5,OK,,0.5806,0.5362,0.2447,1299,0.3
FANG,1,OK,,0.53,0.5227,0.2489,1302,0.3
FANG,3,OK,,0.5092,0.5231,0.2557,1300,0.3
FANG,5,OK,,0.5046,0.5303,0.25,1299,0.4
EOG,1,OK,,0.4908,0.5032,0.2518,1302,0.3
EOG,3,OK,,0.5138,0.5212,0.2671,1300,0.4
EOG,5,OK,,0.5714,0.5612,0.2452,1299,0.3
EQT,1,OK,,0.4931,0.523,0.2564,1302,0.4
EQT,3,OK,,0.4793,0.5625,0.2666,1300,0.3
EQT,5,OK,,0.5,0.5288,0.2491,1299,0.3
XOM,1,OK,,0.447,0.474,0.251,1302,0.3
XOM,3,OK,,0.5323,0.5089,0.2486,1300,0.3
XOM,5,OK,,0.5507,0.5148,0.2463,1299,0.3
HAL,1,OK,,0.4631,0.4474,0.2555,1302,0.3
HAL,3,OK,,0.4954,0.5211,0.2531,1300,0.3
HAL,5,OK,,0.4263,0.4168,0.2623,1299,0.3
KMI,1,OK,,0.5276,0.5314,0.2514,1302,0.3
KMI,3,OK,,0.5576,0.576,0.2465,1300,0.3
KMI,5,OK,,0.5069,0.5968,0.2471,1299,0.4
MPC,1,OK,,0.5668,0.5865,0.2527,1302,0.3
MPC,3,OK,,0.5945,0.4632,0.2452,1300,0.4
MPC,5,OK,,0.5069,0.4871,0.2482,1299,0.3
OXY,1,OK,,0.5092,0.5172,0.2497,1302,0.4
OXY,3,OK,,0.4724,0.5099,0.2529,1300,0.3
OXY,5,OK,,0.5069,0.5093,0.2485,1299,0.3
OKE,1,OK,,0.5207,0.5349,0.2517,1302,0.3
OKE,3,OK,,0.4931,0.4827,0.2571,1300,0.3
OKE,5,OK,,0.4747,0.4985,0.3121,1299,0.3
PSX,1,OK,,0.5184,0.5069,0.258,1302,0.3
PSX,3,OK,,0.4424,0.4722,0.2615,1300,0.3
PSX,5,OK,,0.4194,0.4655,0.3227,1299,0.3
SLB,1,OK,,0.5069,0.504,0.2516,1302,0.3
SLB,3,OK,,0.5392,0.5686,0.2474,1300,0.3
SLB,5,OK,,0.4977,0.4961,0.253,1299,0.4
TRGP,1,OK,,0.5323,0.5254,0.2489,1302,0.3
TRGP,3,OK,,0.4954,0.4997,0.2512,1300,0.4
TRGP,5,OK,,0.5737,0.532,0.2452,1299,0.3
TPL,1,OK,,0.5115,0.5021,0.2504,1302,0.4
TPL,3,OK,,0.5207,0.5271,0.2616,1300,0.3
TPL,5,OK,,0.4908,0.5159,0.2632,1299,0.3
VLO,1,OK,,0.4931,0.5086,0.2541,1302,0.3
VLO,3,OK,,0.5323,0.4868,0.2478,1300,0.3
VLO,5,OK,,0.4931,0.5113,0.2559,1299,0.3
AES,1,OK,,0.5069,0.4882,0.2559,1302,0.3
AES,3,OK,,0.5253,0.552,0.2488,1300,0.4
AES,5,OK,,0.553,0.5734,0.2477,1299,0.3
LNT,1,OK,,0.4539,0.4675,0.2525,1302,0.4
LNT,3,OK,,0.4631,0.5215,0.2631,1300,0.3
LNT,5,OK,,0.4608,0.499,0.2986,1299,0.3
AEE,1,OK,,0.4908,0.4921,0.2518,1302,0.3
AEE,3,OK,,0.4677,0.5106,0.2621,1300,0.3
AEE,5,OK,,0.4516,0.5275,0.2666,1299,0.3
AEP,1,OK,,0.5161,0.5363,0.2501,1302,0.3
AEP,3,OK,,0.4724,0.5303,0.2639,1300,0.3
AEP,5,OK,,0.4401,0.5683,0.2645,1299,0.3
AWK,1,OK,,0.5115,0.5204,0.252,1302,0.4
AWK,3,OK,,0.5115,0.5518,0.2537,1300,0.3
AWK,5,OK,,0.5023,0.4927,0.257,1299,0.3
ATO,1,OK,,0.4954,0.5041,0.2556,1302,0.3
ATO,3,OK,,0.5115,0.5331,0.2561,1300,0.3
ATO,5,OK,,0.5161,0.5278,0.253,1299,0.3
CNP,1,OK,,0.4724,0.4718,0.278,1302,0.3
CNP,3,OK,,0.4447,0.5203,0.3295,1300,0.3
CNP,5,OK,,0.4608,0.5656,0.3269,1299,0.3
CMS,1,OK,,0.5369,0.4945,0.2547,1302,0.4
CMS,3,OK,,0.5115,0.5267,0.2508,1300,0.3
CMS,5,OK,,0.4908,0.5494,0.2518,1299,0.3
ED,1,OK,,0.523,0.5152,0.2511,1302,0.3
ED,3,OK,,0.5115,0.5444,0.253,1300,0.3
ED,5,OK,,0.5161,0.5985,0.2586,1299,0.3
DTE,1,OK,,0.4562,0.4841,0.2598,1302,0.3
DTE,3,OK,,0.4977,0.5618,0.2568,1300,0.3
DTE,5,OK,,0.5276,0.5382,0.252,1299,0.3
DUK,1,OK,,0.5046,0.5122,0.2509,1302,0.3
DUK,3,OK,,0.5069,0.5108,0.2593,1300,0.3
DUK,5,OK,,0.5069,0.4689,0.2576,1299,0.4
EIX,1,OK,,0.53,0.55,0.2522,1302,0.3
EIX,3,OK,,0.5415,0.565,0.2453,1300,0.3
EIX,5,OK,,0.5369,0.5747,0.2434,1299,0.3
ETR,1,OK,,0.5161,0.5016,0.265,1302,0.3
ETR,3,OK,,0.4378,0.4836,0.2616,1300,0.4
ETR,5,OK,,0.5599,0.5113,0.2465,1299,0.3
EVRG,1,OK,,0.4358,0.534,0.265,1238,0.4
EVRG,3,OK,,0.4964,0.4861,0.2562,1237,0.3
EVRG,5,OK,,0.5218,0.5788,0.262,1236,0.3
ES,1,OK,,0.5323,0.4793,0.2518,1302,0.3
ES,3,OK,,0.4194,0.4553,0.2613,1300,0.3
ES,5,OK,,0.5438,0.4941,0.249,1299,0.3
EXC,1,OK,,0.4954,0.5105,0.2535,1302,0.3
EXC,3,OK,,0.4908,0.4768,0.2633,1300,0.3
EXC,5,OK,,0.4816,0.4721,0.2614,1299,0.3
ARE,1,OK,,0.5184,0.5099,0.2516,1302,0.3
ARE,3,OK,,0.5046,0.5377,0.2682,1300,0.3
ARE,5,OK,,0.4908,0.5181,0.2969,1299,0.4
AMT,1,OK,,0.5276,0.5159,0.2489,1302,0.3
AMT,3,OK,,0.4816,0.4781,0.2585,1300,0.3
AMT,5,OK,,0.5161,0.5116,0.2525,1299,0.3
BXP,1,OK,,0.5184,0.5188,0.252,1302,0.4
BXP,3,OK,,0.5092,0.5365,0.2495,1300,0.3
BXP,5,OK,,0.5138,0.5253,0.2492,1299,0.3
CPT,1,OK,,0.5069,0.496,0.2519,1302,0.3
CPT,3,OK,,0.477,0.4827,0.255,1300,0.3
CPT,5,OK,,0.5023,0.4706,0.2532,1299,0.4
CBRE,1,OK,,0.4929,0.5154,0.2647,1270,0.3
CBRE,3,OK,,0.4468,0.5298,0.2614,1269,0.4
CBRE,5,OK,,0.4539,0.539,0.2688,1267,0.3
CSGP,1,OK,,0.5253,0.4648,0.2565,1302,0.4
CSGP,3,OK,,0.4608,0.4577,0.2654,1300,0.3
CSGP,5,OK,,0.4562,0.432,0.2647,1299,0.3
CCI,1,OK,,0.5253,0.5373,0.2493,1302,0.3
CCI,3,OK,,0.4562,0.5468,0.2574,1300,0.3
CCI,5,OK,,0.5968,0.5843,0.244,1299,0.3
VMRK,1,OK,,0.4954,0.5279,0.2518,1302,0.3
VMRK,3,OK,,0.5069,0.5155,0.251,1300,0.4
VMRK,5,OK,,0.5369,0.4927,0.2511,1299,0.3
ESS,1,OK,,0.5461,0.5047,0.2481,1302,0.3
ESS,3,OK,,0.4493,0.4359,0.2606,1300,0.3
ESS,5,OK,,0.4724,0.4901,0.253,1299,0.4
EXR,1,OK,,0.5023,0.504,0.2511,1302,0.3
EXR,3,OK,,0.5,0.5379,0.2555,1300,0.3
EXR,5,OK,,0.5207,0.5883,0.2495,1299,0.3
FRT,1,OK,,0.5253,0.5287,0.2499,1302,0.3
FRT,3,OK,,0.5369,0.5444,0.2521,1300,0.3
FRT,5,OK,,0.53,0.5459,0.255,1299,0.3
DOC,1,OK,,0.5115,0.5095,0.2549,1301,0.3
DOC,3,OK,,0.4908,0.5312,0.2655,1300,0.3
DOC,5,OK,,0.5196,0.5402,0.2646,1299,0.4
HST,1,OK,,0.5276,0.4833,0.2556,1302,0.3
HST,3,OK,,0.4931,0.4763,0.2713,1300,0.4
HST,5,OK,,0.4631,0.4959,0.3059,1299,0.3
INVH,1,OK,,0.4677,0.504,0.2518,1302,0.4
INVH,3,OK,,0.5323,0.5268,0.2535,1300,0.3
INVH,5,OK,,0.553,0.5558,0.249,1299,0.3
IRM,1,OK,,0.47,0.5258,0.2744,1302,0.3
IRM,3,OK,,0.4816,0.5609,0.2762,1300,0.3
IRM,5,OK,,0.4539,0.5019,0.2946,1299,0.3
ALB,1,OK,,0.4631,0.4696,0.2592,1302,0.3
ALB,3,OK,,0.5138,0.4959,0.2607,1300,0.4
ALB,5,OK,,0.4539,0.4435,0.2592,1299,0.3
AMCR,1,OK,,0.489,0.4971,0.2632,1085,0.4
AMCR,3,OK,,0.4834,0.4984,0.2697,1084,0.3
AMCR,5,OK,,0.5152,0.5194,0.2559,1083,0.3
AVY,1,OK,,0.4631,0.4811,0.2532,1302,0.3
AVY,3,OK,,0.4931,0.4996,0.255,1300,0.3
AVY,5,OK,,0.5046,0.5326,0.2641,1299,0.4
CF,1,OK,,0.4631,0.5439,0.264,1302,0.3
CF,3,OK,,0.4816,0.5438,0.2541,1300,0.4
CF,5,OK,,0.5069,0.5469,0.2756,1299,0.3
CTVA,1,OK,,0.4793,0.5199,0.2697,1089,0.3
CTVA,3,OK,,0.4187,0.5371,0.2795,1087,0.3
CTVA,5,OK,,0.4628,0.5169,0.2567,1086,0.3
CRH,1,OK,,0.5207,0.504,0.2754,1302,0.3
CRH,3,OK,,0.4862,0.5018,0.2638,1300,0.3
CRH,5,OK,,0.5668,0.5103,0.2725,1299,0.4
DOW,1,OK,,0.4758,0.508,0.2519,1114,0.3
DOW,3,OK,,0.5094,0.5096,0.2676,1113,0.3
DOW,5,OK,,0.4879,0.5324,0.3004,1111,0.3
DD,1,OK,,0.4959,0.5291,0.2518,1089,0.3
DD,3,OK,,0.5592,0.621,0.2461,1087,0.3
DD,5,OK,,0.4408,0.5633,0.2678,1086,0.3
ECL,1,OK,,0.5046,0.5497,0.2562,1302,0.3
ECL,3,OK,,0.4355,0.5115,0.2606,1300,0.3
ECL,5,OK,,0.4332,0.5302,0.2687,1299,0.4
FCX,1,OK,,0.4562,0.5061,0.2585,1302,0.3
FCX,3,OK,,0.4631,0.5237,0.2932,1300,0.3
FCX,5,OK,,0.4816,0.5653,0.2699,1299,0.3
IFF,1,OK,,0.5161,0.5149,0.2564,1302,0.3
IFF,3,OK,,0.5207,0.4775,0.2605,1300,0.3
IFF,5,OK,,0.5507,0.5477,0.2519,1299,0.3
IP,1,OK,,0.5115,0.5359,0.2492,1302,0.3
IP,3,OK,,0.5115,0.527,0.2589,1300,0.3
IP,5,OK,,0.5092,0.5293,0.2597,1299,0.4
LYB,1,OK,,0.4677,0.5469,0.2659,1302,0.3
LYB,3,OK,,0.4885,0.5398,0.2601,1300,0.4
LYB,5,OK,,0.4954,0.548,0.2637,1299,0.3
MLM,1,OK,,0.5323,0.5298,0.2509,1302,0.3
MLM,3,OK,,0.5069,0.5357,0.2508,1300,0.3
MLM,5,OK,,0.5023,0.5065,0.2497,1299,0.3
MOS,1,OK,,0.4677,0.4511,0.2561,1302,0.3
MOS,3,OK,,0.4793,0.4638,0.2714,1300,0.3
MOS,5,OK,,0.4539,0.4303,0.2592,1299,0.4
GOOGL,1,OK,,0.5207,0.5325,0.2692,1302,0.3
GOOGL,3,OK,,0.5115,0.5327,0.2596,1300,0.4
GOOGL,5,OK,,0.5161,0.5028,0.2496,1299,0.3
T,1,OK,,0.4585,0.4536,0.2526,1302,0.4
T,3,OK,,0.4839,0.4771,0.2533,1300,0.3
T,5,OK,,0.4885,0.4823,0.2539,1299,0.3
CMCSA,1,OK,,0.4862,0.4859,0.251,1302,0.3
CMCSA,3,OK,,0.4747,0.4841,0.2543,1300,0.3
CMCSA,5,OK,,0.4977,0.516,0.2562,1299,0.3
FOXA,1,OK,,0.5,0.5366,0.2511,1302,0.3
FOXA,3,OK,,0.4286,0.5379,0.2704,1300,0.3
FOXA,5,OK,,0.4401,0.5285,0.2776,1299,0.3
FOX,1,OK,,0.4816,0.5429,0.2515,1302,0.4
FOX,3,OK,,0.447,0.5794,0.2494,1300,0.3
FOX,5,OK,,0.5668,0.5202,0.2498,1299,0.3
LYV,1,OK,,0.4839,0.5136,0.2636,1302,0.3
LYV,3,OK,,0.4724,0.5245,0.2644,1300,0.3
LYV,5,OK,,0.5115,0.4913,0.2524,1299,0.3
NWSA,1,OK,,0.4885,0.4944,0.2505,1302,0.3
NWSA,3,OK,,0.5023,0.5574,0.2666,1300,0.3
NWSA,5,OK,,0.4562,0.5457,0.2916,1299,0.3
NWS,1,OK,,0.4793,0.5179,0.265,1302,0.3
NWS,3,OK,,0.4724,0.5176,0.2721,1300,0.3
NWS,5,OK,,0.5069,0.5515,0.2824,1299,0.4
OMC,1,OK,,0.5092,0.5337,0.2494,1302,0.3
OMC,3,OK,,0.5783,0.582,0.2478,1300,0.4
OMC,5,OK,,0.5207,0.5958,0.2483,1299,0.3
ACN,1,OK,,0.523,0.5148,0.2504,1302,0.3
ACN,3,OK,,0.5092,0.5042,0.2506,1300,0.3
ACN,5,OK,,0.4816,0.5535,0.2642,1299,0.3
ADBE,1,OK,,0.5023,0.495,0.2519,1302,0.3
ADBE,3,OK,,0.4585,0.4993,0.2597,1300,0.3
ADBE,5,OK,,0.4954,0.5394,0.2581,1299,0.4
AKAM,1,OK,,0.5438,0.5401,0.2516,1302,0.3
AKAM,3,OK,,0.553,0.5373,0.2566,1300,0.4
AKAM,5,OK,,0.5438,0.596,0.2462,1299,0.3
APH,1,OK,,0.4724,0.5335,0.2725,1302,0.3
APH,3,OK,,0.4447,0.5039,0.2762,1300,0.3
APH,5,OK,,0.4147,0.4995,0.2966,1299,0.3
ADI,1,OK,,0.5115,0.5209,0.2524,1302,0.3
ADI,3,OK,,0.5138,0.5235,0.2772,1300,0.3
ADI,5,OK,,0.4539,0.5857,0.303,1299,0.4
CDNS,1,OK,,0.5,0.5243,0.258,1302,0.3
CDNS,3,OK,,0.5276,0.5277,0.2515,1300,0.3
CDNS,5,OK,,0.4908,0.5761,0.2549,1299,0.3
CDW,1,OK,,0.4862,0.4679,0.2577,1302,0.3
CDW,3,OK,,0.5092,0.4925,0.253,1300,0.3
CDW,5,OK,,0.4816,0.5145,0.2528,1299,0.3
CIEN,1,OK,,0.447,0.4786,0.2701,1302,0.3
CIEN,3,OK,,0.3963,0.4989,0.2535,1300,0.3
CIEN,5,OK,,0.3871,0.4436,0.3094,1299,0.4
CSCO,1,OK,,0.4677,0.5233,0.2666,1302,0.3
CSCO,3,OK,,0.4424,0.4316,0.2996,1300,0.4
CSCO,5,OK,,0.4147,0.5348,0.2936,1299,0.3
CTSH,1,OK,,0.4539,0.4592,0.2614,1302,0.4
CTSH,3,OK,,0.4839,0.516,0.259,1300,0.3
CTSH,5,OK,,0.5069,0.5739,0.2523,1299,0.3
COHR,1,OK,,0.6231,0.5923,0.2447,594,0.3
COHR,3,OK,,0.5,0.4418,0.253,593,0.3
COHR,5,OK,,0.4646,0.4644,0.2672,592,0.4
MSTR,1,OK,,0.5507,0.5725,0.2461,1302,0.3
MSTR,3,OK,,0.5461,0.5771,0.2812,1300,0.4
MSTR,5,OK,,0.5645,0.6226,0.258,1299,0.3
RXT,1,OK,,0.6283,0.4922,0.2411,910,0.3
RXT,3,OK,,0.4671,0.4724,0.2614,909,0.3
RXT,5,OK,,0.4686,0.4657,0.2798,908,0.3
BLND,1,OK,,0.5898,0.5606,0.2425,768,0.3
BLND,3,OK,,0.5234,0.5882,0.2452,766,0.3
BLND,5,OK,,0.5391,0.5445,0.2474,765,0.4
SLNH,1,OK,,0.5394,0.5426,0.2525,721,0.3
SLNH,3,OK,,0.5208,0.5805,0.2585,720,0.4
SLNH,5,OK,,0.5167,0.6266,0.2554,718,0.3
CERO,1,OK,,0.6349,0.5228,0.2317,378,0.3
CERO,3,OK,,0.5556,0.5937,0.2439,376,0.3
CERO,5,OK,,0.5873,0.4905,0.244,375,0.3
TRAW,1,OK,,0.55,0.5231,0.2505,358,0.3
TRAW,3,OK,,0.6083,0.5316,0.2356,357,0.3
TRAW,5,OK,,0.7143,0.516,0.2218,356,0.3
BTQ,1,OK,,0.6522,0.6635,0.2151,135,0.3
BTQ,3,OK,,0.7111,0.7206,0.2033,134,0.3
BTQ,5,OK,,0.5333,0.6048,0.2512,133,0.3
GEMI,1,OK,,0.5,0.5755,0.2915,141,0.3
GEMI,3,OK,,0.5319,0.5491,0.2462,140,0.3
GEMI,5,OK,,0.4894,0.5109,0.2937,139,0.3
ORCL,1,OK,,0.4839,0.4827,0.2515,1302,0.3
ORCL,3,OK,,0.523,0.512,0.2651,1300,0.3
ORCL,5,OK,,0.5161,0.4671,0.2538,1299,0.4
PWR,1,OK,,0.4862,0.4873,0.261,1302,0.3
PWR,3,OK,,0.5207,0.5313,0.2606,1300,0.4
PWR,5,OK,,0.5069,0.5191,0.2497,1299,0.3
MTZ,1,OK,,0.4654,0.5114,0.2655,1302,0.4
MTZ,3,OK,,0.5876,0.5685,0.2449,1300,0.3
MTZ,5,OK,,0.4055,0.509,0.2745,1299,0.3
DY,1,OK,,0.47,0.5165,0.2523,1302,0.3
DY,3,OK,,0.4631,0.5074,0.2881,1300,0.3
DY,5,OK,,0.4516,0.4716,0.2787,1299,0.4
LHX,1,OK,,0.4791,0.4967,0.2534,1077,0.3
LHX,3,OK,,0.4318,0.4187,0.2568,1075,0.4
LHX,5,OK,,0.4457,0.4472,0.256,1074,0.3
RTX,1,OK,,0.4517,0.5334,0.2484,961,0.4
RTX,3,OK,,0.4891,0.4653,0.3042,960,0.3
RTX,5,OK,,0.45,0.4709,0.2734,959,0.3
SCCO,1,OK,,0.447,0.4681,0.3317,1302,0.3
SCCO,3,OK,,0.4286,0.5486,0.3274,1300,0.3
SCCO,5,OK,,0.4101,0.5288,0.2958,1299,0.3
CCJ,1,OK,,0.5253,0.5261,0.2515,1302,0.3
CCJ,3,OK,,0.4977,0.5514,0.2585,1300,0.4
CCJ,5,OK,,0.4816,0.4592,0.2556,1299,0.3
LEU,1,OK,,0.5184,0.4961,0.2538,1300,0.4
LEU,3,OK,,0.4977,0.5091,0.2605,1299,0.3
LEU,5,OK,,0.4988,0.5321,0.2636,1298,0.3
POWL,1,OK,,0.4654,0.5097,0.2506,1302,0.3
POWL,3,OK,,0.4585,0.5506,0.2524,1300,0.3
POWL,5,OK,,0.4424,0.5131,0.2769,1299,0.4
NVT,1,OK,,0.5287,0.5211,0.2505,1252,0.3
NVT,3,OK,,0.4522,0.4955,0.2808,1251,0.4
NVT,5,OK,,0.5012,0.4672,0.2609,1250,0.3
CRDO,1,OK,,0.4934,0.5191,0.2531,687,0.3
CRDO,3,OK,,0.5109,0.4802,0.257,685,0.3
CRDO,5,OK,,0.4934,0.5278,0.2498,684,0.3
OKTA,1,OK,,0.5023,0.4958,0.2539,1302,0.3
OKTA,3,OK,,0.4862,0.5209,0.2534,1300,0.3
OKTA,5,OK,,0.4862,0.5696,0.2525,1299,0.4
BE,1,OK,,0.5099,0.501,0.2535,1217,0.3
BE,3,OK,,0.468,0.5418,0.2831,1216,0.3
BE,5,OK,,0.4222,0.5113,0.3129,1215,0.3
HIMS,1,OK,,0.452,0.4301,0.2534,841,0.3
HIMS,3,OK,,0.4071,0.5112,0.2772,840,0.4
HIMS,5,OK,,0.4464,0.4829,0.2676,838,0.3
IONQ,1,OK,,0.561,0.5182,0.2561,735,0.4
IONQ,3,OK,,0.5673,0.5472,0.2517,734,0.3
IONQ,5,OK,,0.6204,0.4823,0.243,733,0.3
AVAV,1,OK,,0.5,0.5125,0.2509,1302,0.3
AVAV,3,OK,,0.5576,0.5215,0.2484,1300,0.3
AVAV,5,OK,,0.5484,0.6018,0.2695,1299,0.4
UMAC,1,OK,,0.5276,0.5451,0.2522,378,0.3
UMAC,3,OK,,0.4921,0.5061,0.2488,377,0.3
UMAC,5,OK,,0.5079,0.5655,0.2448,376,0.3
ONDS,1,OK,,0.4983,0.4488,0.266,859,0.3
ONDS,3,OK,,0.5366,0.5627,0.2511,858,0.3
ONDS,5,OK,,0.5105,0.5631,0.2713,857,0.3
RCAT,1,OK,,0.5431,0.513,0.2536,799,0.3
RCAT,3,OK,,0.5468,0.4547,0.2499,798,0.3
RCAT,5,OK,,0.5789,0.4645,0.2508,797,0.3
QCOM,1,OK,,0.4977,0.529,0.2718,1302,0.3
QCOM,3,OK,,0.4608,0.4301,0.2549,1300,0.3
QCOM,5,OK,,0.4862,0.4982,0.2891,1299,0.3
SMR,1,OK,,0.5556,0.5262,0.2471,647,0.3
SMR,3,OK,,0.4722,0.531,0.252,646,0.3
SMR,5,OK,,0.3814,0.5134,0.2525,645,0.4
FCEL,1,OK,,0.5323,0.4876,0.2554,1302,0.3
FCEL,3,OK,,0.4263,0.5219,0.2702,1300,0.4
FCEL,5,OK,,0.4516,0.4775,0.2709,1299,0.3
BYND,1,OK,,0.587,0.4828,0.2457,1101,0.4
BYND,3,OK,,0.5777,0.5304,0.2467,1100,0.3
BYND,5,OK,,0.6076,0.5379,0.2411,1099,0.3
RZLV,1,OK,,0.5545,0.4207,0.2649,302,0.3
RZLV,3,OK,,0.6238,0.5977,0.2318,301,0.3
RZLV,5,OK,,0.56,0.6157,0.2581,300,0.3
ALT,1,OK,,0.5438,0.4962,0.2482,1302,0.3
ALT,3,OK,,0.5507,0.5088,0.246,1300,0.3
ALT,5,OK,,0.4977,0.5077,0.2512,1299,0.3
SANA,1,OK,,0.5556,0.5432,0.2461,835,0.3
SANA,3,OK,,0.5504,0.5519,0.2469,834,0.3
SANA,5,OK,,0.5647,0.5965,0.247,832,0.3
SENS,1,OK,,0.5184,0.4864,0.2554,1302,0.3
SENS,3,OK,,0.5323,0.469,0.2549,1300,0.3
SENS,5,OK,,0.5184,0.5192,0.2533,1299,0.4
VXRT,1,OK,,0.5678,0.5387,0.2443,1284,0.3
VXRT,3,OK,,0.6005,0.546,0.2422,1282,0.3
VXRT,5,OK,,0.5794,0.5775,0.2413,1281,0.3
ECHO,1,OK,,0.5023,0.4697,0.2742,1302,0.3
ECHO,3,OK,,0.4724,0.4849,0.3028,1300,0.4
ECHO,5,OK,,0.4839,0.4705,0.3437,1299,0.3
CBRS,1,OK,,0.6429,0.5,0.2435,40,0.2
CBRS,3,OK,,0.5714,0.5,0.2482,39,0.2
CBRS,5,OK,,0.6923,0.5,0.2209,38,0.2
SPCX,1,OK,,0.5435,0.5234,0.2542,826,0.3
SPCX,3,OK,,0.5181,0.457,0.2625,825,0.3
SPCX,5,OK,,0.5345,0.5363,0.2567,824,0.3
PURR,1,OK,,0.4444,0.4983,0.2867,107,0.3
PURR,3,OK,,0.5833,0.5886,0.2835,106,0.3
PURR,5,OK,,0.7143,0.721,0.2098,105,0.3
WDAY,1,OK,,0.5046,0.4944,0.2507,1302,0.3
WDAY,3,OK,,0.53,0.5472,0.2555,1300,0.3
WDAY,5,OK,,0.5415,0.51,0.2531,1299,0.3
