month,close,vintage_date
1960-01,55.61000061035156,1960-01-30
1960-02,56.119998931884766,1960-03-01
1960-03,55.34000015258789,1960-04-01
1960-04,54.369998931884766,1960-04-30
1960-05,55.83000183105469,1960-06-01
1960-06,56.91999816894531,1960-07-01
1960-07,55.5099983215332,1960-07-30
1960-08,56.959999084472656,1960-09-01
1960-09,53.52000045776367,1960-10-01
1960-10,53.38999938964844,1960-11-01
1960-11,55.540000915527344,1960-12-01
1960-12,58.11000061035156,1960-12-31
1961-01,61.779998779296875,1961-02-01
1961-02,63.439998626708984,1961-03-01
1961-03,65.05999755859375,1961-03-31
1961-04,65.30999755859375,1961-04-29
1961-05,66.55999755859375,1961-06-01
1961-06,64.63999938964844,1961-07-01
1961-07,66.76000213623047,1961-08-01
1961-08,68.06999969482422,1961-09-01
1961-09,66.7300033569336,1961-09-30
1961-10,68.62000274658203,1961-11-01
1961-11,71.31999969482422,1961-12-01
1961-12,71.55000305175781,1961-12-30
1962-01,68.83999633789062,1962-02-01
1962-02,69.95999908447266,1962-03-01
1962-03,69.55000305175781,1962-03-31
1962-04,65.23999786376953,1962-05-01
1962-05,59.630001068115234,1962-06-01
1962-06,54.75,1962-06-30
1962-07,58.22999954223633,1962-08-01
1962-08,59.119998931884766,1962-09-01
1962-09,56.27000045776367,1962-09-29
1962-10,56.52000045776367,1962-11-01
1962-11,62.2599983215332,1962-12-01
1962-12,63.099998474121094,1963-01-01
1963-01,66.19999694824219,1963-02-01
1963-02,64.29000091552734,1963-03-01
1963-03,66.56999969482422,1963-03-30
1963-04,69.80000305175781,1963-05-01
1963-05,70.80000305175781,1963-06-01
1963-06,69.37000274658203,1963-06-29
1963-07,69.12999725341797,1963-08-01
1963-08,72.5,1963-08-31
1963-09,71.69999694824219,1963-10-01
1963-10,74.01000213623047,1963-11-01
1963-11,73.2300033569336,1963-11-30
1963-12,75.0199966430664,1964-01-01
1964-01,77.04000091552734,1964-02-01
1964-02,77.80000305175781,1964-02-29
1964-03,78.9800033569336,1964-04-01
1964-04,79.45999908447266,1964-05-01
1964-05,80.37000274658203,1964-05-29
1964-06,81.69000244140625,1964-07-01
1964-07,83.18000030517578,1964-08-01
1964-08,81.83000183105469,1964-09-01
1964-09,84.18000030517578,1964-10-01
1964-10,84.86000061035156,1964-10-31
1964-11,84.41999816894531,1964-12-01
1964-12,84.75,1965-01-01
1965-01,87.55999755859375,1965-01-30
1965-02,87.43000030517578,1965-02-27
1965-03,86.16000366210938,1965-04-01
1965-04,89.11000061035156,1965-05-01
1965-05,88.41999816894531,1965-05-29
1965-06,84.12000274658203,1965-07-01
1965-07,85.25,1965-07-31
1965-08,87.16999816894531,1965-09-01
1965-09,89.95999908447266,1965-10-01
1965-10,92.41999816894531,1965-10-30
1965-11,91.61000061035156,1965-12-01
1965-12,92.43000030517578,1966-01-01
1966-01,92.87999725341797,1966-02-01
1966-02,91.22000122070312,1966-03-01
1966-03,89.2300033569336,1966-04-01
1966-04,91.05999755859375,1966-04-30
1966-05,86.12999725341797,1966-06-01
1966-06,84.73999786376953,1966-07-01
1966-07,83.5999984741211,1966-07-30
1966-08,77.0999984741211,1966-09-01
1966-09,76.55999755859375,1966-10-01
1966-10,80.19999694824219,1966-11-01
1966-11,80.44999694824219,1966-12-01
1966-12,80.33000183105469,1966-12-31
1967-01,86.61000061035156,1967-02-01
1967-02,86.77999877929688,1967-03-01
1967-03,90.19999694824219,1967-04-01
1967-04,94.01000213623047,1967-04-29
1967-05,89.08000183105469,1967-06-01
1967-06,90.63999938964844,1967-07-01
1967-07,94.75,1967-08-01
1967-08,93.63999938964844,1967-09-01
1967-09,96.70999908447266,1967-09-30
1967-10,93.30000305175781,1967-11-01
1967-11,94.0,1967-12-01
1967-12,96.47000122070312,1967-12-30
1968-01,92.23999786376953,1968-02-01
1968-02,89.36000061035156,1968-03-01
1968-03,90.19999694824219,1968-03-30
1968-04,97.45999908447266,1968-05-01
1968-05,98.68000030517578,1968-06-01
1968-06,99.58000183105469,1968-06-29
1968-07,97.73999786376953,1968-07-31
1968-08,98.86000061035156,1968-08-31
1968-09,102.66999816894531,1968-10-01
1968-10,103.41000366210938,1968-11-01
1968-11,108.37000274658203,1968-11-30
1968-12,103.86000061035156,1969-01-01
1969-01,103.01000213623047,1969-02-01
1969-02,98.12999725341797,1969-03-01
1969-03,101.51000213623047,1969-03-29
1969-04,103.69000244140625,1969-05-01
1969-05,103.45999908447266,1969-05-30
1969-06,97.70999908447266,1969-07-01
1969-07,91.83000183105469,1969-08-01
1969-08,95.51000213623047,1969-08-30
1969-09,93.12000274658203,1969-10-01
1969-10,97.12000274658203,1969-11-01
1969-11,93.80999755859375,1969-11-29
1969-12,92.05999755859375,1970-01-01
1970-01,85.0199966430664,1970-01-31
1970-02,89.5,1970-02-28
1970-03,89.62999725341797,1970-04-01
1970-04,81.5199966430664,1970-05-01
1970-05,76.55000305175781,1970-05-30
1970-06,72.72000122070312,1970-07-01
1970-07,78.05000305175781,1970-08-01
1970-08,81.5199966430664,1970-09-01
1970-09,84.30000305175781,1970-10-01
1970-10,83.25,1970-10-31
1970-11,87.19999694824219,1970-12-01
1970-12,92.1500015258789,1971-01-01
1971-01,95.87999725341797,1971-01-30
1971-02,96.75,1971-02-27
1971-03,100.30999755859375,1971-04-01
1971-04,103.94999694824219,1971-05-01
1971-05,99.62999725341797,1971-05-29
1971-06,98.69999694824219,1971-07-01
1971-07,95.58000183105469,1971-07-31
1971-08,99.02999877929688,1971-09-01
1971-09,98.33999633789062,1971-10-01
1971-10,94.2300033569336,1971-10-30
1971-11,93.98999786376953,1971-12-01
1971-12,102.08999633789062,1972-01-01
1972-01,103.94000244140625,1972-02-01
1972-02,106.56999969482422,1972-03-01
1972-03,107.19999694824219,1972-03-31
1972-04,107.66999816894531,1972-04-29
1972-05,109.52999877929688,1972-06-01
1972-06,107.13999938964844,1972-07-01
1972-07,107.38999938964844,1972-08-01
1972-08,111.08999633789062,1972-09-01
1972-09,110.55000305175781,1972-09-30
1972-10,111.58000183105469,1972-11-01
1972-11,116.66999816894531,1972-12-01
1972-12,118.05000305175781,1972-12-30
1973-01,116.02999877929688,1973-02-01
1973-02,111.68000030517578,1973-03-01
1973-03,111.5199966430664,1973-03-31
1973-04,106.97000122070312,1973-05-01
1973-05,104.94999694824219,1973-06-01
1973-06,104.26000213623047,1973-06-30
1973-07,108.22000122070312,1973-08-01
1973-08,104.25,1973-09-01
1973-09,108.43000030517578,1973-09-29
1973-10,108.29000091552734,1973-11-01
1973-11,95.95999908447266,1973-12-01
1973-12,97.55000305175781,1974-01-01
1974-01,96.56999969482422,1974-02-01
1974-02,96.22000122070312,1974-03-01
1974-03,93.9800033569336,1974-03-30
1974-04,90.30999755859375,1974-05-01
1974-05,87.27999877929688,1974-06-01
1974-06,86.0,1974-06-29
1974-07,79.30999755859375,1974-08-01
1974-08,72.1500015258789,1974-08-31
1974-09,63.540000915527344,1974-10-01
1974-10,73.9000015258789,1974-11-01
1974-11,69.97000122070312,1974-11-30
1974-12,68.55999755859375,1975-01-01
1975-01,76.9800033569336,1975-02-01
1975-02,81.58999633789062,1975-03-01
1975-03,83.36000061035156,1975-04-01
1975-04,87.30000305175781,1975-05-01
1975-05,91.1500015258789,1975-05-31
1975-06,95.19000244140625,1975-07-01
1975-07,88.75,1975-08-01
1975-08,86.87999725341797,1975-08-30
1975-09,83.87000274658203,1975-10-01
1975-10,89.04000091552734,1975-11-01
1975-11,91.23999786376953,1975-11-29
1975-12,90.19000244140625,1976-01-01
1976-01,100.86000061035156,1976-01-31
1976-02,99.70999908447266,1976-02-28
1976-03,102.7699966430664,1976-04-01
1976-04,101.63999938964844,1976-05-01
1976-05,100.18000030517578,1976-05-29
1976-06,104.27999877929688,1976-07-01
1976-07,103.44000244140625,1976-07-31
1976-08,102.91000366210938,1976-09-01
1976-09,105.23999786376953,1976-10-01
1976-10,102.9000015258789,1976-10-30
1976-11,102.0999984741211,1976-12-01
1976-12,107.45999908447266,1977-01-01
1977-01,102.02999877929688,1977-02-01
1977-02,99.81999969482422,1977-03-01
1977-03,98.41999816894531,1977-04-01
1977-04,98.44000244140625,1977-04-30
1977-05,96.12000274658203,1977-06-01
1977-06,100.4800033569336,1977-07-01
1977-07,98.8499984741211,1977-07-30
1977-08,96.7699966430664,1977-09-01
1977-09,96.52999877929688,1977-10-01
1977-10,92.33999633789062,1977-11-01
1977-11,94.83000183105469,1977-12-01
1977-12,95.0999984741211,1977-12-31
1978-01,89.25,1978-02-01
1978-02,87.04000091552734,1978-03-01
1978-03,89.20999908447266,1978-04-01
1978-04,96.83000183105469,1978-04-29
1978-05,97.23999786376953,1978-06-01
1978-06,95.52999877929688,1978-07-01
1978-07,100.68000030517578,1978-08-01
1978-08,103.29000091552734,1978-09-01
1978-09,102.54000091552734,1978-09-30
1978-10,93.1500015258789,1978-11-01
1978-11,94.69999694824219,1978-12-01
1978-12,96.11000061035156,1978-12-30
1979-01,99.93000030517578,1979-02-01
1979-02,96.27999877929688,1979-03-01
1979-03,101.58999633789062,1979-03-31
1979-04,101.76000213623047,1979-05-01
1979-05,99.08000183105469,1979-06-01
1979-06,102.91000366210938,1979-06-30
1979-07,103.80999755859375,1979-08-01
1979-08,109.31999969482422,1979-09-01
1979-09,109.31999969482422,1979-09-29
1979-10,101.81999969482422,1979-11-01
1979-11,106.16000366210938,1979-12-01
1979-12,107.94000244140625,1980-01-01
1980-01,114.16000366210938,1980-02-01
1980-02,113.66000366210938,1980-03-01
1980-03,102.08999633789062,1980-04-01
1980-04,106.29000091552734,1980-05-01
1980-05,111.23999786376953,1980-05-31
1980-06,114.23999786376953,1980-07-01
1980-07,121.66999816894531,1980-08-01
1980-08,122.37999725341797,1980-08-30
1980-09,125.45999908447266,1980-10-01
1980-10,127.47000122070312,1980-11-01
1980-11,140.52000427246094,1980-11-29
1980-12,135.75999450683594,1981-01-01
1981-01,129.5500030517578,1981-01-31
1981-02,131.27000427246094,1981-02-28
1981-03,136.0,1981-04-01
1981-04,132.80999755859375,1981-05-01
1981-05,132.58999633789062,1981-05-30
1981-06,131.2100067138672,1981-07-01
1981-07,130.9199981689453,1981-08-01
1981-08,122.79000091552734,1981-09-01
1981-09,116.18000030517578,1981-10-01
1981-10,121.88999938964844,1981-10-31
1981-11,126.3499984741211,1981-12-01
1981-12,122.55000305175781,1982-01-01
1982-01,120.4000015258789,1982-01-30
1982-02,113.11000061035156,1982-02-27
1982-03,111.95999908447266,1982-04-01
1982-04,116.44000244140625,1982-05-01
1982-05,111.87999725341797,1982-05-29
1982-06,109.61000061035156,1982-07-01
1982-07,107.08999633789062,1982-07-31
1982-08,119.51000213623047,1982-09-01
1982-09,120.41999816894531,1982-10-01
1982-10,133.72000122070312,1982-10-30
1982-11,138.52999877929688,1982-12-01
1982-12,140.63999938964844,1983-01-01
1983-01,145.3000030517578,1983-02-01
1983-02,148.05999755859375,1983-03-01
1983-03,152.9600067138672,1983-04-01
1983-04,164.42999267578125,1983-04-30
1983-05,162.38999938964844,1983-06-01
1983-06,167.63999938964844,1983-07-01
1983-07,162.55999755859375,1983-07-30
1983-08,164.39999389648438,1983-09-01
1983-09,166.07000732421875,1983-10-01
1983-10,163.5500030517578,1983-11-01
1983-11,166.39999389648438,1983-12-01
1983-12,164.92999267578125,1983-12-31
1984-01,163.41000366210938,1984-02-01
1984-02,157.05999755859375,1984-03-01
1984-03,159.17999267578125,1984-03-31
1984-04,160.0500030517578,1984-05-01
1984-05,150.5500030517578,1984-06-01
1984-06,153.17999267578125,1984-06-30
1984-07,150.66000366210938,1984-08-01
1984-08,166.67999267578125,1984-09-01
1984-09,166.10000610351562,1984-09-29
1984-10,166.08999633789062,1984-11-01
1984-11,163.5800018310547,1984-12-01
1984-12,167.24000549316406,1985-01-01
1985-01,179.6300048828125,1985-02-01
1985-02,181.17999267578125,1985-03-01
1985-03,180.66000366210938,1985-03-30
1985-04,179.8300018310547,1985-05-01
1985-05,189.5500030517578,1985-06-01
1985-06,191.85000610351562,1985-06-29
1985-07,190.9199981689453,1985-08-01
1985-08,188.6300048828125,1985-08-31
1985-09,182.0800018310547,1985-10-01
1985-10,189.82000732421875,1985-11-01
1985-11,202.1699981689453,1985-11-30
1985-12,211.27999877929688,1986-01-01
1986-01,211.77999877929688,1986-02-01
1986-02,226.9199981689453,1986-03-01
1986-03,238.89999389648438,1986-04-01
1986-04,235.52000427246094,1986-05-01
1986-05,247.35000610351562,1986-05-31
1986-06,250.83999633789062,1986-07-01
1986-07,236.1199951171875,1986-08-01
1986-08,252.92999267578125,1986-08-30
1986-09,231.32000732421875,1986-10-01
1986-10,243.97999572753906,1986-11-01
1986-11,249.22000122070312,1986-11-29
1986-12,242.1699981689453,1987-01-01
1987-01,274.0799865722656,1987-01-31
1987-02,284.20001220703125,1987-02-28
1987-03,291.70001220703125,1987-04-01
1987-04,288.3599853515625,1987-05-01
1987-05,290.1000061035156,1987-05-30
1987-06,304.0,1987-07-01
1987-07,318.6600036621094,1987-08-01
1987-08,329.79998779296875,1987-09-01
1987-09,321.8299865722656,1987-10-01
1987-10,251.7899932861328,1987-10-31
1987-11,230.3000030517578,1987-12-01
1987-12,247.0800018310547,1988-01-01
1988-01,257.07000732421875,1988-01-30
1988-02,267.82000732421875,1988-03-01
1988-03,258.8900146484375,1988-04-01
1988-04,261.3299865722656,1988-04-30
1988-05,262.1600036621094,1988-06-01
1988-06,273.5,1988-07-01
1988-07,272.0199890136719,1988-07-30
1988-08,261.5199890136719,1988-09-01
1988-09,271.9100036621094,1988-10-01
1988-10,278.9700012207031,1988-11-01
1988-11,273.70001220703125,1988-12-01
1988-12,277.7200012207031,1988-12-31
1989-01,297.4700012207031,1989-02-01
1989-02,288.8599853515625,1989-03-01
1989-03,294.8699951171875,1989-04-01
1989-04,309.6400146484375,1989-04-29
1989-05,320.5199890136719,1989-06-01
1989-06,317.9800109863281,1989-07-01
1989-07,346.0799865722656,1989-08-01
1989-08,351.45001220703125,1989-09-01
1989-09,349.1499938964844,1989-09-30
1989-10,340.3599853515625,1989-11-01
1989-11,345.989990234375,1989-12-01
1989-12,353.3999938964844,1989-12-30
1990-01,329.0799865722656,1990-02-01
1990-02,331.8900146484375,1990-03-01
1990-03,339.94000244140625,1990-03-31
1990-04,330.79998779296875,1990-05-01
1990-05,361.2300109863281,1990-06-01
1990-06,358.0199890136719,1990-06-30
1990-07,356.1499938964844,1990-08-01
1990-08,322.55999755859375,1990-09-01
1990-09,306.04998779296875,1990-09-29
1990-10,304.0,1990-11-01
1990-11,322.2200012207031,1990-12-01
1990-12,330.2200012207031,1991-01-01
1991-01,343.92999267578125,1991-02-01
1991-02,367.07000732421875,1991-03-01
1991-03,375.2200012207031,1991-03-29
1991-04,375.3399963378906,1991-05-01
1991-05,389.8299865722656,1991-06-01
1991-06,371.1600036621094,1991-06-29
1991-07,387.80999755859375,1991-08-01
1991-08,395.42999267578125,1991-08-31
1991-09,387.8599853515625,1991-10-01
1991-10,392.45001220703125,1991-11-01
1991-11,375.2200012207031,1991-11-30
1991-12,417.0899963378906,1992-01-01
1992-01,408.7799987792969,1992-02-01
1992-02,412.70001220703125,1992-02-29
1992-03,403.69000244140625,1992-04-01
1992-04,414.95001220703125,1992-05-01
1992-05,415.3500061035156,1992-05-30
1992-06,408.1400146484375,1992-07-01
1992-07,424.2099914550781,1992-08-01
1992-08,414.0299987792969,1992-09-01
1992-09,417.79998779296875,1992-10-01
1992-10,418.67999267578125,1992-10-31
1992-11,431.3500061035156,1992-12-01
1992-12,435.7099914550781,1993-01-01
1993-01,438.7799987792969,1993-01-30
1993-02,443.3800048828125,1993-02-27
1993-03,451.6700134277344,1993-04-01
1993-04,440.19000244140625,1993-05-01
1993-05,450.19000244140625,1993-05-29
1993-06,450.5299987792969,1993-07-01
1993-07,448.1300048828125,1993-07-31
1993-08,463.55999755859375,1993-09-01
1993-09,458.92999267578125,1993-10-01
1993-10,467.8299865722656,1993-10-30
1993-11,461.7900085449219,1993-12-01
1993-12,466.45001220703125,1994-01-01
1994-01,481.6099853515625,1994-02-01
1994-02,467.1400146484375,1994-03-01
1994-03,445.7699890136719,1994-04-01
1994-04,450.9100036621094,1994-04-30
1994-05,456.5,1994-06-01
1994-06,444.2699890136719,1994-07-01
1994-07,458.260009765625,1994-07-30
1994-08,475.489990234375,1994-09-01
1994-09,462.7099914550781,1994-10-01
1994-10,472.3500061035156,1994-11-01
1994-11,453.69000244140625,1994-12-01
1994-12,459.2699890136719,1994-12-31
1995-01,470.4200134277344,1995-02-01
1995-02,487.3900146484375,1995-03-01
1995-03,500.7099914550781,1995-04-01
1995-04,514.7100219726562,1995-04-29
1995-05,533.4000244140625,1995-06-01
1995-06,544.75,1995-07-01
1995-07,562.0599975585938,1995-08-01
1995-08,561.8800048828125,1995-09-01
1995-09,584.4099731445312,1995-09-30
1995-10,581.5,1995-11-01
1995-11,605.3699951171875,1995-12-01
1995-12,615.9299926757812,1995-12-30
1996-01,636.02001953125,1996-02-01
1996-02,640.4299926757812,1996-03-01
1996-03,645.5,1996-03-30
1996-04,654.1699829101562,1996-05-01
1996-05,669.1199951171875,1996-06-01
1996-06,670.6300048828125,1996-06-29
1996-07,639.9500122070312,1996-08-01
1996-08,651.989990234375,1996-08-31
1996-09,687.3300170898438,1996-10-01
1996-10,705.27001953125,1996-11-01
1996-11,757.02001953125,1996-11-30
1996-12,740.739990234375,1997-01-01
1997-01,786.1599731445312,1997-02-01
1997-02,790.8200073242188,1997-03-01
1997-03,757.1199951171875,1997-04-01
1997-04,801.3400268554688,1997-05-01
1997-05,848.280029296875,1997-05-31
1997-06,885.1400146484375,1997-07-01
1997-07,954.3099975585938,1997-08-01
1997-08,899.469970703125,1997-08-30
1997-09,947.280029296875,1997-10-01
1997-10,914.6199951171875,1997-11-01
1997-11,955.4000244140625,1997-11-29
1997-12,970.4299926757812,1998-01-01
1998-01,980.280029296875,1998-01-31
1998-02,1049.3399658203125,1998-02-28
1998-03,1101.75,1998-04-01
1998-04,1111.75,1998-05-01
1998-05,1090.8199462890625,1998-05-30
1998-06,1133.8399658203125,1998-07-01
1998-07,1120.6700439453125,1998-08-01
1998-08,957.280029296875,1998-09-01
1998-09,1017.010009765625,1998-10-01
1998-10,1098.6700439453125,1998-10-31
1998-11,1163.6300048828125,1998-12-01
1998-12,1229.22998046875,1999-01-01
1999-01,1279.6400146484375,1999-01-30
1999-02,1238.3299560546875,1999-02-27
1999-03,1286.3699951171875,1999-04-01
1999-04,1335.1800537109375,1999-05-01
1999-05,1301.8399658203125,1999-05-29
1999-06,1372.7099609375,1999-07-01
1999-07,1328.719970703125,1999-07-31
1999-08,1320.4100341796875,1999-09-01
1999-09,1282.7099609375,1999-10-01
1999-10,1362.9300537109375,1999-10-30
1999-11,1388.9100341796875,1999-12-01
1999-12,1469.25,2000-01-01
2000-01,1394.4599609375,2000-02-01
2000-02,1366.4200439453125,2000-03-01
2000-03,1498.5799560546875,2000-04-01
2000-04,1452.4300537109375,2000-04-29
2000-05,1420.5999755859375,2000-06-01
2000-06,1454.5999755859375,2000-07-01
2000-07,1430.8299560546875,2000-08-01
2000-08,1517.6800537109375,2000-09-01
2000-09,1436.510009765625,2000-09-30
2000-10,1429.4000244140625,2000-11-01
2000-11,1314.949951171875,2000-12-01
2000-12,1320.280029296875,2000-12-30
2001-01,1366.010009765625,2001-02-01
2001-02,1239.93994140625,2001-03-01
2001-03,1160.3299560546875,2001-03-31
2001-04,1249.4599609375,2001-05-01
2001-05,1255.8199462890625,2001-06-01
2001-06,1224.3800048828125,2001-06-30
2001-07,1211.22998046875,2001-08-01
2001-08,1133.5799560546875,2001-09-01
2001-09,1040.93994140625,2001-09-29
2001-10,1059.780029296875,2001-11-01
2001-11,1139.449951171875,2001-12-01
2001-12,1148.0799560546875,2002-01-01
2002-01,1130.199951171875,2002-02-01
2002-02,1106.72998046875,2002-03-01
2002-03,1147.3900146484375,2002-03-29
2002-04,1076.9200439453125,2002-05-01
2002-05,1067.1400146484375,2002-06-01
2002-06,989.8200073242188,2002-06-29
2002-07,911.6199951171875,2002-08-01
2002-08,916.0700073242188,2002-08-31
2002-09,815.280029296875,2002-10-01
2002-10,885.760009765625,2002-11-01
2002-11,936.3099975585938,2002-11-30
2002-12,879.8200073242188,2003-01-01
2003-01,855.7000122070312,2003-02-01
2003-02,841.1500244140625,2003-03-01
2003-03,848.1799926757812,2003-04-01
2003-04,916.9199829101562,2003-05-01
2003-05,963.5900268554688,2003-05-31
2003-06,974.5,2003-07-01
2003-07,990.3099975585938,2003-08-01
2003-08,1008.010009765625,2003-08-30
2003-09,995.969970703125,2003-10-01
2003-10,1050.7099609375,2003-11-01
2003-11,1058.199951171875,2003-11-29
2003-12,1111.9200439453125,2004-01-01
2004-01,1131.1300048828125,2004-01-31
2004-02,1144.93994140625,2004-02-28
2004-03,1126.2099609375,2004-04-01
2004-04,1107.300048828125,2004-05-01
2004-05,1120.6800537109375,2004-05-29
2004-06,1140.8399658203125,2004-07-01
2004-07,1101.719970703125,2004-07-31
2004-08,1104.239990234375,2004-09-01
2004-09,1114.5799560546875,2004-10-01
2004-10,1130.199951171875,2004-10-30
2004-11,1173.8199462890625,2004-12-01
2004-12,1211.9200439453125,2005-01-01
2005-01,1181.27001953125,2005-02-01
2005-02,1203.5999755859375,2005-03-01
2005-03,1180.5899658203125,2005-04-01
2005-04,1156.8499755859375,2005-04-30
2005-05,1191.5,2005-06-01
2005-06,1191.3299560546875,2005-07-01
2005-07,1234.1800537109375,2005-07-30
2005-08,1220.3299560546875,2005-09-01
2005-09,1228.81005859375,2005-10-01
2005-10,1207.010009765625,2005-11-01
2005-11,1249.47998046875,2005-12-01
2005-12,1248.2900390625,2005-12-31
2006-01,1280.0799560546875,2006-02-01
2006-02,1280.6600341796875,2006-03-01
2006-03,1294.8699951171875,2006-04-01
2006-04,1310.6099853515625,2006-04-29
2006-05,1270.0899658203125,2006-06-01
2006-06,1270.199951171875,2006-07-01
2006-07,1276.6600341796875,2006-08-01
2006-08,1303.8199462890625,2006-09-01
2006-09,1335.8499755859375,2006-09-30
2006-10,1377.93994140625,2006-11-01
2006-11,1400.6300048828125,2006-12-01
2006-12,1418.300048828125,2006-12-30
2007-01,1438.239990234375,2007-02-01
2007-02,1406.8199462890625,2007-03-01
2007-03,1420.8599853515625,2007-03-31
2007-04,1482.3699951171875,2007-05-01
2007-05,1530.6199951171875,2007-06-01
2007-06,1503.3499755859375,2007-06-30
2007-07,1455.27001953125,2007-08-01
2007-08,1473.989990234375,2007-09-01
2007-09,1526.75,2007-09-29
2007-10,1549.3800048828125,2007-11-01
2007-11,1481.1400146484375,2007-12-01
2007-12,1468.3599853515625,2008-01-01
2008-01,1378.550048828125,2008-02-01
2008-02,1330.6300048828125,2008-03-01
2008-03,1322.699951171875,2008-04-01
2008-04,1385.5899658203125,2008-05-01
2008-05,1400.3800048828125,2008-05-31
2008-06,1280.0,2008-07-01
2008-07,1267.3800048828125,2008-08-01
2008-08,1282.8299560546875,2008-08-30
2008-09,1166.3599853515625,2008-10-01
2008-10,968.75,2008-11-01
2008-11,896.239990234375,2008-11-29
2008-12,903.25,2009-01-01
2009-01,825.8800048828125,2009-01-31
2009-02,735.0900268554688,2009-02-28
2009-03,797.8699951171875,2009-04-01
2009-04,872.8099975585938,2009-05-01
2009-05,919.1400146484375,2009-05-30
2009-06,919.3200073242188,2009-07-01
2009-07,987.47998046875,2009-08-01
2009-08,1020.6199951171875,2009-09-01
2009-09,1057.0799560546875,2009-10-01
2009-10,1036.18994140625,2009-10-31
2009-11,1095.6300048828125,2009-12-01
2009-12,1115.0999755859375,2010-01-01
2010-01,1073.8699951171875,2010-01-30
2010-02,1104.489990234375,2010-02-27
2010-03,1169.4300537109375,2010-04-01
2010-04,1186.68994140625,2010-05-01
2010-05,1089.4100341796875,2010-05-29
2010-06,1030.7099609375,2010-07-01
2010-07,1101.5999755859375,2010-07-31
2010-08,1049.3299560546875,2010-09-01
2010-09,1141.199951171875,2010-10-01
2010-10,1183.260009765625,2010-10-30
2010-11,1180.550048828125,2010-12-01
2010-12,1257.6400146484375,2011-01-01
2011-01,1286.1199951171875,2011-02-01
2011-02,1327.219970703125,2011-03-01
2011-03,1325.8299560546875,2011-04-01
2011-04,1363.6099853515625,2011-04-30
2011-05,1345.199951171875,2011-06-01
2011-06,1320.6400146484375,2011-07-01
2011-07,1292.280029296875,2011-07-30
2011-08,1218.8900146484375,2011-09-01
2011-09,1131.4200439453125,2011-10-01
2011-10,1253.300048828125,2011-11-01
2011-11,1246.9599609375,2011-12-01
2011-12,1257.5999755859375,2011-12-31
2012-01,1312.4100341796875,2012-02-01
2012-02,1365.6800537109375,2012-03-01
2012-03,1408.469970703125,2012-03-31
2012-04,1397.9100341796875,2012-05-01
2012-05,1310.3299560546875,2012-06-01
2012-06,1362.1600341796875,2012-06-30
2012-07,1379.3199462890625,2012-08-01
2012-08,1406.5799560546875,2012-09-01
2012-09,1440.6700439453125,2012-09-29
2012-10,1412.1600341796875,2012-11-01
2012-11,1416.1800537109375,2012-12-01
2012-12,1426.18994140625,2013-01-01
2013-01,1498.1099853515625,2013-02-01
2013-02,1514.6800537109375,2013-03-01
2013-03,1569.18994140625,2013-03-29
2013-04,1597.5699462890625,2013-05-01
2013-05,1630.739990234375,2013-06-01
2013-06,1606.280029296875,2013-06-29
2013-07,1685.72998046875,2013-08-01
2013-08,1632.969970703125,2013-08-31
2013-09,1681.550048828125,2013-10-01
2013-10,1756.5400390625,2013-11-01
2013-11,1805.81005859375,2013-11-30
2013-12,1848.3599853515625,2014-01-01
2014-01,1782.5899658203125,2014-02-01
2014-02,1859.449951171875,2014-03-01
2014-03,1872.3399658203125,2014-04-01
2014-04,1883.949951171875,2014-05-01
2014-05,1923.5699462890625,2014-05-31
2014-06,1960.22998046875,2014-07-01
2014-07,1930.6700439453125,2014-08-01
2014-08,2003.3699951171875,2014-08-30
2014-09,1972.2900390625,2014-10-01
2014-10,2018.050048828125,2014-11-01
2014-11,2067.56005859375,2014-11-29
2014-12,2058.89990234375,2015-01-01
2015-01,1994.989990234375,2015-01-31
2015-02,2104.5,2015-02-28
2015-03,2067.889892578125,2015-04-01
2015-04,2085.510009765625,2015-05-01
2015-05,2107.389892578125,2015-05-30
2015-06,2063.110107421875,2015-07-01
2015-07,2103.840087890625,2015-08-01
2015-08,1972.1800537109375,2015-09-01
2015-09,1920.030029296875,2015-10-01
2015-10,2079.360107421875,2015-10-31
2015-11,2080.409912109375,2015-12-01
2015-12,2043.93994140625,2016-01-01
2016-01,1940.239990234375,2016-01-30
2016-02,1932.22998046875,2016-03-01
2016-03,2059.739990234375,2016-04-01
2016-04,2065.300048828125,2016-04-30
2016-05,2096.949951171875,2016-06-01
2016-06,2098.860107421875,2016-07-01
2016-07,2173.60009765625,2016-07-30
2016-08,2170.949951171875,2016-09-01
2016-09,2168.27001953125,2016-10-01
2016-10,2126.14990234375,2016-11-01
2016-11,2198.81005859375,2016-12-01
2016-12,2238.830078125,2016-12-31
2017-01,2278.8701171875,2017-02-01
2017-02,2363.639892578125,2017-03-01
2017-03,2362.719970703125,2017-04-01
2017-04,2384.199951171875,2017-04-29
2017-05,2411.800048828125,2017-06-01
2017-06,2423.409912109375,2017-07-01
2017-07,2470.300048828125,2017-08-01
2017-08,2471.64990234375,2017-09-01
2017-09,2519.360107421875,2017-09-30
2017-10,2575.260009765625,2017-11-01
2017-11,2647.580078125,2017-12-01
2017-12,2673.610107421875,2017-12-30
2018-01,2823.81005859375,2018-02-01
2018-02,2713.830078125,2018-03-01
2018-03,2640.8701171875,2018-03-30
2018-04,2648.050048828125,2018-05-01
2018-05,2705.27001953125,2018-06-01
2018-06,2718.3701171875,2018-06-30
2018-07,2816.2900390625,2018-08-01
2018-08,2901.52001953125,2018-09-01
2018-09,2913.97998046875,2018-09-29
2018-10,2711.739990234375,2018-11-01
2018-11,2760.169921875,2018-12-01
2018-12,2506.85009765625,2019-01-01
2019-01,2704.10009765625,2019-02-01
2019-02,2784.489990234375,2019-03-01
2019-03,2834.39990234375,2019-03-30
2019-04,2945.830078125,2019-05-01
2019-05,2752.06005859375,2019-06-01
2019-06,2941.760009765625,2019-06-29
2019-07,2980.3798828125,2019-08-01
2019-08,2926.4599609375,2019-08-31
2019-09,2976.739990234375,2019-10-01
2019-10,3037.56005859375,2019-11-01
2019-11,3140.97998046875,2019-11-30
2019-12,3230.780029296875,2020-01-01
2020-01,3225.52001953125,2020-02-01
2020-02,2954.219970703125,2020-02-29
2020-03,2584.590087890625,2020-04-01
2020-04,2912.429931640625,2020-05-01
2020-05,3044.31005859375,2020-05-30
2020-06,3100.2900390625,2020-07-01
2020-07,3271.1201171875,2020-08-01
2020-08,3500.31005859375,2020-09-01
2020-09,3363.0,2020-10-01
2020-10,3269.9599609375,2020-10-31
2020-11,3621.6298828125,2020-12-01
2020-12,3756.070068359375,2021-01-01
2021-01,3714.239990234375,2021-01-30
2021-02,3811.14990234375,2021-02-27
2021-03,3972.889892578125,2021-04-01
2021-04,4181.169921875,2021-05-01
2021-05,4204.10986328125,2021-05-29
2021-06,4297.5,2021-07-01
2021-07,4395.259765625,2021-07-31
2021-08,4522.68017578125,2021-09-01
2021-09,4307.5400390625,2021-10-01
2021-10,4605.3798828125,2021-10-30
2021-11,4567.0,2021-12-01
2021-12,4766.18017578125,2022-01-01
2022-01,4515.5498046875,2022-02-01
2022-02,4373.93994140625,2022-03-01
2022-03,4530.41015625,2022-04-01
2022-04,4131.93017578125,2022-04-30
2022-05,4132.14990234375,2022-06-01
2022-06,3785.3798828125,2022-07-01
2022-07,4130.2900390625,2022-07-30
2022-08,3955.0,2022-09-01
2022-09,3585.6201171875,2022-10-01
2022-10,3871.97998046875,2022-11-01
2022-11,4080.110107421875,2022-12-01
2022-12,3839.5,2022-12-31
2023-01,4076.60009765625,2023-02-01
2023-02,3970.14990234375,2023-03-01
2023-03,4109.31005859375,2023-04-01
2023-04,4169.47998046875,2023-04-29
2023-05,4179.830078125,2023-06-01
2023-06,4450.3798828125,2023-07-01
2023-07,4588.9599609375,2023-08-01
2023-08,4507.66015625,2023-09-01
2023-09,4288.0498046875,2023-09-30
2023-10,4193.7998046875,2023-11-01
2023-11,4567.7998046875,2023-12-01
2023-12,4769.830078125,2023-12-30
2024-01,4845.64990234375,2024-02-01
2024-02,5096.27001953125,2024-03-01
2024-03,5254.35009765625,2024-03-29
2024-04,5035.68994140625,2024-05-01
2024-05,5277.509765625,2024-06-01
2024-06,5460.47998046875,2024-06-29
2024-07,5522.2998046875,2024-08-01
2024-08,5648.39990234375,2024-08-31
2024-09,5762.47998046875,2024-10-01
2024-10,5705.4501953125,2024-11-01
2024-11,6032.3798828125,2024-11-30
2024-12,5881.6298828125,2025-01-01
2025-01,6040.52978515625,2025-02-01
2025-02,5954.5,2025-03-01
2025-03,5611.85009765625,2025-04-01
2025-04,5569.06005859375,2025-05-01
2025-05,5911.68994140625,2025-05-31
2025-06,6204.9501953125,2025-07-01
2025-07,6339.39013671875,2025-08-01
2025-08,6460.259765625,2025-08-30
2025-09,6688.4599609375,2025-10-01
2025-10,6840.2001953125,2025-11-01
2025-11,6849.08984375,2025-11-29
2025-12,6845.5,2026-01-01
2026-01,6939.02978515625,2026-01-31
2026-02,6878.8798828125,2026-02-28
2026-03,6528.52001953125,2026-04-01
2026-04,7209.009765625,2026-05-01
2026-05,7230.1201171875,2026-05-02
