ticker,entry,notional,n_ins,csuite,ex20,ex60
ABT,2019-02-01,242643.97,1,0,0.05192697796165713,0.010781462604772196
ABT,2019-04-24,146798.2,1,1,0.016200585389603894,0.12303036038388848
ABT,2021-02-25,249900.0,1,0,-0.0400858848499035,-0.12189422458265109
ABT,2026-01-26,2013966.92,1,1,0.0611818374459463,-0.18361371565429008
ABT,2026-02-06,1087331.402,1,0,0.034304028919789564,-0.26148045217863014
ABT,2026-04-27,201300.0,1,1,-0.11558272044553664,
ABT,2026-04-28,926537.0,1,0,-0.1416270417299491,
ADSK,2024-10-01,8833.86,1,0,0.059836410140609475,0.06512513978725698
ADSK,2025-03-24,534194.0,1,0,0.05166946825550356,0.055894861594569356
ADSK,2026-05-29,794054.34,1,0,,
AI,2021-06-11,645100.0,1,0,-0.08030236139341673,-0.21394494828646937
AI,2026-03-10,225000.0,1,0,-0.018361532384299828,0.0627994957027671
AI,2026-03-31,77300.0,1,0,-0.04190959642012948,
ALAB,2024-03-22,1322892.0,3,0,-0.01891187538886152,-0.09291117646575142
ALK,2020-03-27,9973.9010675,1,0,-0.2003309820417981,0.0016546459961701565
ALK,2020-05-28,19904.4,1,0,0.015142658775050943,-0.09235840282767649
ALK,2020-11-30,40483.3095,1,0,-0.005166000655612235,0.22510823580511885
ALK,2021-06-09,79511.28,1,0,-0.14146082828041684,-0.19336278975142762
ALK,2023-12-11,2031.3720000000003,1,1,0.005105877477140863,-0.0841465190797428
AMAT,2023-01-24,43611.75,1,0,-0.01868595306736409,-0.016794930262985952
AMAT,2025-04-07,6865081.789999999,1,1,0.04400579862817988,0.1982688853024248
AMC,2023-03-02,45470000.0,1,0,-0.20005196483534227,-0.2951749352293974
AMC,2023-03-03,3060000.0,1,0,-0.2514670603543383,-0.3359131862734813
AMC,2023-03-06,28588232.0,1,0,-0.19842096570821066,-0.3130803273419538
AMC,2023-03-08,18144000.0,1,0,-0.3282655979363458,-0.29358669091478484
AMC,2023-03-16,5600.0,1,0,0.12501060282776222,-0.004034163906864396
AMC,2023-04-03,44329.22,1,0,0.07658861180087484,-0.2011201195073513
AMC,2023-04-06,40708.850000000006,1,0,0.19363396376415132,-0.21559741470331395
AMC,2023-05-10,5468183.71,1,0,-0.18697419179355024,-0.15909927283644942
AMC,2023-06-05,45753.6,1,0,-0.11960562799087515,-0.781036201252811
AMC,2023-06-07,11915.0,1,0,-0.1401834324908311,-0.7808101927976638
AMC,2023-06-09,6577.08,1,0,-0.10888066699729793,-0.8572495285579066
AMC,2023-06-13,21776.2,1,0,-0.1415424357623779,-0.8766903861127651
AMC,2023-06-15,15000.0,1,0,-0.1005500347450321,-0.8486256725916755
AMC,2023-06-20,37327.42,1,0,-0.08914900320244168,-0.8528057172922796
AMC,2023-06-26,22706.55,1,0,0.21484379852754643,-0.8142069100695276
AMC,2023-06-28,11164.8,1,0,-0.011950293687141178,-0.8135304608793265
AMC,2023-06-29,18034.02,1,0,0.006839332794269959,-0.8024158171809782
AMC,2026-05-19,344350.0,1,1,,
AMD,2025-02-12,499616.2,1,0,-0.03573782022962846,-0.01481325059437999
AMD,2025-05-22,999328.0,1,0,0.14118738854264556,0.407105951512555
AMZN,2020-07-02,105559.9001,1,0,0.04916377885080858,0.027840432502709733
AMZN,2020-10-05,134034.36070000002,1,0,-0.03272770747431397,-0.0677761821842322
AMZN,2023-05-26,114.77,1,0,0.03706356209013073,0.07351595362933572
APD,2019-07-26,4543200.0,1,1,0.013835142325641647,-0.06726506899544049
APD,2020-01-29,47519.0,1,0,0.03357644582836494,0.04728422617636263
APD,2021-11-05,500281.93299999996,1,0,-0.032297477509443784,-0.05683387630002257
APD,2021-11-09,25159.248,1,0,-0.062474458445971326,-0.12177098717691137
APD,2021-11-23,499939.04,1,0,-0.005085903651870338,-0.11820113121898823
APD,2023-11-08,2523400.0,1,1,-0.039979549404568715,-0.2908630117397354
APD,2023-11-13,2908620.0,1,1,-0.04560145941103033,-0.309108240217986
APD,2025-11-21,1474.8,1,0,-0.08806634574172456,0.04638432403928361
APLD,2022-05-19,1048070.52,2,1,-0.5898887132245345,-0.39782093104766925
APLD,2022-05-23,422061.19999999995,1,1,-0.6061592803915996,-0.5021831020203884
APLD,2022-05-25,324667.44999999995,1,1,-0.6713095499460678,-0.5388881497971177
APLD,2022-05-31,831034.07,3,1,-0.6933329402428806,-0.6184193762707438
APLD,2022-08-31,243103.5,3,1,-0.24293186483625584,-0.07294534157697297
APLD,2022-10-26,129600.0,1,1,-0.03521852734982933,0.09331995945000471
APLD,2022-10-27,44400.00000000001,1,1,-0.04063706702266612,0.07366464263669381
APLD,2022-10-31,89200.00000000001,1,1,-0.13002183613405516,0.37180923446944525
APLD,2022-11-07,75600.0,1,1,-0.32506867192323496,0.21512087870933705
APLD,2022-11-08,121000.0,1,1,-0.3512485579909487,0.28731608838406264
APLD,2022-11-09,64200.00000000001,1,1,-0.2266097956395895,0.5755312392432337
APLD,2022-11-10,105000.0,1,1,-0.23928471892950343,0.5833727253094352
APLD,2022-11-14,89200.0,1,1,-0.3364854415356714,0.3119819241555486
APLD,2022-11-25,111500.0,1,1,-0.094588308815436,0.27647225003639486
APLD,2022-11-28,171400.0,1,1,-0.04835025637139734,0.30881286150892895
APLD,2022-11-29,60600.0,1,1,-0.07241768537571724,0.28720690754662304
APLD,2022-11-30,146250.0,1,1,0.02356096284667719,0.3869865253793826
APLD,2023-01-13,108500.0,1,1,0.3775915524337763,0.4479977485664699
APLD,2023-01-17,162750.0,1,1,0.2737276985862851,0.5338632878296501
APLD,2023-01-18,112500.0,1,1,0.24763755681791122,0.44431676935272524
APLD,2023-01-19,117500.0,1,1,0.18913422181695716,0.47622350795654445
APLD,2023-01-20,60000.0,1,1,0.2754205819945439,0.4245314236637363
APLD,2023-01-23,48200.0,1,1,0.23033967228111463,0.44491059060612015
APLD,2023-01-24,58250.0,1,1,0.15952641209275842,0.2576671823450827
APLD,2023-01-25,61250.00000000001,1,1,0.14841922591925605,0.25669122179383375
APLD,2023-01-26,62000.0,1,1,0.01687715037917137,0.11741332137145166
APLD,2023-01-30,74000.0,1,1,-0.1610659433585463,-0.03441111860006496
APLD,2023-02-08,82750.0,1,1,-0.35967108150193206,-0.010686726893527343
APLD,2023-02-09,84750.0,1,1,-0.35052810342431207,0.06918809783488622
APLD,2023-02-10,80500.0,1,1,-0.34315139121381744,0.07203128509366796
APLD,2023-02-13,79250.0,1,1,-0.3042612741762514,0.20986890928028923
APLD,2023-02-14,76500.0,1,1,-0.2789821307693824,0.18428679162203188
APLD,2023-02-16,76500.0,1,1,-0.2885356454720618,0.12674814669671153
APLD,2023-02-28,25900.0,1,0,-0.228523106136718,2.3927637562149493
APLD,2023-04-13,79500.0,1,1,-0.010883429877409201,1.3140668770126445
APLD,2023-04-14,90000.0,1,1,-0.1831806621203541,1.168988141047118
APLD,2023-04-17,87500.0,1,1,-0.08220369972413133,1.0828496857699519
APLD,2023-05-17,61700.0,1,1,0.27309181632737767,-0.033794959061396845
ASAN,2021-03-16,199143.99999999997,1,0,-0.03685182490667116,0.3079590189410779
ASAN,2021-12-08,248281.83000000002,1,0,-0.22623116159721823,-0.3643826953689062
ASTS,2021-04-08,27000000.0,2,0,-0.30411806444803613,0.15631020306433996
ASTS,2021-08-20,28985.0,1,0,0.39275525869820704,0.43264589946262233
ASTS,2022-12-05,200002.0,1,0,-0.13601163414722328,0.10676777029788864
ASTS,2024-01-18,625000000000000.0,1,0,-0.23384677336032567,-0.5586790908518542
ASTS,2024-09-10,104766.18000000001,1,0,-0.11757705676767294,-0.2401716351440597
ASTS,2025-11-24,19046.25,1,0,0.528880363456919,0.5050277663359177
ASTS,2025-12-10,49079.24999999999,1,0,0.22609353916671426,0.12238506597182375
ASTS,2025-12-17,50064.299999999996,1,0,0.8413082439606052,0.5479502563804747
ASTS,2025-12-29,50000.0,1,0,0.6852308766243778,0.2914917064901079
AVGO,2020-09-11,60209.82,1,0,0.00897507154170385,0.06525258173212434
AVGO,2020-09-21,36773923.0,1,0,0.022167563215682584,0.058031080908957255
AVGO,2020-12-17,50016.0,1,0,0.060625503084695165,0.06770667976433287
AVGO,2021-03-12,39752.804,1,0,0.027422435841528925,-0.04421802135270836
AVGO,2021-09-23,74516.99,1,0,-0.003957302547162422,0.22143216874971827
AVGO,2021-10-01,74409.32,1,0,0.03334592388988966,0.2745585527364809
AVGO,2021-12-16,99436.41,1,0,-0.03545785554110614,0.04137145686217347
AVGO,2021-12-17,99691.0,1,0,-0.08268726446208041,0.008887012316607046
AVGO,2022-03-10,58564.296,1,0,-0.028671787027828355,-0.012913305818219145
AVGO,2022-03-14,19720.0,1,0,-0.03240326794569981,0.00956362349359674
AVGO,2023-09-08,9592281.600000001,1,0,0.021536673099969872,0.05238138354473776
AVGO,2023-09-19,858958.2000000001,1,0,0.0565622497235877,0.22042347956612396
AVGO,2025-09-10,1227870.27,1,0,-0.0971746388956578,-0.018330926051883134
AVGO,2025-12-22,325129.0,1,0,-0.05280173436332036,-0.037666113006804
AXP,2020-02-13,132870.0,1,0,-0.05828613874659094,-0.23318549398624755
AXP,2022-11-10,149270.0,1,0,-0.0019203062823767159,0.11626756337390165
AXP,2023-10-25,143930.0,1,0,0.051496915168605106,0.13109150574027217
AXP,2025-03-11,998593.0,1,0,0.012947937023745859,0.09206489874252965
AXP,2026-03-13,4054.07,1,0,0.043592920755859854,-0.05147287642801568
AZN,2019-10-09,8075000.0,1,0,0.03643521087296242,0.038174756378352104
AZN,2020-02-07,0.0,1,0,0.09009035579269098,0.22088956703805074
BA,2020-08-07,199710.72000000003,1,0,-0.0178531783068816,-0.11292363653396198
BA,2022-02-03,100027.2,1,0,-0.09148396484232046,-0.2080342419308988
BA,2022-02-16,1044550.0,1,0,-0.11889239156473053,-0.3184997611536089
BA,2022-11-08,4173889.1100000003,2,1,0.011346594883172578,0.14640140171655647
BA,2023-08-02,201450.0,1,0,-0.012889384418612204,-0.14250488219136015
BA,2025-08-21,497420.0,1,0,-0.0835421001802854,-0.19062855408089163
BA,2025-11-25,99102.29,1,0,0.17303551550594842,0.26100377150428766
BA,2026-03-05,499966.0,1,0,-0.02492695656733157,-0.1032677902659227
BA,2026-05-22,299345.0,1,0,,
BETR,2021-04-19,25695.0,1,1,-0.5271813927577769,-0.6762142865370379
BETR,2023-08-24,0.0,2,0,-0.5116255628966401,-0.657381006262645
BETR,2024-10-02,0.0,1,0,-0.05193593405952557,-0.44656793364015557
BETR,2025-05-20,597163.2,1,0,0.007183111179364987,0.1545918148986869
BETR,2026-01-02,50910.0,1,0,-0.2444564891111889,0.07338641936141932
BETR,2026-03-11,1212688.54,1,0,-0.19788030129123557,-0.4488951024546085
BETR,2026-03-13,1006335.2799999999,1,0,-0.017663645431678532,-0.3860305562038002
BETR,2026-03-16,738750.0,1,0,0.17279114007741492,-0.25747188412200694
BETR,2026-03-19,1509440.0,1,0,0.34591870951727244,
BETR,2026-03-23,1184000.0,1,0,0.5314180774194592,
BETR,2026-03-24,618931.895,1,1,0.516264401347122,
BETR,2026-03-25,66298.27649999999,1,1,0.22979628075484593,
BETR,2026-04-06,176218.0,1,0,-0.0596803318266661,
BETR,2026-04-08,440442.81000000006,5,1,0.13400878658180915,
BETR,2026-04-09,164431.5,1,0,-0.12934522825656447,
BETR,2026-04-10,1792496.6400000001,1,0,-0.16742944722829967,
BETR,2026-05-07,197485.0,1,1,-0.16871087862866097,
BETR,2026-05-11,91290.0,1,0,-0.19051535671664,
BETR,2026-05-13,15345.0,1,1,,
BETR,2026-05-18,387988.86,1,1,,
BETR,2026-05-20,389994.0,1,1,,
BETR,2026-05-21,388327.68,1,1,,
BETR,2026-05-26,126696.00000000001,1,0,,
BRKR,2020-05-13,97775.0,1,1,-0.026830926889737317,-0.02249355055107305
BRKR,2022-05-16,98559.27,1,1,0.07561082131835206,-0.008596911202955804
BRKR,2024-11-19,5014068.82,1,1,0.15458211728645932,0.029850089398645974
BRKR,2025-02-19,1018329.76,1,1,-0.019572641093932974,-0.25146575010502736
BRKR,2025-03-11,23697.5,1,0,-0.09500965961588215,-0.23952943058993348
BRKR,2025-06-09,100042.88,1,1,0.03356074527684827,-0.32268880561854374
BSX,2021-11-16,1049450.0,1,0,-0.031301472463317825,0.10221477392326916
BSX,2025-02-13,4514.595,1,0,-0.007653144814820267,0.013047110705767362
BSX,2026-05-21,553999.7949999999,3,0,,
CAVA,2023-06-22,211090.0,4,1,0.20976045979334335,-0.1388852507781273
CAVA,2023-11-21,331800.0,1,0,0.19709981094709916,0.5257229307135916
CAVA,2025-11-12,7346.999999999999,1,1,0.07152740788433976,0.4011593474667021
CAVA,2026-05-28,317800.0,1,0,,
CAVA,2026-06-02,273750.0,2,0,,
CAVA,2026-06-05,70000.0,1,0,,
CEG,2024-05-10,6922.532999999999,1,0,-0.029849839073132323,-0.15991439309018518
CHTR,2019-07-31,0.0,2,0,0.0679466410702565,0.11905299316030571
CHTR,2020-02-05,0.0,2,0,0.05869726255681573,0.12640889394204846
CHTR,2022-02-02,1627885.7228,1,1,-0.01669167033088348,-0.18697735183831787
CHTR,2022-11-03,10174604.549999999,1,0,0.04394880159611403,0.05086405424890028
CHTR,2023-02-01,960874.75,1,0,-0.05764836277143981,-0.08768598253496518
CHTR,2024-02-07,1491214.5,1,1,-0.039434602786106665,-0.08901808187430482
CHTR,2025-07-31,1002258.6500000001,1,1,-0.04791484346287522,-0.16486906651126376
CHTR,2025-08-04,98715.59999999999,1,0,-0.004217095707961693,-0.1377188904600829
CHTR,2026-04-28,772770.6332,2,1,-0.20426511706582562,
CHTR,2026-04-29,995068.16,1,0,-0.13225026675234253,
CHTR,2026-05-18,1399307.8706,1,0,,
CI,2019-03-13,326800.0,1,1,-0.02351272989468778,-0.08510694990301515
CI,2019-09-09,5044421.529999999,1,1,-0.06275138083888965,0.16648935712614787
CI,2019-12-05,1993165.16,1,0,0.02068609440954905,0.06863052963836824
CI,2020-06-16,1023017.814,1,0,-0.09047229323322625,-0.18748681952599722
CI,2020-09-15,168768.0,1,1,0.019249050620423924,0.2248719307542837
CI,2021-08-12,210740.5,1,0,-0.0245395584067456,-0.03144108323119954
CI,2025-11-03,999916.2108,1,1,0.06250491426272198,0.04726568130469233
CLS,2025-10-30,2050025.04,1,0,0.007346820716482849,-0.007937936741194251
CNC,2019-07-29,151021.5,1,0,-0.1145259612727717,-0.08641226122025869
CNC,2021-03-01,9936.5,1,0,0.08932199714327904,0.17176109136523854
CNC,2022-05-02,507493.8,1,0,0.03384334424957447,0.1883906615431571
CNC,2022-05-03,1227003.75,2,0,0.02713619621531871,0.16775012455768956
CNC,2023-02-09,997935.0,2,1,-0.03824608891248371,-0.05971465719808955
CNC,2023-02-10,489156.0,1,1,-0.06223409604426944,-0.07747032111258756
CNC,2023-03-17,1878000.0,1,1,0.03690951185306801,-0.00903824031725664
CNC,2024-11-08,250313.59999999998,1,1,-0.03844706816241161,-0.02442938664361216
CNC,2024-11-13,1000008.0,1,1,-0.01264517378073493,-0.0377266202919625
CNC,2024-12-17,1003473.9299999999,4,0,0.08790726138588223,0.10360607695454904
CNC,2024-12-19,1015750.0,1,0,0.029271908005796377,0.03365736245918849
CNC,2025-07-29,248580.0,1,0,0.1070166914703008,0.35966602877788856
CNC,2025-08-11,490365.0,1,1,0.2074389268716781,0.3682673329604942
COIN,2022-05-17,50000176.2571,1,0,-0.14282624272279443,0.2467209471562919
COIN,2022-05-19,25013664.685599998,1,0,-0.17968805829513967,0.237377539823717
COIN,2022-05-26,1819830.012,1,0,-0.15783163844179193,0.0013796845445481765
COIN,2022-08-15,382153.19999999995,1,0,-0.09841455765477014,-0.33805335091623645
COIN,2022-08-18,364282.64999999997,1,0,-0.014526641147612152,-0.24294645458444575
COIN,2022-08-25,372433.38,1,0,-0.010063740336490268,-0.3098699284823533
COIN,2022-09-01,378957.15,1,0,0.08311533039873653,-0.35000297142871395
COIN,2022-09-09,365428.0,1,0,-0.06376265892482225,-0.4139453226048667
COIN,2022-09-15,337897.98,1,0,-0.04129420949690954,-0.4870590255472277
COIN,2022-09-22,360793.29,1,0,0.03386959715738458,-0.44267743891724376
COIN,2022-09-29,387887.89,1,0,0.12262044550279416,-0.4824852353539658
COIN,2022-10-06,387594.9,1,0,-0.2391595692336339,-0.5658110520268632
COIN,2022-10-13,373139.59,1,0,-0.34327568480446236,-0.44307615414605783
COIN,2022-10-20,389942.10000000003,1,0,-0.31163867359457786,-0.2817823255309374
COIN,2022-10-27,373168.07999999996,1,0,-0.44780743218944363,-0.3255826948195576
COIN,2022-11-03,385309.14999999997,1,0,-0.24246181521930976,0.07017157176008637
COIN,2022-11-10,353977.5,1,0,-0.20616834590739586,0.3232709784048602
COIN,2022-11-17,382360.0,1,0,-0.2220205900403398,0.3711218446635862
COIN,2022-11-23,380048.9,1,0,-0.18702423085559483,0.35219159110423404
COIN,2022-12-08,742513.5899999999,1,0,-0.08490118961263204,0.4650887933116492
COIN,2022-12-15,399857.39999999997,1,0,0.40459548335084183,0.6983706419899561
COIN,2022-12-22,365570.0,1,0,0.4971136382785868,1.200207314015756
COIN,2022-12-29,369196.56,1,0,0.5699944193342144,0.7808230255282915
COIN,2023-01-06,381235.43999999994,1,0,1.186588649016705,0.8272806699166118
COIN,2023-01-12,365063.68,1,0,0.17271878262174245,0.4439860924095682
COIN,2023-01-20,370471.14,1,0,0.153269868917435,0.17305994674809733
COIN,2023-01-26,359560.56,1,0,0.12290500700261342,0.013160388623496555
COIN,2023-02-02,380127.60000000003,1,0,-0.17786980060745838,-0.3814360107603396
COIN,2023-02-09,361832.0,1,0,-0.05177900153454362,-0.03953722054217701
COIN,2023-05-11,50035002.4402,1,0,-0.16026742151143147,0.36996807118256525
COST,2019-04-02,727935.0,1,0,-0.015889498026085747,0.08494505151776899
COST,2021-12-22,499619.50999999995,1,0,-0.060294761895011706,0.060480266786162584
COST,2022-06-08,400124.75,1,0,0.12652639301894564,0.15538844591041423
CRM,2024-06-05,99796760.0,1,0,0.07536283388970033,0.014951213360647309
CRM,2024-06-24,499806.13899999997,1,0,0.04684223100339091,0.017673577046041
CRM,2025-03-03,499355.47500000003,1,0,-0.042520058854321974,-0.06489446053661907
CRM,2025-04-04,998772.9942,1,0,0.017129453558559105,-0.10976555755307715
CRM,2025-09-10,865827.0,1,0,-0.040867089170754545,-0.029180807200017922
CRM,2025-12-08,25015680.0,1,0,0.016688516404627096,-0.20478982851226835
CRM,2025-12-18,500722.19999999995,1,0,-0.14816016515533503,-0.22407292904437104
CRM,2026-03-18,500178.28300000005,1,0,-0.12833331132501513,
CRM,2026-03-19,500266.13200000004,1,0,-0.14219666265286457,
CRWD,2022-09-30,14006.277,1,0,-0.09618113701976816,-0.4570450379125014
CRWD,2022-12-29,2493500.5,1,0,-0.07532819569819471,0.19846782550682307
CRWD,2023-01-06,3366699.5,1,0,0.09914911142589711,0.3918341317894889
CRWD,2023-02-10,458.22,1,0,0.1698449005388174,0.1854650849784243
CRWD,2023-02-14,1534500.0,1,0,0.16846733580810114,0.137423718216507
CRWV,2025-04-08,500336.45999999996,1,0,0.09881889067713634,2.4118429931076157
CRWV,2025-05-13,19999674.4,1,0,1.3416815910862538,0.9621160919467657
CRWV,2025-08-19,26879971555883.0,1,0,0.2708342256353562,-0.14840838583341875
CRWV,2025-08-25,8829602340183.0,1,0,0.3845834593638233,-0.21662828569916315
CRWV,2025-08-29,1395043822721.4,1,0,0.16017131297540121,-0.3224246182466477
CRWV,2025-09-11,4183828004668.0,1,0,0.2491039984337955,-0.25910283598679174
CRWV,2025-10-02,822463703948.0,1,0,-0.06614413318728407,-0.48493982828376014
D,2019-03-13,649995.9982425,2,0,-0.03086310123588476,-0.029112520020970423
D,2019-09-17,1687321.52,1,0,0.036514753885881546,-0.02120052136205719
D,2021-03-04,1138575.8026065,2,1,0.050057152672590144,0.00465411702243923
D,2021-11-10,324996.0021315,2,1,0.0008504575127272762,0.09461627259439054
D,2021-11-29,111630.0,1,0,0.02048618080554765,0.11494978587748106
D,2022-02-16,249325.356,1,1,0.06348197482201168,0.1632865602463618
D,2023-09-25,26751.74,1,0,-0.1476804195536775,-0.09649452667145209
D,2024-03-04,997890.7995000001,1,1,0.030488860540343277,0.09597486416592904
D,2024-03-07,99997.89243168,1,0,0.00505413077845307,0.09312538115901758
D,2025-03-17,25654.75,1,0,0.03827285294346039,-0.044599892619033854
D,2025-08-27,250556.59199999998,1,1,-0.02876454064222045,-0.0010035790414073542
DDOG,2022-11-09,49999939.6497,1,0,0.042063263653556504,0.0851345268797088
DDOG,2022-11-14,19999977.704499997,1,0,0.0030167972459083092,-0.0019769607024440194
DDOG,2022-12-02,1387393.1678,1,0,0.029048439183523733,0.014198763344879684
DDOG,2022-12-07,13326757.5588,1,0,-0.04771174071347628,0.0827848207869506
DLR,2022-05-20,629750.0,1,1,0.014790601179201612,-0.08654639844607592
DLR,2022-09-19,566100.0,1,1,-0.08802373936848262,-0.03507848047804296
DNA,2023-05-22,960000.0,2,0,0.13362194996022136,0.0244381123859041
DNA,2024-05-14,271815.4327,1,0,-0.44619464524772856,-0.7053506681369552
DNA,2024-05-16,514750.0,1,0,-0.4906555459193659,-0.6904477550162158
DUOL,2022-01-03,7323471.5,1,0,0.0021494435905259346,-0.08793035693588092
DUOL,2022-01-06,7976619.59,1,0,-0.05287193091821052,0.041831626902001484
DUOL,2022-01-11,11450188.62,1,0,-0.0005629104591571288,-0.031553073699700396
DUOL,2022-01-14,15330367.14,1,0,0.08261508296594144,0.05514565358838275
DUOL,2022-01-26,11289163.030000001,1,0,-0.054785206216432014,-0.04695799612868856
DUOL,2022-01-28,5216999.75,1,0,-0.04829130775142587,-0.0021647796855079893
DUOL,2022-02-01,2940683.7,1,0,-0.19589501262601483,-0.019810154573951633
DUOL,2022-02-03,5293438.9399999995,1,0,-0.08421588426381665,0.15106468161535325
DUOL,2022-02-07,13808919.81,1,0,-0.08187640370831428,0.023502062017762726
DUOL,2022-02-09,92616.0,1,0,-0.13713860532155897,-0.10515088660118288
DUOL,2022-02-23,9814135.95,1,0,0.09254895755646286,0.025604985753933884
DUOL,2022-03-09,12013725.969999999,1,0,0.14270299180776158,0.1549653658889265
DUOL,2022-03-11,4899378.84,1,0,0.16739000071664956,0.2807119779409708
DUOL,2022-03-15,1387539.36,1,0,0.32921737657055394,0.46971546323386915
DUOL,2022-04-07,15650065.82,1,0,-0.0800438106304735,0.15212193666979212
DUOL,2022-04-18,6529505.34,1,0,0.02994892227783219,0.17782004173963872
DUOL,2022-04-20,4049549.8,1,0,0.006947120495302661,0.20870987792246287
DUOL,2022-04-22,1547382.0000000002,1,0,-0.025468773540206935,0.22455965484188634
DUOL,2022-05-11,6609026.4,1,0,0.5040644418174656,0.4684659452577975
DUOL,2022-12-15,2579888.3800000004,1,0,0.10468787765134535,0.6767913887467135
DUOL,2022-12-19,7664095.56,1,0,0.12606698331666744,0.7282089831529333
DUOL,2022-12-21,8779575.9,1,0,0.14293239255141565,0.7724027764128252
DUOL,2022-12-23,5561015.4,1,0,0.16831543539300764,0.8845206090765434
DUOL,2022-12-28,2414819.5300000003,1,0,0.3458665941407011,1.0366770027754535
DUOL,2022-12-30,335600.0,1,0,0.27958420521446725,0.8764371988858466
DUOL,2026-03-04,498792.0,1,0,0.04383472202770089,0.05380864449959888
EME,2020-03-13,58520.0,1,0,-0.05472613131796866,-0.07639336454308276
EME,2024-05-21,603.4976,1,0,-0.03543534785692426,-0.09895553249268318
EQIX,2020-04-06,3161100.0,1,0,-0.028142814080374112,-0.055944524675976215
ETN,2019-05-14,129983.70000000001,1,0,-0.02367205635387648,-0.028355217374441244
ETN,2019-05-21,49817.86,1,0,-0.02248595581725321,-0.04368325517238292
ETN,2020-03-11,437530.0,2,0,-0.048933505131720345,-0.03285593178002233
ETN,2020-05-19,46266.0,1,0,0.09630272252177186,0.17501532976608947
ETN,2021-08-13,167340.0,1,0,-0.057261019176981454,-0.015209345386156592
ETN,2022-02-09,36834.790499999996,1,0,0.014922145566784728,0.04002482597785728
ETN,2024-08-27,149485.0,1,0,0.094752940386168,0.1661118504994592
ETN,2024-09-05,662161.5,1,0,0.11120452833387962,0.21762087401580876
ETN,2025-08-12,36100.0,1,0,-0.017702913611745807,0.006653922698128811
ETN,2025-11-04,38433.5,1,0,-0.12440085626451591,-0.07826649771077265
ETN,2025-11-19,67978.0,1,0,-0.10681153627220641,0.06477116044549791
ETN,2026-05-12,390197.49079999997,1,0,-0.047654445512475774,
FIG,2025-08-05,10312500.0,4,0,-0.1635800394280551,-0.45210844460648536
FIG,2026-02-24,36537073.3205,1,0,-0.15298511157612837,-0.2552308168068539
FIVN,2025-08-14,24150.0,1,0,0.008524746110516901,-0.25116362402640724
FSLY,2020-03-12,17019911.220000003,1,0,0.4578707877827304,2.3153124071557842
FSLY,2020-03-17,1462641.12,1,0,0.5097702216117899,2.170115701213853
FSLY,2020-03-23,702730.4299999999,1,0,0.007255152057767056,1.8418188857520539
FSLY,2020-04-02,5818961.159999999,1,0,0.069857705309049,3.120649697400623
FSLY,2020-05-26,24900000.0,1,0,0.8874400871908144,0.8907581060848109
FSLY,2021-03-10,32706161.59,1,0,-0.052095223788860445,-0.3990063862561605
FSLY,2021-05-10,22143535.48,1,0,0.32073842498386074,0.004608106163802139
FSLY,2022-06-23,63750.0,1,0,-0.13516433700738462,-0.290988025197916
FTNT,2020-08-11,19003.02,1,0,-0.09589103763588702,-0.11403164725461368
FTNT,2023-04-13,28509.2694,1,0,-0.00977273457140837,0.07508275223145833
FTNT,2023-09-08,34928.352,1,0,-0.02874862638875597,-0.20955754492576528
FTNT,2023-12-06,34943.0,1,0,0.09666459156148055,0.21677748423022192
FTNT,2024-03-06,34939.050299999995,1,0,-0.035817539472160376,-0.20282171244578162
FTNT,2024-06-06,34897.5306,1,0,-0.03254146106539069,0.2582972074537806
FTNT,2024-09-09,34966.62,1,0,-0.007455349944149203,0.1636092099134625
FTNT,2024-12-06,34967.5,1,0,-0.001505269493794148,0.0733318860232407
FTNT,2025-03-06,34877.88,1,0,-0.05784705540648538,-0.027548506832453024
FTNT,2025-06-06,34912.025,1,0,-0.010607987960432164,-0.344689697186767
GLW,2021-05-19,60003.11,1,0,-0.11664491617980499,-0.15201530586281897
GLW,2021-06-04,59925.0,1,0,-0.07722322721542663,-0.1472847413031928
GLW,2021-06-14,59838.8,1,0,-0.045757495672633985,-0.12013273273710678
GLW,2022-03-14,3983.23,1,0,-0.12511039718349592,0.003090405885730396
GM,2019-05-09,385800.0,1,0,-0.05906825735182675,0.04795936254616173
GM,2020-02-28,49983.22000000001,1,0,-0.1544136796101785,-0.1111580102988845
GM,2020-03-27,514528.0,1,1,-0.0826578283727808,-0.003572087998943596
GM,2020-05-14,294386.0,1,0,0.1857337849634384,0.07658357237097513
GM,2020-06-02,241800.0,1,1,-0.0778880595127267,-0.05266110869585616
GM,2022-02-14,303660.0,1,0,-0.10027571740363872,-0.1245648459698554
GM,2022-05-02,1357650.0,1,1,0.009721420093273592,-0.050190659880843924
GM,2022-05-16,352299.99999999994,1,0,-0.03958603923281678,-0.013081126827326539
GM,2022-12-20,0.0,1,0,-0.036049773169228416,-0.07957391290845084
GM,2023-05-22,1010600.0,1,1,0.08772988529092385,-0.03996112499685167
GM,2024-07-29,1102750.0,1,1,0.07476445828753175,0.14620407819100878
GM,2025-01-30,607920.0,1,0,0.010474479022674288,0.04390776066896651
GME,2019-09-20,24255.0,1,0,0.264869079174501,0.09907155635573028
GME,2019-09-23,99888.14000000001,1,0,0.1753059523416678,0.13554393806017329
GME,2019-09-24,332243.0,3,0,0.26483633267483353,0.14937057307968327
GME,2019-09-30,26900.0,1,0,0.09937323980460167,-0.09691348348132767
GME,2020-04-17,135409.55,2,1,-0.13398997085508524,-0.2765495532180653
GME,2020-12-21,19025878.167999998,1,0,1.7262384493610896,11.83691341042879
GME,2022-03-22,10176342.1119,1,0,0.21964108074097766,0.20551216275541662
GME,2022-03-23,383355.0,1,0,0.016905385148891394,0.13405936480236758
GME,2022-03-24,194865.0,1,0,0.024988470272440777,0.1525992443736044
GME,2023-03-31,113989.49999999999,1,0,-0.2091280453729245,0.01919157168611929
GME,2023-06-09,224000.0,1,0,0.025016707466114285,-0.21124274009828792
GME,2023-06-12,111899.5,1,0,-0.06356060994143042,-0.24810631285965556
GME,2023-06-13,10000391.987599999,1,0,-0.15904150811859308,-0.3631475289699079
GME,2023-09-11,372626.24,2,0,-0.05914690619301188,-0.14214550732848075
GME,2024-04-09,112237.95000000001,1,0,0.48557836024374235,1.1281732703906873
GME,2024-07-09,102879.0,1,0,-0.0743821843241641,-0.14988359687130404
GME,2025-04-07,10882700.0,2,1,-0.03584873168107894,-0.2686376277526449
GME,2025-04-10,257500.0,1,0,0.024925455952291786,-0.26277891103564566
GME,2025-07-01,132183.25,1,0,-0.07915862844346822,0.001736057933186208
GME,2026-01-20,250797.59999999998,1,0,0.11842505017507965,0.15782668988282667
GME,2026-01-21,259576.8,1,0,0.10323255389394781,0.09576228854392133
GME,2026-01-22,21359200.0,1,1,0.011879271985320461,0.04827202754573645
GME,2026-01-26,114368.5,1,0,-0.0022294614455204975,0.042044305770924995
GOOG,2023-05-05,19473992.7886,1,0,0.1571367546625344,0.12024792190127309
GOOG,2023-05-09,196583.56600000002,1,0,0.10095475214256266,0.10353262562766274
GOOG,2025-08-05,4950000.0,1,0,0.15807390101814311,0.314193946882946
HOOD,2025-03-03,0.0,1,0,-0.07062767853372531,0.3824252930224943
HOOD,2025-06-17,1965995.2500000002,1,0,0.355877760824757,0.4345439627065151
HOOD,2026-05-27,0.0,1,0,,
HOOD,2026-06-01,20018205.6,1,0,,
HOOD,2026-06-03,15103852.700000001,1,0,,
HOOD,2026-06-09,20184200.0,1,0,,
HUM,2019-12-26,276297.221,1,0,-0.06315015547504899,-0.11966415310370848
HUM,2020-03-03,671967.3600000001,1,1,0.10663675368420467,0.2319866607252048
HUM,2020-03-17,434099.99999999994,1,0,0.19827954352734478,0.1812648400283834
HUM,2021-03-10,151263.1875,1,0,-0.038343760802507454,-0.026893375335609093
HUM,2024-02-21,200066.06650000002,1,0,-0.09960310907004732,-0.09707280936658136
HUM,2025-05-16,1496983.5629999998,1,1,-0.025071423604622223,0.09972312055138954
HUM,2026-02-25,150016.05000000002,1,1,0.04207551265881071,0.6533524204896639
HY,2021-01-26,22344688.5,20,0,0.03672271645872294,-0.17893993937809105
HY,2021-02-17,24902835.839999996,4,0,-0.07188952587643371,-0.24186082125645225
INSM,2021-03-08,99999.0,1,0,-0.18699416897972154,-0.44621424161250334
INSM,2021-11-03,730542.9,2,0,-0.15266313870423143,-0.2685631801107622
INSM,2022-05-13,344000.0,1,0,0.021984028326354932,0.5053726781327372
INSM,2022-11-02,1323650.0,2,0,0.0002578418960870188,0.13966833876676277
INSM,2023-05-17,192900.0,1,0,0.012209724128796395,0.12232359070627252
INSM,2025-05-22,201694.15000000002,1,0,0.564151996339064,0.8254881355621493
INTC,2019-08-29,748383.2000000001,2,1,0.0737838422044077,0.16632401689096543
INTC,2019-11-18,5012359.592,1,0,-0.04050617972381554,0.0728678611720992
INTC,2019-11-22,5037913.55,1,0,-0.0048744793408050935,0.04439910638173772
INTC,2020-02-05,999222.8400000001,1,0,-0.06281346598597082,0.003853954944503357
INTC,2020-07-28,401050.0,1,1,-0.06759883207283335,0.01938547087698006
INTC,2020-10-29,360624.16000000003,1,1,-0.026377305363230352,0.0802727284131961
INTC,2021-01-27,1514004.0,1,1,0.10592266584267618,-0.007627760168378739
INTC,2021-01-28,503317.42000000004,1,1,0.07686951535703512,-0.05780162055413096
INTC,2021-05-06,249984.0,1,0,-0.005276010357291527,-0.105567460380395
INTC,2021-10-26,1989292.75,4,0,-0.009838269799826271,0.11731232256088964
INTC,2021-10-28,249977.65000000002,1,0,0.013140845144053559,0.11276999061028492
INTC,2021-11-01,2007105.208,4,0,0.0026747114781667802,0.032330799822522405
INTC,2022-02-24,497323.4175,1,0,0.05307065764938801,-0.0182316537345798
INTC,2022-05-03,246014.45,1,1,-0.0047757810769282205,-0.18364227664531996
INTC,2022-11-08,50974.988399999995,1,0,-0.03448151361844831,-0.06547980763574324
INTC,2022-11-09,1346966.1982,1,0,-0.025666872726119783,-0.05415201834146699
INTC,2022-11-18,1474365.0,1,0,-0.06268726146170489,-0.0868409388355188
INTC,2023-02-02,251389.32,1,1,-0.09533047421833307,0.006690761762353392
INTC,2023-08-10,2412.0506,1,0,0.09689537719956687,0.124931347704474
INTC,2023-11-14,2497631.2,1,0,0.08241653869312193,0.0007893997581254197
INTC,2026-01-27,249985.0,1,1,0.0705168220875525,0.5015113421876682
JBL,2021-12-22,190890.0,1,0,-0.004487301592111859,-0.037060885852287284
JNJ,2019-06-11,419040.0,1,0,-0.023379883762354003,-0.11100164769629339
JNJ,2019-12-16,706399.0,1,0,0.009616260066767524,0.10416277637772631
JNJ,2020-03-17,63843.0,1,0,-0.017688712686307673,-0.15778718429727334
JNJ,2020-07-02,12325000.0,1,0,-0.011788682406773443,-0.026777401121117483
JNJ,2024-12-12,147220.0,1,0,0.02644688213950941,0.20208924948840212
JNJ,2025-12-01,257687.5,1,0,-0.002261975060238175,0.20143865682079842
KLAC,2021-05-12,113486.42499999999,1,0,0.06869439732548566,0.14083807584927643
KVUE,2023-05-12,525232.0,1,0,-0.10981052311170625,-0.201863138211822
KVUE,2023-08-31,128523.9222,1,0,-0.07806760083203546,-0.1345502545983155
KVUE,2025-12-15,110986526.2692,1,0,-0.01937609566064402,0.04335817737722225
LIN,2019-03-27,1136256.0,1,0,-0.00421841236607623,0.1413339573924568
LIN,2019-05-17,872752.7000000001,3,0,0.052518158676848614,-0.002839750509775918
LIN,2020-03-09,527781.0,1,1,0.050283456838202345,0.09126653225461712
LIN,2020-03-12,324800.0,1,1,0.07781186993771638,0.06698873581733933
LIN,2020-03-17,527148.0,2,1,0.0066478096044344515,0.025852536048297292
LIN,2020-03-19,545054.0,1,0,0.03247039449865441,0.04299247483293822
LIN,2021-03-01,121248.42,1,0,0.10142607505746559,0.12429434508416981
LIN,2022-02-22,113626.79999999999,1,0,0.016544545546784972,0.14391816194599216
LIN,2022-03-08,1007325.0,1,1,0.10186295313881533,0.224714842163118
LIN,2024-12-12,44134.0,1,0,0.011071188819583133,0.12121170856287788
LIN,2025-12-08,999633.6,1,1,0.10624843647072213,0.26135842234394135
LLY,2022-03-07,49849.56,1,0,0.02472340876068224,0.21242234298341944
LLY,2022-08-16,199548.63999999998,1,0,0.07942908773195467,0.29999082497299556
LLY,2022-12-01,374908350.0,1,0,0.04912070766000687,-0.12062098783692055
LLY,2023-08-14,25639915.56,1,0,0.11867150167838336,0.14006075537911855
LLY,2025-08-08,127912.59999999999,1,0,0.16231249247478985,0.3605135166787099
LLY,2025-08-12,2766928.652,4,1,0.1653320762758339,0.3935801840400164
LLY,2025-08-13,647360.0,1,0,0.12527338371381314,0.37989233119137467
LLY,2025-08-14,500472.532,1,0,0.08435818559516206,0.31022487395560217
LLY,2025-08-15,494626.98999999993,1,1,0.039817103164823564,0.3194345126204583
LRCX,2022-04-27,799167.6000000001,1,0,0.11511946490264457,0.053471486462434936
LRCX,2025-08-06,601.9053,1,0,0.02087329081028577,0.6038819617676829
LULU,2021-06-09,1584000.0,1,0,0.11954052042310814,0.11207595468809739
LULU,2022-06-28,56024.0,1,0,0.007497775427668829,0.11647573080992302
LULU,2024-03-28,1361505.0,1,0,-0.03811413859101398,-0.25043198538369615
LULU,2024-09-05,1040000.0,1,1,0.0017905526401971184,0.16761093294541496
LULU,2026-03-23,999977.9999999999,1,0,-0.06019439590426301,
LULU,2026-04-03,494590.50000000006,1,1,-0.263818533015328,
LYFT,2019-04-04,586800.0,3,0,-0.1556581915329912,-0.16841740758796275
LYFT,2020-02-24,1018095.75,1,1,-0.1597395968855707,-0.1837799810382711
LYFT,2023-08-15,1246297.6974,2,1,-0.07522656725340604,-0.09984824240662504
LYFT,2023-08-29,1001655.2999999999,1,0,0.009668868734482139,-0.05761482095578718
LYFT,2024-08-13,501025.14249999996,1,1,0.16503312058869568,0.34101229828614477
LYFT,2024-11-14,250271.95200000002,1,1,-0.2292403566613297,-0.27593185898169004
LYFT,2025-05-30,99995.44099999999,1,1,-0.014166477294310198,0.007738950173093784
LYFT,2025-09-05,100001.25,1,1,0.2859838391818008,0.23588269125090267
LYFT,2025-12-11,99617.138,1,1,-0.0491399576307584,-0.3327334154333911
LYFT,2026-02-18,100178.75,1,1,0.01798888874470128,-0.13830600858904163
MCHP,2022-06-21,458300.9,1,1,0.05194150896943506,0.048332455054893364
MP,2020-11-19,5000000.0,1,0,1.0348882742583287,1.6002399411757118
MP,2021-12-17,3484444.9499999997,1,0,0.11092805765913472,0.08733681368315971
MP,2022-03-07,1152000.0,1,0,0.3907098516340417,0.013300390237144244
MP,2022-03-14,176040.0,1,0,0.21711293224916872,-0.017712843045741167
MP,2022-05-10,583224.0,1,0,0.057743325600108086,0.030486874268672803
MP,2022-06-17,997500.0,1,0,-0.16836326657392953,-0.09645512382316135
MP,2023-05-22,321000.0,1,1,-0.035813709650925896,-0.06561840056472756
MP,2023-05-23,110150.0,1,1,-0.056870091921167765,-0.11911866985437958
MP,2023-05-25,111100.0,1,1,-0.07647938559741163,-0.1403450188792298
MP,2023-05-31,381700.0,1,1,0.05431292888813544,-0.10602646014276984
MP,2024-08-08,325200.0,1,1,0.24970533291887342,0.5856907229493833
MP,2026-05-20,962540.0,1,1,,
MP,2026-06-10,543000.0,1,1,,
MRNA,2025-03-04,6008569.33,2,1,-0.07815073260434358,-0.13613484061196202
MRVL,2022-09-06,314095.92,1,0,0.07597792778996526,-0.01158588635901392
MRVL,2024-06-24,100049.24999999999,1,0,-0.011192640707011314,0.021395789139568855
MRVL,2024-10-15,1009189.9999999999,1,1,0.13883826262252374,0.4472923454166917
MRVL,2025-03-07,207000.0,1,0,-0.17957445388338578,-0.1547286058850167
MRVL,2025-09-25,2109632.0,4,1,-0.033243303512479616,-0.030911826250360486
MSFT,2021-03-11,1018240.0,1,0,0.033305841284424265,-0.00248682970816283
MSFT,2022-02-01,1000761.47,1,0,0.005492516912884771,-0.006454692568921838
MSFT,2025-12-12,1450220.5299999998,1,1,-0.03404147240203792,-0.13719120814986296
MSFT,2026-02-18,1986750.0,1,0,0.01667920926215527,-0.06556636522576587
MU,2026-01-15,7821723.4,1,0,0.23803936473226062,0.3800921909587953
NEE,2020-02-19,826500.0,1,0,0.05753826838252096,0.003228046219909353
NEE,2020-03-11,243600.0,1,0,-0.03096167062466182,-0.10956401596579779
NEE,2020-03-12,212400.0,1,0,0.052929667169338224,-0.05567592844983338
NEE,2020-03-13,880000.0,1,0,0.042581274345179665,-0.023616813571545547
NEE,2022-01-27,147248.8,1,0,0.04903308341722079,0.027431119435550766
NEE,2022-01-31,696108.0,3,1,0.035593191346922626,0.010463869527617797
NEE,2022-02-01,4998285.424,1,1,0.03739217051176302,0.007076037721094441
NEE,2022-05-04,351100.0,1,0,0.10193208923322061,0.21029847855003836
NEE,2022-06-03,1003635.6000000001,1,1,0.07495302812076032,0.11911736061056266
NEE,2022-07-05,1011161.97,1,1,0.014590750468423952,0.07113304337331516
NEE,2023-02-06,574476.94,3,1,0.004898646357733294,0.0028272718793805884
NEE,2023-02-10,659852.8,2,0,0.03618219729385319,0.004156322777046251
NEE,2023-02-21,3695.5,1,0,0.023530037759606603,-0.017634511671805075
NEE,2023-02-22,995808.0,1,1,0.022241380550409584,-0.03264195802191572
NEE,2023-03-02,350000.0,1,0,0.04585035558256467,-0.032149742315287444
NEE,2023-06-15,1009987.3219999999,1,1,-0.04147901526677289,-0.09682012519789274
NEE,2023-08-15,136300.0,1,0,0.007862047622919865,-0.13351638893779316
NEE,2023-08-17,339799.99999999994,1,0,0.0005105225675103853,-0.19313378466788989
NEE,2023-10-10,75000009.42,1,0,0.12788496391998772,0.12675041032725654
NEE,2023-12-11,506515.0,1,0,0.011503887439042959,-0.13946348815990062
NEE,2024-02-07,558300.0,1,0,-0.03585326261788413,0.21757755027814452
NET,2022-05-10,941606.9708,1,0,-0.06409018037973924,0.2668813301753239
NOW,2026-03-02,3000057.9689999996,1,1,0.03860197587390213,-0.16007477213545962
NVDA,2020-07-13,17090.38,1,0,0.04484811776550646,0.30269299902255686
NVDA,2020-09-23,224142.30000000002,1,0,0.05329028563150606,-0.05330940352789093
NVDA,2020-09-29,249473.1,1,0,-0.004671591904550798,-0.12227558871832878
NVDA,2020-12-07,53661.0,1,1,-0.08501054551351739,-0.12356533541922299
NVDA,2024-07-18,250000.0,1,0,0.013875360247292301,0.06451169485946262
NXPI,2020-05-04,17468.3028,1,0,-0.0357915969834135,0.08680176153264729
NXPI,2020-10-29,201450.00000000003,1,0,0.06512035198351862,0.044469818455620036
NXPI,2021-05-27,281.465468,1,0,-0.04623745789289624,-0.06475766865034349
NXPI,2022-03-16,24039.45,1,0,-0.10946481000702246,0.05340983984896064
NXPI,2023-08-03,44268.21,1,0,-0.050736304656830544,-0.0854832706156855
NXPI,2024-08-01,37600.11,1,0,-0.007069413098107713,-0.06824055572129395
NXPI,2025-12-05,50733.0,1,0,0.07003936913304565,-0.06981319502269012
OKLO,2024-12-27,99750.0,1,0,0.5381765372385341,0.0925944700850454
OKLO,2025-03-31,147411.6,1,0,0.13897560314713397,1.488245472329731
ONTO,2020-06-10,30000.0,1,0,0.02214233308877489,-0.17038684719535802
OPEN,2021-05-20,998480.22,1,0,0.10602465239824499,0.0023926367655340286
OPEN,2021-05-27,1002797.125,1,0,0.06067658119154973,-0.037726556863495464
OPEN,2021-06-11,1002809.9978,1,0,-0.0719578385861086,0.08135896814550847
OPEN,2021-06-14,986735.4787999999,1,0,-0.11309288352160984,0.027322345498066447
OPEN,2021-12-03,1995342.5173000002,1,0,0.02132783119966164,-0.353051390662696
OPEN,2025-08-28,128339.99999999999,1,1,1.0433301668500323,0.61789315187154
OPEN,2025-09-15,2999994.5500000003,1,0,-0.2375541273545273,-0.2270588522818171
OPEN,2025-09-30,2000000.8,1,0,-0.031342880302621,-0.2221061861876228
OPEN,2025-11-12,1004562.5,1,1,-0.23098767311745794,-0.4955689066378216
OPEN,2026-05-12,487800.0,1,1,-0.03156006173213399,
ORIC,2020-04-28,9000000.0,2,0,-0.00972648023050282,-0.2132417588527955
ORIC,2022-03-25,1723707.9150999999,1,1,-0.08535248372844728,0.13552111348480456
ORIC,2022-03-31,321624.0,1,1,-0.29050813398494113,0.06729507144499114
ORIC,2022-05-13,1288597.1401999998,1,1,0.5149125663561279,0.6235597074926571
ORIC,2025-06-23,262898.9887,1,0,0.0671619595101225,-0.04635874364742132
PFE,2023-03-21,4999999.4399999995,1,0,-0.04850860010153324,-0.13190416955559525
PFE,2023-05-09,77005.0,1,0,-0.02735645447603674,-0.1772309810114301
PFE,2023-12-19,79401.0,1,0,-0.011722967927952688,-0.09569407589925039
PFE,2024-10-31,28240.0,1,0,-0.1334851016423042,-0.11312898819028372
PFE,2025-02-14,499072.05,1,0,0.09015661481592696,-0.0666972982352606
PINS,2022-08-04,5000008.806799999,1,1,0.0521777033926033,0.16591693325206236
PL,2021-12-20,245571.8175,1,0,0.10879412840646374,-0.0660373970619681
PL,2021-12-21,994473.48,1,1,0.023526310990479526,-0.19095614401326744
PL,2021-12-23,124445.022,1,1,-0.10622594491396498,-0.2043000138076717
PL,2023-04-05,997113.4,1,1,0.052507950042096296,-0.20354212583857534
PL,2023-09-19,269840.0,1,1,-0.08859223118218851,-0.15536506215506019
PL,2026-02-03,313.2,1,0,0.0919761477417963,0.501386400170253
PLTR,2024-10-04,1585917.4251,1,0,0.05112387301617849,0.8674145034895591
PLTR,2024-12-11,1989823.356,1,0,-0.06093133912009829,0.23362278736708908
PLTR,2025-03-27,946762.6799999999,1,0,0.2808498704668557,0.5198468308082471
PLTR,2025-05-12,1161400.0,1,0,0.08667765451871823,0.45357647712097715
PLTR,2025-06-23,2153952.9899999998,1,0,0.01755647065935073,0.10468585326510027
PUBM,2021-06-03,209020.0,1,0,0.2663155966443531,-0.12830412653981127
PUBM,2022-03-22,18460322.26,1,0,0.03366492458007331,-0.08232325183900302
PYPL,2019-01-04,649.76,1,0,-0.015060463834296378,0.08672706406756037
PYPL,2021-11-17,1999227.5999999999,1,0,-0.08132718702189168,-0.3845409438000431
PYPL,2021-11-23,288469.08999999997,1,0,0.02037131926347535,-0.3762821493072892
PYPL,2021-12-06,498821.60000000003,1,0,-0.006918513389994052,-0.40149512286594935
PYPL,2022-02-07,995841.7,1,1,-0.14901776821301826,-0.19561451444535483
PYPL,2022-02-08,499400.0,1,0,-0.11445905804937906,-0.20728337076559722
PYPL,2022-02-09,1002372.0,1,0,-0.1283190819117912,-0.2346360889281649
PYPL,2022-02-22,467833.5,1,0,0.09587853574409966,-0.1641288562987001
PYPL,2022-05-05,96946.96,1,0,0.02077821618998532,0.06305832341726259
PYPL,2022-05-09,597229.424,1,0,0.06979239526681424,0.17923021651542292
PYPL,2023-02-17,1985305.8875000002,1,1,0.013776089083588183,-0.19298332242738314
QS,2021-04-01,100004164.38000001,1,0,-0.3004849956757121,-0.4410842633341153
QS,2021-05-26,238257.0,1,0,0.042817533666406504,-0.32950699651187587
RDDT,2024-03-27,442000.0,2,0,-0.22731822910732258,-0.05939792111476283
RDDT,2024-11-22,0.0,2,0,0.15096448037443444,0.12600601173630976
RDDT,2025-03-14,50197.770000000004,1,0,-0.15976380516807986,-0.1582843823434863
RDDT,2025-03-17,98334.59999999999,1,0,-0.16800338047216468,-0.144183427547242
RDDT,2026-02-12,7482139.32,1,0,0.03770180168167958,0.1318041406671906
RDDT,2026-03-17,1388730.0,1,0,0.05458299242713194,
ROKU,2024-03-13,511680.0,1,0,-0.043022285150406625,-0.1454022369176703
ROKU,2025-02-28,892.54,1,0,-0.06713140453659039,-0.1329678325210174
ROST,2024-04-03,5230.2783854,1,1,-0.06011062373254783,-0.020914405764274058
S,2021-07-02,1450750.0,5,0,0.15658515408518703,0.24803767660910503
S,2021-07-06,7089460.0,1,0,0.02889188468427606,0.09507489838444028
S,2021-07-07,82558583.8616,1,0,-0.0381761025469014,0.05264127928932194
S,2021-07-16,8980385.3061,1,0,0.10685521024555089,0.1788699714828994
S,2021-12-14,1440573.0,1,0,-0.0053414075884516965,-0.1983748844157165
S,2022-01-19,19901.349000000002,1,0,0.09598203431529229,-0.07204623660256859
S,2022-04-14,1032000.0,1,0,-0.2697101923473779,-0.22415976385308334
S,2022-06-06,239829.0,1,0,0.15730023571695884,0.2241245635142577
S,2024-04-05,223596.0,1,0,-0.04596216213724946,-0.15367604948842328
S,2025-12-18,595600.0,1,0,-0.07282499145749621,0.00649042078534956
SMCI,2022-11-08,76000.0,1,0,0.07026178010471185,-0.010281573234580677
SMCI,2022-11-16,753840.0,1,0,-0.004632717238914008,0.08687007481182785
SMCI,2022-11-23,127337.5,1,0,-0.04715056456127342,-0.039799244171534465
SMCI,2023-02-07,256440.0,1,0,0.2876621161595766,0.6880503146723591
SMCI,2023-05-12,133089.9,1,0,0.8690868606296138,0.8956664963536547
SMCI,2023-05-15,401640.0,1,0,0.7146469242276836,0.9307878067929956
SMCI,2023-08-11,538560.0,1,0,0.08368284844127194,0.015117525724207326
SMCI,2024-02-05,1136000.0,1,0,0.6147234511795667,0.0971511551360773
SMMT,2020-11-10,46999999.04,1,1,0.41352178973525544,2.207639928360316
SMMT,2021-05-14,61596189.519999996,2,1,0.20282355513680672,0.43457432491614423
SMMT,2022-08-17,35128.549999999996,1,1,0.5016759517749344,0.09355220792453411
SMMT,2022-08-18,97638584.94999999,2,1,0.3889272943980929,0.09866250671901655
SMMT,2023-03-08,420223950.3,3,1,0.011135988220827953,0.11809319372832983
SMMT,2023-10-16,4999999.2,1,1,0.04191109596760456,0.604697209954526
SMMT,2023-12-13,54604.0,2,1,0.311651361980799,0.743516898734752
SMMT,2024-03-27,786094.12,2,1,-0.01571649750559101,1.0959267542099125
SMMT,2025-09-11,11969511.84,2,1,0.1971680565549898,-0.058259767601450796
SMMT,2025-10-23,10999948.98,3,1,-0.09404037156127187,-0.12163820412051907
SMMT,2026-06-04,3281500.0,3,1,,
SNOW,2022-07-05,2781.2,1,0,-0.0782091027077152,0.15219703326277212
SNOW,2023-06-02,299917.80000000005,1,0,-0.026927133797907565,-0.1746853859496479
SNOW,2024-03-07,501313.49999999994,1,0,-0.09359073255168815,-0.21230218976144588
SNOW,2024-03-27,5000037.840000001,1,1,-0.00949638586683399,-0.2576015303856053
SNOW,2024-06-10,9989012.280000001,1,0,0.03682352234118613,-0.14445538748852205
STLA,2023-10-18,69999503.9666,1,0,-0.007712573818709378,-0.000955829731709823
STLA,2024-03-08,15634779.6511,1,0,-0.027598769817170465,-0.23733831373556202
STLA,2024-03-12,7539040.0,1,0,-0.03850071926803622,-0.25496791825320253
STLA,2024-03-14,8270950.889,1,0,-0.04876533467503452,-0.2467629513898082
STLA,2024-03-18,7637302.0788,1,0,-0.07590902438714453,-0.292579148020771
STLA,2024-07-03,54999824.287099995,1,0,-0.16333833757234373,-0.22803184796487808
STLA,2024-08-09,9989998.15,1,0,-0.009502680054400026,-0.17489516551002104
STLA,2024-12-13,4999995.350000001,1,0,-0.06710424151113148,-0.04402557941858243
STX,2019-02-08,99910000.0,1,0,0.050719360018890214,0.014077424859439525
STX,2019-05-08,0.0,1,0,-0.08512197805134358,-0.10151163600830593
STX,2021-11-09,27017.321962,1,0,0.059979648994962664,0.13494179593854871
SYM,2021-03-15,1125000.0,2,1,-0.28364990588740213,-0.4383600412104215
SYM,2023-05-16,197600.0,1,0,0.9004795483092689,0.690445845614297
SYM,2023-07-25,500000001.6,1,0,0.024078038052237072,0.15940536229311675
TEAM,2025-08-29,251715.0,1,0,-0.09902435526973952,-0.2129393796692728
TEAM,2025-10-02,177029.0142,1,0,0.04783324257369315,0.05782861867448874
TEAM,2025-11-04,250905.24000000002,1,0,-0.06277995702538086,-0.3407799516400901
TEAM,2025-12-02,247506.16,1,0,0.05290056691679168,-0.5276153340914751
TJX,2020-05-26,160432.2,1,0,-0.08043684780403126,-0.1445560357368384
TJX,2021-05-20,16997.956100000003,1,0,-0.05850672343779506,-0.03207662126423316
TJX,2022-02-28,198346.05,1,0,-0.10618361101079388,0.000760514715184013
TJX,2026-02-03,7915.4067517,1,0,0.06990453557220022,-0.011470866831140292
TPR,2019-05-30,210050.4,1,0,0.04980875971346843,-0.30470846591407985
TPR,2020-06-10,149776.0,1,0,-0.18835961864029227,-0.13246887479445624
TPR,2020-06-12,100252.0,1,0,-0.1440589891288021,-0.059417282442104646
TPR,2020-08-20,198204.6,1,0,0.23146892867506363,0.7756713217084097
TPR,2022-03-14,197220.0,1,1,-0.060595326939396954,0.04557401144881368
TSLA,2019-05-06,24999840.0,1,1,-0.1998236030793462,-0.0695187131906293
TSLA,2019-07-31,232720.0,1,0,-0.0789776636449695,0.23046596971579936
TSLA,2019-08-16,79815.6,1,0,0.06482285045369651,0.5015061686370756
TSLA,2020-02-19,10958129.0,2,1,-0.31561135551425223,0.03338104920854068
TSLA,2021-04-05,41488.15,1,0,-0.0380362268154274,-0.06740539551797131
TSLA,2025-04-28,1025232.0,1,0,0.19621909797899506,-0.08378039185125918
TSLA,2025-09-15,999959042.367,1,1,0.059844188722383285,0.05219043282466651
TSM,2026-03-24,55930.0,1,0,0.039897706122906884,
TSM,2026-03-30,111260.0,1,0,0.11347562466782746,
TSM,2026-03-31,219940.0,2,0,0.07118377534528997,
TSM,2026-04-01,322050.0,1,0,0.0630107384861871,
TSM,2026-04-13,110415.95999999999,28,1,0.01708376410079837,
TSM,2026-04-29,5810.0,1,0,0.01833332985181313,
TSM,2026-05-11,115630.19999999998,28,1,0.06083745712324984,
TSM,2026-05-19,69980.0,1,0,,
TSM,2026-05-21,6718.064,1,0,,
TSM,2026-06-09,125720.54000000001,31,1,,
TXN,2021-02-01,997294.42,1,0,-0.013313226197260608,-0.05515428895330077
TXN,2023-05-01,19729.185,1,1,0.047976062759724325,-0.022764360170528963
UAL,2019-08-16,820000.0,1,0,0.031015937200390642,0.06017357440360671
UAL,2020-12-09,93090.5,1,0,-0.13778098455978183,0.057270904512152665
UAL,2022-06-06,2235272.5,1,0,-0.11165797632216679,-0.17749232459060083
UAL,2022-06-15,1884465.0000000002,1,0,0.007850861588007962,-0.04868003564615764
UAL,2022-07-27,1787022.5,1,0,-0.004859400155970084,0.16105707532737767
UAL,2022-12-16,1191360.0,2,0,0.2499555284092314,0.10076891433055635
UAL,2023-03-16,1064647.5,1,0,-0.08532321284227573,0.08195450353216804
UAL,2023-11-08,218926.5,1,0,0.03666603539111124,-0.04588361443131994
UNH,2021-02-09,499025.85,1,0,0.062299926170789055,0.18504624222647248
UNH,2022-02-24,997817.2505999999,1,0,0.07447098305533051,0.15574156780828818
UNH,2022-05-31,44884.301999999996,1,0,0.11702918730365364,0.0742257302650362
UNH,2025-01-22,511575.0,1,0,-0.039784087541711366,0.005725835853031769
UNH,2025-05-16,31607700.307499997,5,1,0.03968369699762131,-0.15416481654889602
USAR,2026-01-29,2173239.22,2,0,-0.1320351370463262,0.034802010421725926
V,2019-08-07,171129.9,1,0,0.01946833123469016,-0.03314723991255342
V,2023-02-17,84095.8824,1,0,0.008998145899200893,0.023567180965177847
VKTX,2021-06-10,113800.00000000001,1,0,0.06974928510167788,0.14039570574592664
VKTX,2022-05-03,111195.0,1,0,-0.13508720294383247,0.20974644100958195
VKTX,2025-04-02,29942.776,1,0,0.12500834662723403,-0.06253817374802817
VKTX,2026-03-10,149912.5,1,0,-0.02683543189794224,-0.25880038270791617
VRT,2020-05-08,508585.5,1,0,0.2444981378140587,0.25192135176101704
VRT,2020-05-11,491480.0,1,0,0.1355177531884637,0.32818604926750505
VRT,2021-11-09,24923.699999999997,1,0,-0.012365144758148205,-0.16915376754550293
VRT,2022-03-04,115000.0,1,0,0.3313620780952973,0.08425461712010252
VRT,2022-03-18,360960.0,2,1,-0.08526500494915867,-0.14255705634519755
VRT,2022-11-04,1001684.0,1,0,-0.049762313124561475,-0.04677779645368818
VRT,2023-06-13,741321.1799999999,1,0,0.1513038894046601,0.7258120637758767
VST,2019-06-03,141480.0,1,1,-0.11889855567242036,-0.035117184764815734
VST,2019-06-11,97709.5,1,0,-0.12070833285786575,0.014301309628412362
VST,2019-06-17,700500.0,1,1,-0.09119281603576135,0.07891010657926745
VST,2019-06-20,99790.0,1,1,-0.10198874550092096,0.08344046840473207
VST,2020-03-04,303599.045,2,0,-0.0585076035162837,-0.0016820679584244047
VST,2020-03-12,94850.0,1,0,0.10140355936238787,0.20937947238511478
VST,2020-03-23,266840.0,1,1,0.0926682529576317,0.1717675387101052
VST,2020-06-24,195799.99999999997,1,0,-0.032499993947816774,-0.11420983871523793
VST,2020-09-21,6181400.0,1,0,0.00542727350418537,-0.09848697493165748
VST,2020-12-18,310233.0,1,1,0.17375267168168618,-0.10912935136702151
VST,2020-12-23,52320.00000000001,1,0,0.08309761563598195,-0.15549318260009304
VST,2021-03-04,695040.0,2,1,-0.05032188745117794,-0.1905234634437093
VST,2021-03-05,49800.00000000001,1,0,-0.06710613917210573,-0.17082459649950898
VST,2021-05-10,1101381.68,3,1,0.12328219277939079,0.13079463513033196
VST,2021-05-13,32000.0,1,0,0.12582874787937537,0.09858428548204046
VST,2021-05-19,127544.0,1,0,0.0709627886016253,0.02779444317864921
VST,2022-05-12,299993.406,1,1,0.09318905567896041,0.010496294514101168
VST,2022-06-15,745568.0,1,1,-0.054787121824221297,0.01366516294101805
VST,2022-06-17,181142.5,1,0,-0.018216412170354523,0.052578278652090304
VST,2022-06-21,396198.0,1,1,-0.014315360298312818,0.07405948840069532
VST,2022-08-11,199173.6,1,0,0.028330014547457982,0.005643621048368241
VST,2023-03-13,198000.0,1,1,-0.0488339964133464,-0.07319766647464832
VST,2023-03-17,316500.0,1,1,-0.08516384395503918,-0.11725427618421524
VST,2023-03-27,120250.0,1,1,-0.017721725816453038,-0.010418469483510773
VST,2023-06-23,248400.0,1,0,0.07903778804589567,0.29878781312965175
VST,2024-06-11,29969.1,1,0,-0.03209672347891179,-0.1984138284686262
VST,2025-03-14,190125.0,1,0,-0.051146377271188426,0.25136331458251693
WMT,2023-03-17,1000167.9029999999,1,0,0.011184243105260672,-0.005609558693993266
WMT,2024-11-29,499997.26,1,0,0.002917393868850038,0.07994501745958049
XYZ,2023-11-13,27515118.866299998,1,0,-0.11699901807256685,-0.5380405820188616
XYZ,2024-08-08,25001586.762000002,1,0,-0.08097987763504966,-0.4755555403486922
