ticker,etf
A,XLK
AA,XLB
AAAU,XLF
AAL,XLI
AAMI,XLF
AAOI,XLK
AAON,XLI
AAP,XLY
AAPL,XLK
ABBNY,XLI
ABBV,XLV
ABCB,XLF
ABCL,XLV
ABG,XLY
ABNB,XLI
ABSI,XLV
ABT,XLV
ABVX,XLV
ACA,XLI
ACAD,XLV
ACGL,XLF
ACHC,XLV
ACHR,XLI
ACI,XLP
ACIW,XLK
ACLS,XLI
ACM,XLI
ACMR,XLI
ACN,XLI
ADBE,XLK
ADC,XLRE
ADEA,XLC
ADI,XLK
ADM,XLP
ADP,XLK
ADPT,XLV
ADSK,XLK
ADT,XLI
AEE,XLU
AEG,XLF
AEHR,XLK
AEIS,XLK
AEM,XLB
AEO,XLY
AEP,XLU
AER,XLI
AES,XLU
AESI,XLE
AEVA,XLY
AFG,XLF
AFL,XLF
AFRM,XLF
AG,XLB
AGCO,XLI
AGI,XLB
AGIO,XLV
AGL,XLV
AGNC,XLRE
AGO,XLF
AGX,XLI
AGYS,XLK
AHR,XLRE
AI,XLK
AIG,XLF
AIP,XLK
AIR,XLI
AIT,XLI
AIZ,XLF
AJG,XLF
AKAM,XLI
AKR,XLRE
ALAB,XLK
ALB,XLB
ALC,XLV
ALGM,XLK
ALGN,XLV
ALGT,XLI
ALHC,XLV
ALK,XLI
ALKS,XLV
ALKT,XLK
ALL,XLF
ALLE,XLI
ALLY,XLF
ALM,XLB
ALMS,XLV
ALNY,XLV
ALSN,XLY
ALV,XLY
AM,XLU
AMAT,XLK
AMBA,XLK
AMBQ,XLK
AMCR,XLY
AMD,XLK
AME,XLK
AMG,XLF
AMGN,XLV
AMH,XLRE
AMKR,XLK
AMLX,XLV
AMN,XLI
AMP,XLF
AMPX,XLK
AMR,XLB
AMRX,XLV
AMRZ,XLB
AMSC,XLI
AMT,XLRE
AMTM,XLI
AMX,XLC
AMZN,XLY
AN,XLY
ANAB,XLV
ANET,XLK
ANF,XLY
ANIP,XLV
AON,XLF
AOS,XLY
APA,XLE
APAM,XLF
APD,XLB
APG,XLI
APGE,XLV
APH,XLK
APLD,XLK
APLE,XLRE
APO,XLF
APP,XLK
APPF,XLK
APPS,XLF
APTV,XLY
AR,XLE
ARCB,XLI
ARE,XLRE
ARES,XLF
ARGX,XLV
ARI,XLRE
ARM,XLK
ARMK,XLY
AROC,XLU
ARQT,XLV
ARR,XLRE
ARW,XLI
ARWR,XLV
ARX,XLF
AS,XLY
ASAN,XLK
ASB,XLF
ASH,XLI
ASML,XLI
ASND,XLV
ASO,XLY
ASST,XLF
ASTS,XLC
ASX,XLK
ATAI,XLV
ATAT,XLY
ATEN,XLK
ATEX,XLC
ATEYY,XLK
ATI,XLB
ATKR,XLK
ATMU,XLY
ATO,XLU
ATR,XLB
ATRC,XLV
ATRO,XLI
AU,XLB
AUB,XLF
AUGO,XLB
AUR,XLK
AVA,XLU
AVAH,XLV
AVAV,XLI
AVGO,XLK
AVNT,XLB
AVPT,XLK
AVT,XLI
AVTR,XLK
AVY,XLB
AWI,XLB
AWK,XLU
AX,XLF
AXGN,XLV
AXON,XLI
AXP,XLF
AXS,XLF
AXSM,XLV
AXTA,XLB
AXTI,XLK
AYI,XLY
AZN,XLV
AZO,XLY
AZZ,XLI
B,XLB
BA,XLI
BABA,XLI
BAC,XLF
BAH,XLI
BALL,XLI
BAM,XLF
BANC,XLF
BAND,XLK
BAP,XLF
BATRK,XLY
BAX,XLV
BB,XLK
BBIO,XLV
BBVA,XLF
BBWI,XLY
BBY,XLY
BC,XLI
BCC,XLI
BCE,XLC
BCO,XLI
BCPC,XLB
BCRX,XLV
BCS,XLF
BDC,XLB
BDX,XLV
BE,XLI
BEAM,XLV
BEKE,XLRE
BELFA,XLK
BELFB,XLK
BEN,XLF
BEP,XLU
BEPC,XLU
BETR,XLF
BFAM,XLV
BFH,XLF
BFLY,XLV
BG,XLP
BGC,XLF
BH,XLY
BHE,XLK
BHF,XLF
BHP,XLB
BHVN,XLV
BIDU,XLK
BIIB,XLV
BILI,XLK
BILL,XLK
BIO,XLK
BIP,XLI
BIPC,XLU
BIRK,XLB
BJ,XLY
BJRI,XLY
BKD,XLV
BKH,XLU
BKNG,XLI
BKR,XLI
BKSY,XLY
BKU,XLF
BL,XLK
BLBD,XLY
BLDR,XLY
BLFS,XLV
BLK,XLF
BLSH,XLF
BLTE,XLV
BLZE,XLK
BMI,XLK
BMNR,XLF
BMO,XLF
BMRN,XLV
BMY,XLV
BN,XLRE
BNL,XLRE
BNS,XLF
BNTX,XLV
BNY,XLF
BOH,XLF
BOKF,XLF
BOOT,XLY
BOX,XLK
BP,XLE
BPOP,XLF
BR,XLI
BRBR,XLP
BRKR,XLK
BRO,XLF
BROS,XLY
BRX,XLRE
BRZE,XLK
BSX,XLV
BSY,XLK
BTDR,XLF
BTI,XLP
BTSG,XLV
BTU,XLB
BUD,XLP
BULL,XLF
BULZ,XLF
BURL,XLY
BVN,XLB
BW,XLI
BWA,XLY
BWIN,XLF
BWXT,XLI
BX,XLF
BXMT,XLRE
BXP,XLRE
BYD,XLY
BYND,XLP
BZ,XLK
C,XLF
CACC,XLF
CACI,XLK
CAG,XLP
CAH,XLI
CAI,XLV
CAKE,XLY
CALM,XLB
CALX,XLC
CALY,XLY
CAMT,XLK
CAPR,XLV
CAR,XLY
CARG,XLK
CARR,XLI
CART,XLI
CASY,XLY
CAT,XLI
CATY,XLF
CAVA,XLY
CB,XLF
CBOE,XLF
CBRE,XLRE
CBRL,XLY
CBSH,XLF
CBT,XLB
CBZ,XLI
CC,XLB
CCC,XLK
CCEP,XLP
CCI,XLRE
CCJ,XLB
CCK,XLI
CCL,XLI
CCXI,XLI
CDE,XLB
CDNA,XLV
CDNS,XLK
CDP,XLRE
CDW,XLY
CE,XLB
CECO,XLI
CEG,XLU
CELC,XLV
CELH,XLP
CENX,XLB
CERT,XLK
CEVA,XLK
CF,XLB
CFG,XLF
CFR,XLF
CG,XLF
CGAU,XLB
CGNX,XLK
CGON,XLV
CHD,XLP
CHDN,XLY
CHE,XLV
CHEF,XLI
CHH,XLY
CHKP,XLK
CHRD,XLE
CHRW,XLI
CHTR,XLC
CHWY,XLY
CHYM,XLF
CI,XLV
CIB,XLF
CIEN,XLY
CIFR,XLF
CINF,XLF
CL,XLP
CLBK,XLF
CLBT,XLK
CLDX,XLV
CLF,XLB
CLH,XLU
CLMT,XLE
CLRO,XLY
CLS,XLK
CLSK,XLF
CLX,XLP
CM,XLF
CMC,XLB
CMCSA,XLC
CME,XLF
CMG,XLY
CMI,XLI
CMPS,XLV
CMS,XLU
CNC,XLV
CNH,XLI
CNI,XLI
CNK,XLY
CNM,XLI
CNO,XLF
CNP,XLU
CNQ,XLE
CNR,XLB
CNX,XLE
CNXC,XLI
COCO,XLP
COF,XLF
COGT,XLV
COHR,XLK
COHU,XLK
COIN,XLF
COKE,XLP
COLB,XLF
COLD,XLRE
COLM,XLY
COMP,XLRE
CON,XLV
COO,XLV
COP,XLE
COR,XLI
CORT,XLV
CORZ,XLF
COST,XLY
COUR,XLK
CP,XLI
CPA,XLI
CPAY,XLI
CPB,XLP
CPNG,XLY
CPRI,XLB
CPRT,XLY
CPT,XLRE
CR,XLI
CRBG,XLF
CRC,XLE
CRCL,XLF
CRDO,XLK
CRGY,XLE
CRH,XLB
CRI,XLY
CRK,XLE
CRL,XLV
CRM,XLK
CRML,XLB
CRNX,XLV
CROX,XLY
CRS,XLB
CRSP,XLV
CRUS,XLK
CRWD,XLK
CRWV,XLK
CSCO,XLK
CSGP,XLI
CSIQ,XLK
CSL,XLB
CSTM,XLB
CSW,XLB
CSX,XLI
CTAS,XLY
CTRE,XLRE
CTRI,XLU
CTSH,XLK
CTVA,XLB
CUBE,XLRE
CURB,XLRE
CUZ,XLRE
CVBF,XLF
CVCO,XLI
CVE,XLE
CVI,XLE
CVLT,XLK
CVNA,XLY
CVS,XLP
CVX,XLE
CW,XLI
CWEN,XLU
CWK,XLRE
CWST,XLU
CX,XLB
CXT,XLI
CXW,XLRE
CYTK,XLV
CZR,XLY
D,XLU
DAL,XLI
DAN,XLY
DAR,XLP
DASH,XLI
DAVE,XLF
DB,XLF
DBA,XLF
DBRG,XLF
DBX,XLK
DCI,XLI
DCO,XLI
DD,XLB
DDOG,XLK
DDS,XLY
DE,XLI
DECK,XLY
DELL,XLK
DEO,XLP
DFNS,XLI
DG,XLY
DGII,XLK
DGX,XLV
DHI,XLI
DHR,XLK
DHT,XLI
DINO,XLE
DIOD,XLK
DIS,XLC
DJCO,XLC
DJT,XLK
DK,XLE
DKNG,XLY
DKS,XLY
DLB,XLF
DLO,XLI
DLR,XLRE
DLTR,XLY
DNA,XLV
DNLI,XLV
DNOW,XLI
DNTH,XLV
DOC,XLRE
DOCN,XLK
DOCS,XLK
DOCU,XLK
DORM,XLY
DOV,XLI
DOW,XLB
DOX,XLK
DPZ,XLI
DRH,XLRE
DRI,XLY
DRS,XLK
DSGX,XLK
DT,XLK
DTE,XLU
DTM,XLU
DUK,XLU
DUOL,XLK
DV,XLK
DVA,XLV
DVN,XLE
DX,XLRE
DXC,XLK
DXCM,XLV
DY,XLI
DYN,XLV
EAT,XLY
EBAY,XLI
EBC,XLF
EC,XLE
ECG,XLI
ECHO,XLC
ECL,XLP
ECO,XLI
ECPG,XLF
ED,XLU
EDU,XLI
EEFT,XLF
EFX,XLI
EG,XLF
EGO,XLB
EGP,XLRE
EHC,XLV
EIX,XLU
EL,XLP
ELAN,XLV
ELF,XLP
ELS,XLRE
ELV,XLV
ELVN,XLV
EME,XLI
EMN,XLB
EMR,XLI
ENB,XLE
ENOV,XLV
ENPH,XLK
ENS,XLK
ENSG,XLV
ENTG,XLB
ENVA,XLF
EOG,XLE
EPAM,XLK
EPD,XLU
EPR,XLRE
EPRT,XLRE
EQH,XLF
EQIX,XLRE
EQNR,XLE
EQT,XLE
EQX,XLB
ERAS,XLV
ERIC,XLY
ERIE,XLF
ERO,XLB
ES,XLU
ESAB,XLI
ESE,XLY
ESI,XLB
ESLT,XLI
ESNT,XLF
ESS,XLRE
ESTA,XLV
ESTC,XLK
ET,XLU
ETN,XLI
ETOR,XLF
ETR,XLU
ETSY,XLI
EVR,XLF
EVRG,XLU
EW,XLV
EWBC,XLF
EWTX,XLV
EXC,XLU
EXE,XLE
EXEL,XLV
EXK,XLB
EXLS,XLI
EXP,XLB
EXPD,XLI
EXPE,XLI
EXPO,XLI
EXR,XLRE
EXTR,XLK
EYE,XLV
EZPW,XLP
F,XLY
FA,XLK
FAF,XLF
FANG,XLE
FAST,XLY
FBIN,XLI
FBP,XLF
FBRX,XLV
FCEL,XLI
FCFS,XLP
FCN,XLI
FCNCA,XLF
FCUV,XLK
FCX,XLB
FDS,XLK
FDX,XLI
FE,XLU
FELE,XLI
FER,XLI
FERG,XLI
FETH,XLF
FFBC,XLF
FFIN,XLF
FFIV,XLK
FHB,XLF
FHI,XLF
FHN,XLF
FIBK,XLF
FICO,XLI
FIG,XLK
FIGS,XLY
FIS,XLI
FISV,XLI
FITB,XLF
FIVE,XLY
FIVN,XLK
FIX,XLI
FLEX,XLK
FLG,XLF
FLNC,XLK
FLO,XLP
FLR,XLI
FLS,XLI
FLUT,XLK
FLY,XLI
FLYW,XLI
FMC,XLB
FMX,XLP
FN,XLY
FNB,XLF
FND,XLY
FNF,XLF
FNGU,XLF
FNV,XLB
FORM,XLK
FOUR,XLI
FOX,XLC
FOXA,XLC
FR,XLRE
FRO,XLI
FROG,XLK
FRPT,XLP
FRSH,XLK
FRT,XLRE
FSLR,XLK
FSLY,XLK
FSM,XLB
FSS,XLY
FSV,XLRE
FTAI,XLI
FTDR,XLI
FTI,XLI
FTNT,XLK
FTS,XLU
FTV,XLK
FUL,XLB
FULT,XLF
FUN,XLY
FUTU,XLF
FVRR,XLI
FWONK,XLC
G,XLI
GAP,XLY
GATX,XLI
GBCI,XLF
GCT,XLY
GD,XLI
GDDY,XLK
GDS,XLK
GDXD,XLF
GDXU,XLF
GE,XLI
GEHC,XLV
GEN,XLK
GENI,XLY
GEO,XLI
GEV,XLI
GFF,XLI
GFI,XLB
GFL,XLU
GFS,XLK
GGAL,XLF
GGG,XLI
GH,XLV
GHC,XLI
GIB,XLI
GIL,XLY
GILD,XLV
GIS,XLP
GKOS,XLV
GL,XLF
GLBE,XLK
GLD,XLF
GLNG,XLI
GLOB,XLK
GLPI,XLRE
GLUE,XLV
GLW,XLB
GLXY,XLF
GM,XLY
GMAB,XLV
GME,XLY
GMED,XLV
GNRC,XLI
GNTX,XLY
GNW,XLF
GO,XLP
GOLF,XLY
GOOG,XLK
GOOGL,XLK
GPC,XLI
GPCR,XLV
GPI,XLY
GPK,XLB
GPN,XLI
GPOR,XLE
GRAL,XLV
GRMN,XLK
GRPN,XLI
GS,XLF
GSAT,XLC
GSHD,XLF
GSK,XLV
GT,XLB
GTES,XLI
GTLB,XLK
GTX,XLY
GVA,XLI
GWRE,XLK
GWW,XLI
GXO,XLI
H,XLY
HAE,XLV
HAL,XLE
HALO,XLV
HAS,XLY
HASI,XLF
HAYW,XLI
HBAN,XLF
HBM,XLB
HCA,XLV
HCC,XLB
HCI,XLF
HD,XLY
HDB,XLF
HEI,XLI
HESM,XLE
HGV,XLY
HHH,XLRE
HIG,XLF
HII,XLI
HIMS,XLV
HIMX,XLK
HIW,XLRE
HL,XLB
HLI,XLF
HLIO,XLI
HLN,XLP
HLNE,XLF
HLT,XLY
HMC,XLY
HMY,XLB
HNGE,XLK
HNI,XLI
HOG,XLI
HOMB,XLF
HON,XLI
HOOD,XLF
HP,XLE
HPE,XLK
HPQ,XLK
HQY,XLI
HR,XLRE
HRI,XLI
HRL,XLP
HRMY,XLV
HSAI,XLI
HSBC,XLF
HSIC,XLI
HST,XLRE
HSY,XLP
HTFL,XLV
HTHT,XLY
HTO,XLU
HUBB,XLK
HUBG,XLI
HUBS,XLK
HUM,XLV
HUN,XLB
HURN,XLI
HUT,XLF
HWC,XLF
HWM,XLB
HXL,XLB
HYMC,XLB
IAG,XLB
IBKR,XLF
IBM,XLK
IBN,XLF
IBOC,XLF
IBP,XLI
IBRX,XLV
ICE,XLF
ICHR,XLK
ICLR,XLV
ICUI,XLV
IDA,XLU
IDCC,XLF
IDXX,XLV
IDYA,XLV
IESC,XLI
IEX,XLI
IFF,XLB
IFNNY,XLK
IHG,XLY
ILMN,XLK
IMAX,XLY
IMNM,XLV
IMO,XLE
IMVT,XLV
INBX,XLV
INCY,XLV
INDB,XLF
INDV,XLV
INFY,XLK
ING,XLF
INGM,XLI
INGR,XLP
INOD,XLK
INSM,XLV
INSP,XLV
INSW,XLI
INTC,XLK
INTR,XLF
INTU,XLK
INVH,XLRE
IONQ,XLK
IONS,XLV
IOT,XLK
IOVA,XLV
IP,XLB
IPAR,XLP
IPGP,XLK
IQV,XLV
IR,XLI
IRDM,XLC
IREN,XLF
IRM,XLRE
IRON,XLV
IRT,XLRE
IRTC,XLV
ISRG,XLV
IT,XLI
ITGR,XLV
ITRI,XLK
ITT,XLI
ITUB,XLF
ITW,XLI
IVT,XLRE
IVZ,XLF
J,XLI
JAN,XLRE
JAZZ,XLV
JBHT,XLI
JBL,XLK
JBS,XLP
JBTM,XLI
JCI,XLI
JD,XLY
JEF,XLF
JHX,XLB
JKHY,XLK
JLHL,XLI
JLL,XLRE
JNJ,XLV
JOBY,XLI
JPM,XLF
JXN,XLF
KAI,XLI
KALU,XLB
KB,XLF
KBH,XLI
KBR,XLI
KD,XLK
KDP,XLP
KEX,XLI
KEY,XLF
KEYS,XLK
KFY,XLI
KGC,XLB
KGS,XLU
KHC,XLP
KIM,XLRE
KKR,XLF
KLAC,XLK
KLIC,XLK
KMB,XLB
KMI,XLU
KMPR,XLF
KMT,XLI
KMX,XLY
KN,XLY
KNF,XLB
KNSA,XLV
KNSL,XLF
KNTK,XLU
KNX,XLI
KO,XLP
KR,XLP
KRC,XLRE
KRG,XLRE
KRMN,XLI
KRYS,XLV
KSPI,XLI
KSS,XLY
KT,XLC
KTB,XLY
KTOS,XLI
KVUE,XLP
KVYO,XLK
KYMR,XLV
L,XLF
LAD,XLY
LAMR,XLRE
LASR,XLK
LAUR,XLI
LAZ,XLF
LBRT,XLE
LCII,XLY
LDOS,XLK
LEA,XLY
LECO,XLI
LEG,XLI
LEGN,XLV
LEN,XLI
LEU,XLB
LEVI,XLY
LFST,XLV
LFUS,XLI
LGND,XLV
LH,XLV
LHX,XLK
LI,XLY
LIF,XLK
LIFE,XLF
LII,XLI
LIN,XLB
LINC,XLI
LINE,XLRE
LION,XLY
LITE,XLY
LIVN,XLV
LKNCY,XLY
LKQ,XLI
LLY,XLV
LLYVK,XLY
LMAT,XLV
LMND,XLF
LMT,XLI
LNC,XLF
LNG,XLU
LNT,XLU
LNTH,XLV
LOAR,XLI
LOGI,XLK
LOPE,XLI
LOW,XLY
LPG,XLI
LPLA,XLF
LPTH,XLK
LPX,XLI
LQDA,XLV
LRCX,XLI
LRN,XLI
LSCC,XLK
LSTR,XLI
LTH,XLY
LTM,XLI
LULU,XLY
LUMN,XLC
LUNR,XLK
LUV,XLI
LVS,XLY
LW,XLP
LWLG,XLB
LXP,XLRE
LYB,XLB
LYFT,XLI
LYG,XLF
LYV,XLY
M,XLY
MA,XLI
MAA,XLRE
MAC,XLRE
MAN,XLI
MANH,XLK
MAR,XLY
MARA,XLF
MAS,XLI
MAT,XLY
MATX,XLI
MBLY,XLK
MBX,XLV
MC,XLF
MCD,XLY
MCHP,XLK
MCK,XLI
MCO,XLI
MCY,XLF
MDB,XLK
MDGL,XLV
MDLZ,XLP
MDT,XLV
MDU,XLB
MEDP,XLV
MELI,XLI
MEOH,XLB
MET,XLF
META,XLK
MFC,XLF
MFG,XLF
MGA,XLY
MGM,XLY
MGNI,XLK
MGY,XLE
MHK,XLY
MHO,XLI
MIAX,XLF
MIDD,XLI
MIR,XLK
MIRM,XLV
MKC,XLP
MKL,XLF
MKSI,XLK
MKTX,XLF
MLI,XLB
MLM,XLB
MLYS,XLV
MMM,XLV
MMS,XLI
MMSI,XLV
MMYT,XLI
MNDY,XLK
MNST,XLP
MO,XLP
MOD,XLY
MOH,XLV
MORN,XLF
MOS,XLB
MP,XLB
MPC,XLE
MPLX,XLE
MPWR,XLK
MRAM,XLK
MRCY,XLK
MRK,XLV
MRNA,XLV
MRP,XLRE
MRVL,XLK
MRX,XLF
MS,XLF
MSA,XLV
MSCI,XLI
MSFT,XLK
MSGE,XLY
MSGS,XLY
MSI,XLY
MSM,XLI
MSTR,XLF
MT,XLB
MTB,XLF
MTCH,XLK
MTD,XLK
MTDR,XLE
MTG,XLF
MTH,XLI
MTN,XLY
MTRN,XLI
MTSI,XLK
MTZ,XLI
MU,XLK
MUFG,XLF
MUR,XLE
MUSA,XLY
MWA,XLI
MXL,XLK
MYRG,XLI
MZTI,XLP
NAMS,XLV
NATL,XLK
NBIS,XLK
NBIX,XLV
NCLH,XLI
NCNO,XLK
NDAQ,XLF
NDSN,XLI
NE,XLE
NEE,XLU
NEM,XLB
NEO,XLV
NESR,XLE
NET,XLK
NEU,XLB
NFG,XLU
NFLX,XLY
NG,XLB
NGG,XLU
NHC,XLV
NHI,XLRE
NI,XLU
NIC,XLF
NICE,XLK
NJR,XLU
NKE,XLY
NKTR,XLV
NLY,XLRE
NN,XLK
NNE,XLU
NNN,XLRE
NOC,XLK
NOG,XLE
NOK,XLY
NOV,XLI
NOVT,XLK
NOW,XLK
NPO,XLB
NRG,XLU
NRIX,XLV
NSC,XLI
NSIT,XLY
NSP,XLI
NTAP,XLK
NTES,XLK
NTLA,XLV
NTNX,XLK
NTR,XLB
NTRA,XLV
NTRS,XLF
NTST,XLRE
NU,XLF
NUE,XLB
NUVB,XLV
NVAX,XLV
NVCR,XLV
NVDA,XLK
NVMI,XLK
NVO,XLV
NVR,XLI
NVS,XLV
NVST,XLV
NVT,XLI
NVTS,XLK
NWE,XLU
NWG,XLF
NWL,XLB
NWS,XLC
NWSA,XLC
NXE,XLB
NXPI,XLK
NXST,XLC
NXT,XLK
NYT,XLC
O,XLRE
OC,XLB
ODFL,XLI
OGE,XLU
OGN,XLV
OGS,XLU
OHI,XLRE
OI,XLB
OII,XLE
OKE,XLU
OKLO,XLU
OKTA,XLK
OLED,XLK
OLLI,XLY
OLN,XLB
OMC,XLI
OMCL,XLK
OMDA,XLV
OMF,XLF
ON,XLK
ONB,XLF
ONC,XLV
ONDS,XLY
ONON,XLY
ONTO,XLK
OPCH,XLV
OR,XLB
ORA,XLU
ORC,XLRE
ORCL,XLK
ORI,XLF
ORIC,XLV
ORKA,XLV
ORLY,XLY
OSCR,XLV
OSIS,XLK
OSK,XLY
OTEX,XLK
OTIS,XLI
OUST,XLI
OUT,XLRE
OVV,XLE
OWL,XLF
OXY,XLE
P,XLK
PAA,XLE
PAAS,XLB
PAC,XLI
PACS,XLV
PAG,XLY
PAGP,XLE
PAGS,XLK
PANW,XLK
PARR,XLE
PATH,XLK
PATK,XLY
PAY,XLI
PAYC,XLK
PAYO,XLI
PAYX,XLI
PB,XLF
PBA,XLE
PBF,XLE
PBH,XLV
PBI,XLK
PBR,XLE
PCAR,XLY
PCG,XLU
PCOR,XLK
PCT,XLB
PCTY,XLK
PCVX,XLV
PDD,XLI
PDFS,XLK
PEB,XLRE
PECO,XLRE
PEG,XLU
PEGA,XLK
PEN,XLV
PENG,XLK
PENN,XLY
PEP,XLP
PFE,XLV
PFG,XLF
PFGC,XLI
PFSI,XLF
PG,XLP
PGEN,XLV
PGNY,XLV
PGR,XLF
PGY,XLF
PH,XLI
PHG,XLV
PHIN,XLY
PHM,XLI
PI,XLK
PII,XLI
PINS,XLK
PIPR,XLF
PJT,XLF
PK,XLY
PKG,XLB
PL,XLY
PLAB,XLK
PLD,XLRE
PLMR,XLF
PLNT,XLY
PLPC,XLI
PLTR,XLK
PLXS,XLK
PM,XLP
PNC,XLF
PNFP,XLF
PNR,XLI
PNW,XLU
PODD,XLV
POET,XLK
PONY,XLK
POOL,XLI
POR,XLU
POST,XLP
POWI,XLK
POWL,XLI
PPC,XLP
PPG,XLB
PPL,XLU
PPTA,XLB
PR,XLE
PRAX,XLV
PRCT,XLV
PRGO,XLV
PRI,XLF
PRIM,XLI
PRKS,XLY
PRM,XLB
PRMB,XLP
PRU,XLF
PRVA,XLV
PSA,XLRE
PSKY,XLC
PSMT,XLY
PSN,XLK
PSNL,XLV
PSX,XLE
PTC,XLK
PTCT,XLV
PTEN,XLE
PTGX,XLV
PTON,XLY
PUBM,XLK
PUK,XLF
PUMP,XLE
PVH,XLY
PVLA,XLV
PWR,XLI
PYPL,XLI
PZZA,XLY
Q,XLK
QBTS,XLK
QCOM,XLY
QGEN,XLV
QLYS,XLK
QRVO,XLK
QS,XLK
QSR,XLY
QTWO,XLK
QUBT,XLK
QURE,XLV
QXO,XLI
R,XLY
RACE,XLY
RAL,XLK
RAMP,XLK
RARE,XLV
RBA,XLI
RBC,XLI
RBLX,XLK
RBRK,XLK
RCAT,XLK
RCI,XLC
RCL,XLI
RCUS,XLV
RDDT,XLK
RDN,XLF
RDNT,XLV
RDW,XLI
RDY,XLV
REAL,XLP
REG,XLRE
REGN,XLV
RELX,XLI
RELY,XLI
REPL,XLV
REXR,XLRE
REYN,XLB
REZI,XLI
RF,XLF
RGA,XLF
RGEN,XLV
RGLD,XLF
RGTI,XLK
RH,XLY
RHI,XLI
RHP,XLRE
RIG,XLE
RIO,XLB
RIOT,XLF
RITM,XLRE
RIVN,XLY
RJF,XLF
RKLB,XLI
RKT,XLF
RL,XLY
RLAY,XLV
RLI,XLF
RMBS,XLK
RMD,XLV
RNG,XLK
RNR,XLF
RNST,XLF
ROAD,XLI
ROG,XLB
ROIV,XLV
ROK,XLK
ROKU,XLC
ROL,XLI
ROP,XLK
ROST,XLY
RPM,XLB
RPRX,XLV
RRC,XLE
RRR,XLY
RRX,XLI
RS,XLI
RSG,XLU
RSI,XLY
RTO,XLI
RTX,XLI
RUN,XLK
RUSHA,XLY
RVMD,XLV
RVTY,XLK
RXO,XLI
RY,XLF
RYAAY,XLI
RYAN,XLF
RYN,XLRE
RYTM,XLV
S,XLK
SAIA,XLI
SAIC,XLK
SAIL,XLK
SAM,XLP
SAN,XLF
SANM,XLK
SAP,XLK
SARO,XLI
SBAC,XLRE
SBCF,XLF
SBET,XLF
SBLK,XLI
SBRA,XLRE
SBS,XLU
SBSW,XLB
SBUX,XLY
SCCO,XLB
SCHW,XLF
SDOT,XLY
SDRL,XLE
SEB,XLI
SEDG,XLK
SEI,XLI
SEIC,XLF
SEZL,XLI
SF,XLF
SFD,XLP
SFM,XLP
SFNC,XLF
SG,XLY
SGHC,XLY
SGI,XLI
SGRY,XLV
SHAK,XLY
SHC,XLV
SHEL,XLE
SHLS,XLK
SHO,XLY
SHOO,XLB
SHOP,XLK
SHW,XLY
SIG,XLY
SIGI,XLF
SIMO,XLK
SIRI,XLC
SITE,XLI
SITM,XLK
SJM,XLP
SKM,XLC
SKT,XLRE
SKWD,XLF
SKY,XLI
SKYW,XLI
SLAB,XLK
SLB,XLE
SLF,XLF
SLG,XLRE
SLGN,XLI
SLM,XLF
SLS,XLV
SLV,XLF
SM,XLE
SMCI,XLK
SMFG,XLF
SMG,XLB
SMMT,XLV
SMPL,XLP
SMR,XLI
SMTC,XLK
SN,XLY
SNA,XLI
SNAP,XLK
SNDK,XLK
SNDR,XLI
SNDX,XLV
SNEX,XLF
SNN,XLV
SNOW,XLK
SNPS,XLK
SNX,XLI
SNY,XLV
SO,XLU
SOBO,XLE
SOFI,XLF
SOLS,XLB
SOLV,XLV
SON,XLB
SONO,XLY
SONY,XLY
SOUN,XLK
SPB,XLK
SPCX,XLK
SPG,XLRE
SPGI,XLI
SPHR,XLY
SPOT,XLC
SPSC,XLK
SPXC,XLI
SQM,XLB
SR,XLU
SRAD,XLK
SRE,XLU
SRPT,XLV
SRRK,XLV
SSB,XLF
SSD,XLI
SSNC,XLK
SSRM,XLF
ST,XLK
STAG,XLRE
STE,XLV
STEP,XLF
STLA,XLY
STLD,XLB
STM,XLK
STN,XLI
STNE,XLK
STNG,XLI
STOK,XLV
STRC,XLF
STRL,XLI
STT,XLF
STWD,XLRE
STX,XLK
STZ,XLP
SU,XLE
SUI,XLRE
SUN,XLE
SUNC,XLE
SUPN,XLV
SUZ,XLB
SVM,XLB
SW,XLB
SWK,XLI
SWKS,XLK
SWX,XLU
SXI,XLI
SXT,XLB
SYF,XLF
SYK,XLV
SYM,XLI
SYNA,XLK
SYRE,XLV
SYY,XLI
T,XLC
TAK,XLV
TAL,XLI
TALO,XLE
TAP,XLP
TARS,XLV
TBBB,XLP
TCBI,XLF
TCOM,XLI
TD,XLF
TDC,XLK
TDG,XLI
TDOC,XLV
TDS,XLC
TDW,XLI
TDY,XLK
TEAM,XLK
TECH,XLV
TECK,XLB
TEL,XLI
TEM,XLK
TENB,XLK
TER,XLK
TEVA,XLV
TEX,XLI
TFC,XLF
TFII,XLI
TFX,XLV
TGB,XLB
TGT,XLY
TGTX,XLV
THC,XLV
THG,XLF
THO,XLY
TIGO,XLC
TJX,XLY
TKO,XLY
TKR,XLI
TLN,XLU
TM,XLY
TMDX,XLV
TME,XLC
TMO,XLK
TMUS,XLC
TNDM,XLV
TNGX,XLV
TNK,XLI
TNL,XLY
TOL,XLI
TOST,XLK
TPB,XLP
TPC,XLI
TPG,XLF
TPL,XLF
TPR,XLB
TREX,XLI
TRGP,XLU
TRI,XLC
TRIP,XLK
TRMB,XLK
TRNO,XLRE
TROW,XLF
TRP,XLU
TRU,XLI
TRV,XLF
TRVI,XLV
TS,XLB
TSCO,XLY
TSEM,XLK
TSLA,XLY
TSM,XLK
TSN,XLP
TT,XLK
TTAN,XLK
TTC,XLI
TTD,XLK
TTE,XLE
TTEK,XLI
TTMI,XLK
TTWO,XLK
TU,XLC
TVTX,XLV
TW,XLF
TWLO,XLK
TWST,XLV
TX,XLB
TXG,XLK
TXN,XLK
TXNM,XLU
TXRH,XLY
TXT,XLI
TYL,XLK
U,XLK
UAA,XLY
UAL,XLI
UAMY,XLB
UBER,XLI
UBS,XLF
UBSI,XLF
UCB,XLF
UCTT,XLK
UDR,XLRE
UEC,XLB
UFPI,XLI
UFPT,XLV
UGI,XLU
UHS,XLV
UI,XLY
UL,XLP
ULS,XLV
ULTA,XLY
UMAC,XLY
UMBF,XLF
UMC,XLK
UNFI,XLI
UNH,XLV
UNM,XLF
UNP,XLI
UPS,XLI
UPST,XLF
UPWK,XLK
URBN,XLY
URGN,XLV
URI,XLI
USAR,XLB
USB,XLF
USFD,XLI
USO,XLF
UTHR,XLV
UTI,XLI
UTZ,XLP
UUP,XLF
UUUU,XLB
V,XLI
VAC,XLRE
VAL,XLE
VALE,XLB
VC,XLY
VCTR,XLF
VCYT,XLV
VECO,XLI
VEEE,XLI
VEEV,XLK
VELO,XLI
VERA,XLV
VFC,XLY
VG,XLU
VIAV,XLK
VICI,XLRE
VICR,XLK
VIK,XLI
VIPS,XLY
VIRT,XLF
VISN,XLY
VIST,XLE
VIXY,XLF
VKTX,XLV
VLO,XLE
VLTO,XLK
VLY,XLF
VMC,XLB
VMI,XLI
VMRK,XLRE
VNET,XLK
VNO,XLRE
VNOM,XLE
VNT,XLK
VOD,XLC
VOYA,XLF
VOYG,XLI
VPG,XLK
VRDN,XLV
VRNS,XLK
VRSK,XLK
VRSN,XLK
VRT,XLK
VRTX,XLV
VSAT,XLC
VSEC,XLI
VSH,XLK
VST,XLU
VTR,XLRE
VTRS,XLV
VVV,XLE
VVX,XLI
VXX,XLF
VZ,XLC
W,XLY
WAB,XLI
WAL,XLF
WAT,XLK
WAY,XLK
WBD,XLC
WCC,XLI
WCN,XLU
WDAY,XLK
WDC,XLK
WDFC,XLB
WEC,XLU
WELL,XLRE
WEN,XLY
WERN,XLI
WES,XLU
WEX,XLI
WFC,XLF
WFRD,XLI
WGS,XLV
WH,XLY
WHD,XLI
WHR,XLY
WING,XLY
WIX,XLK
WK,XLK
WKC,XLI
WLK,XLB
WLY,XLC
WM,XLU
WMB,XLU
WMG,XLY
WMS,XLB
WMT,XLY
WOLF,XLK
WPC,XLRE
WPM,XLB
WRB,XLF
WRBY,XLV
WSBC,XLF
WSC,XLI
WSFS,XLF
WSM,XLY
WSO,XLI
WST,XLV
WT,XLF
WTFC,XLF
WTM,XLF
WTRG,XLU
WTS,XLI
WTTR,XLE
WTW,XLF
WU,XLI
WULF,XLF
WWD,XLI
WY,XLRE
WYFI,XLF
WYNN,XLY
XE,XLI
XEL,XLU
XENE,XLV
XMTR,XLI
XOM,XLE
XP,XLF
XPEV,XLY
XPO,XLI
XRAY,XLV
XYL,XLI
XYZ,XLK
YETI,XLY
YMM,XLK
YOU,XLK
YPF,XLE
YUM,XLY
YUMC,XLY
Z,XLI
ZBH,XLV
ZBRA,XLI
ZD,XLC
ZETA,XLK
ZG,XLI
ZIM,XLI
ZION,XLF
ZM,XLK
ZS,XLK
ZTO,XLI
ZTS,XLV
ZWS,XLI
