ticker,name,gics_sector,source,rank
AFL,Aflac,Financials,SP500,1
ALL,Allstate,Financials,SP500,2
AIG,American International Group,Financials,SP500,3
AMP,Ameriprise Financial,Financials,SP500,4
AON,Aon plc,Financials,SP500,5
APO,Apollo Global Management,Financials,SP500,6
ACGL,Arch Capital Group,Financials,SP500,7
ARES,Ares Management,Financials,SP500,8
AJG,Arthur J. Gallagher & Co.,Financials,SP500,9
AIZ,Assurant,Financials,SP500,10
BAC,Bank of America,Financials,SP500,11
BLK,BlackRock,Financials,SP500,12
BX,Blackstone Inc.,Financials,SP500,13
BNY,BNY Mellon,Financials,SP500,14
BRO,Brown & Brown,Financials,SP500,15
COF,Capital One,Financials,SP500,16
CBOE,Cboe Global Markets,Financials,SP500,17
SCHW,Charles Schwab Corporation,Financials,SP500,18
CB,Chubb Limited,Financials,SP500,19
CINF,Cincinnati Financial,Financials,SP500,20
C,Citigroup,Financials,SP500,21
CFG,Citizens Financial Group,Financials,SP500,22
CME,CME Group,Financials,SP500,23
CPAY,Corpay,Financials,SP500,24
ERIE,Erie Indemnity,Financials,SP500,25
EG,Everest Group,Financials,SP500,26
FDS,FactSet,Financials,SP500,27
FIS,Fidelity National Information Services,Financials,SP500,28
FITB,Fifth Third Bancorp,Financials,SP500,29
FISV,Fiserv,Financials,SP500,30
BEN,Franklin Resources,Financials,SP500,31
GPN,Global Payments,Financials,SP500,32
GL,Globe Life,Financials,SP500,33
GS,Goldman Sachs,Financials,SP500,34
HIG,Hartford (The),Financials,SP500,35
HBAN,Huntington Bancshares,Financials,SP500,36
IBKR,Interactive Brokers,Financials,SP500,37
ICE,Intercontinental Exchange,Financials,SP500,38
IVZ,Invesco,Financials,SP500,39
JKHY,Jack Henry & Associates,Financials,SP500,40
ABBV,AbbVie,Health Care,SP500,41
A,Agilent Technologies,Health Care,SP500,42
ALGN,Align Technology,Health Care,SP500,43
AMGN,Amgen,Health Care,SP500,44
BAX,Baxter International,Health Care,SP500,45
BDX,Becton Dickinson,Health Care,SP500,46
TECH,Bio-Techne,Health Care,SP500,47
BIIB,Biogen,Health Care,SP500,48
BMY,Bristol Myers Squibb,Health Care,SP500,49
CAH,Cardinal Health,Health Care,SP500,50
COR,Cencora,Health Care,SP500,51
CRL,Charles River Laboratories,Health Care,SP500,52
COO,Cooper Companies (The),Health Care,SP500,53
CVS,CVS Health,Health Care,SP500,54
DHR,Danaher Corporation,Health Care,SP500,55
DVA,DaVita,Health Care,SP500,56
DXCM,Dexcom,Health Care,SP500,57
EW,Edwards Lifesciences,Health Care,SP500,58
ELV,Elevance Health,Health Care,SP500,59
GEHC,GE HealthCare,Health Care,SP500,60
GILD,Gilead Sciences,Health Care,SP500,61
HCA,HCA Healthcare,Health Care,SP500,62
HSIC,Henry Schein,Health Care,SP500,63
IDXX,Idexx Laboratories,Health Care,SP500,64
INCY,Incyte,Health Care,SP500,65
PODD,Insulet Corporation,Health Care,SP500,66
ISRG,Intuitive Surgical,Health Care,SP500,67
IQV,IQVIA,Health Care,SP500,68
LH,Labcorp,Health Care,SP500,69
MCK,McKesson Corporation,Health Care,SP500,70
MDT,Medtronic,Health Care,SP500,71
MRK,Merck & Co.,Health Care,SP500,72
MTD,Mettler Toledo,Health Care,SP500,73
DGX,Quest Diagnostics,Health Care,SP500,74
REGN,Regeneron Pharmaceuticals,Health Care,SP500,75
RMD,ResMed,Health Care,SP500,76
RVTY,Revvity,Health Care,SP500,77
SOLV,Solventum,Health Care,SP500,78
STE,Steris,Health Care,SP500,79
SYK,Stryker Corporation,Health Care,SP500,80
MMM,3M,Industrials,SP500,81
AOS,A. O. Smith,Industrials,SP500,82
ALLE,Allegion,Industrials,SP500,83
AME,Ametek,Industrials,SP500,84
ADP,Automatic Data Processing,Industrials,SP500,85
AXON,Axon Enterprise,Industrials,SP500,86
BR,Broadridge Financial Solutions,Industrials,SP500,87
BLDR,Builders FirstSource,Industrials,SP500,88
CHRW,C.H. Robinson,Industrials,SP500,89
CARR,Carrier Global,Industrials,SP500,90
CAT,Caterpillar Inc.,Industrials,SP500,91
CTAS,Cintas,Industrials,SP500,92
FIX,Comfort Systems USA,Industrials,SP500,93
CPRT,Copart,Industrials,SP500,94
CSX,CSX Corporation,Industrials,SP500,95
CMI,Cummins,Industrials,SP500,96
DE,Deere & Company,Industrials,SP500,97
DAL,Delta Air Lines,Industrials,SP500,98
DOV,Dover Corporation,Industrials,SP500,99
EMR,Emerson Electric,Industrials,SP500,100
EFX,Equifax,Industrials,SP500,101
EXPD,Expeditors International,Industrials,SP500,102
FAST,Fastenal,Industrials,SP500,103
FDX,FedEx,Industrials,SP500,104
FDXF,FedEx Freight,Industrials,SP500,105
FTV,Fortive,Industrials,SP500,106
GE,GE Aerospace,Industrials,SP500,107
GNRC,Generac,Industrials,SP500,108
GD,General Dynamics,Industrials,SP500,109
HON,Honeywell,Industrials,SP500,110
HWM,Howmet Aerospace,Industrials,SP500,111
HUBB,Hubbell Incorporated,Industrials,SP500,112
HII,Huntington Ingalls Industries,Industrials,SP500,113
IEX,IDEX Corporation,Industrials,SP500,114
ITW,Illinois Tool Works,Industrials,SP500,115
IR,Ingersoll Rand,Industrials,SP500,116
JBHT,J.B. Hunt,Industrials,SP500,117
J,Jacobs Solutions,Industrials,SP500,118
APTV,Aptiv,Consumer Discretionary,SP500,119
AZO,AutoZone,Consumer Discretionary,SP500,120
BBY,Best Buy,Consumer Discretionary,SP500,121
BKNG,Booking Holdings,Consumer Discretionary,SP500,122
CCL,Carnival Corporation,Consumer Discretionary,SP500,123
CVNA,Carvana,Consumer Discretionary,SP500,124
CMG,Chipotle Mexican Grill,Consumer Discretionary,SP500,125
DRI,Darden Restaurants,Consumer Discretionary,SP500,126
DECK,Deckers Brands,Consumer Discretionary,SP500,127
DPZ,Domino's,Consumer Discretionary,SP500,128
DASH,DoorDash,Consumer Discretionary,SP500,129
DHI,D. R. Horton,Consumer Discretionary,SP500,130
EBAY,eBay Inc.,Consumer Discretionary,SP500,131
EXPE,Expedia Group,Consumer Discretionary,SP500,132
F,Ford Motor Company,Consumer Discretionary,SP500,133
GRMN,Garmin,Consumer Discretionary,SP500,134
GPC,Genuine Parts Company,Consumer Discretionary,SP500,135
HAS,Hasbro,Consumer Discretionary,SP500,136
HLT,Hilton Worldwide,Consumer Discretionary,SP500,137
HD,Home Depot (The),Consumer Discretionary,SP500,138
LVS,Las Vegas Sands,Consumer Discretionary,SP500,139
LEN,Lennar,Consumer Discretionary,SP500,140
LOW,Lowe's,Consumer Discretionary,SP500,141
MAR,Marriott International,Consumer Discretionary,SP500,142
MCD,McDonald's,Consumer Discretionary,SP500,143
MGM,MGM Resorts,Consumer Discretionary,SP500,144
NKE,"Nike, Inc.",Consumer Discretionary,SP500,145
NCLH,Norwegian Cruise Line Holdings,Consumer Discretionary,SP500,146
MO,Altria,Consumer Staples,SP500,147
ADM,Archer Daniels Midland,Consumer Staples,SP500,148
BG,Bunge Global,Consumer Staples,SP500,149
CPB,Campbell's Company (The),Consumer Staples,SP500,150
CASY,Casey's,Consumer Staples,SP500,151
CHD,Church & Dwight,Consumer Staples,SP500,152
CLX,Clorox,Consumer Staples,SP500,153
KO,Coca-Cola Company (The),Consumer Staples,SP500,154
CL,Colgate-Palmolive,Consumer Staples,SP500,155
CAG,Conagra Brands,Consumer Staples,SP500,156
STZ,Constellation Brands,Consumer Staples,SP500,157
DG,Dollar General,Consumer Staples,SP500,158
DLTR,Dollar Tree,Consumer Staples,SP500,159
EL,Estée Lauder Companies (The),Consumer Staples,SP500,160
GIS,General Mills,Consumer Staples,SP500,161
HSY,Hershey Company (The),Consumer Staples,SP500,162
HRL,Hormel Foods,Consumer Staples,SP500,163
KDP,Keurig Dr Pepper,Consumer Staples,SP500,164
KMB,Kimberly-Clark,Consumer Staples,SP500,165
KHC,Kraft Heinz,Consumer Staples,SP500,166
KR,Kroger,Consumer Staples,SP500,167
MKC,McCormick & Company,Consumer Staples,SP500,168
APA,APA Corporation,Energy,SP500,169
BKR,Baker Hughes,Energy,SP500,170
CVX,Chevron Corporation,Energy,SP500,171
COP,ConocoPhillips,Energy,SP500,172
DVN,Devon Energy,Energy,SP500,173
FANG,Diamondback Energy,Energy,SP500,174
EOG,EOG Resources,Energy,SP500,175
EQT,EQT Corporation,Energy,SP500,176
EXE,Expand Energy,Energy,SP500,177
XOM,ExxonMobil,Energy,SP500,178
HAL,Halliburton,Energy,SP500,179
KMI,Kinder Morgan,Energy,SP500,180
MPC,Marathon Petroleum,Energy,SP500,181
OXY,Occidental Petroleum,Energy,SP500,182
OKE,Oneok,Energy,SP500,183
PSX,Phillips 66,Energy,SP500,184
SLB,Schlumberger,Energy,SP500,185
TRGP,Targa Resources,Energy,SP500,186
TPL,Texas Pacific Land Corporation,Energy,SP500,187
VLO,Valero Energy,Energy,SP500,188
AES,AES Corporation,Utilities,SP500,189
LNT,Alliant Energy,Utilities,SP500,190
AEE,Ameren,Utilities,SP500,191
AEP,American Electric Power,Utilities,SP500,192
AWK,American Water Works,Utilities,SP500,193
ATO,Atmos Energy,Utilities,SP500,194
CNP,CenterPoint Energy,Utilities,SP500,195
CMS,CMS Energy,Utilities,SP500,196
ED,Consolidated Edison,Utilities,SP500,197
DTE,DTE Energy,Utilities,SP500,198
DUK,Duke Energy,Utilities,SP500,199
EIX,Edison International,Utilities,SP500,200
ETR,Entergy,Utilities,SP500,201
EVRG,Evergy,Utilities,SP500,202
ES,Eversource Energy,Utilities,SP500,203
EXC,Exelon,Utilities,SP500,204
ARE,Alexandria Real Estate Equities,Real Estate,SP500,205
AMT,American Tower,Real Estate,SP500,206
AVB,AvalonBay Communities,Real Estate,SP500,207
BXP,"BXP, Inc.",Real Estate,SP500,208
CPT,Camden Property Trust,Real Estate,SP500,209
CBRE,CBRE Group,Real Estate,SP500,210
CSGP,CoStar Group,Real Estate,SP500,211
CCI,Crown Castle,Real Estate,SP500,212
EQR,Equity Residential,Real Estate,SP500,213
ESS,Essex Property Trust,Real Estate,SP500,214
EXR,Extra Space Storage,Real Estate,SP500,215
FRT,Federal Realty Investment Trust,Real Estate,SP500,216
DOC,Healthpeak Properties,Real Estate,SP500,217
HST,Host Hotels & Resorts,Real Estate,SP500,218
INVH,Invitation Homes,Real Estate,SP500,219
IRM,Iron Mountain,Real Estate,SP500,220
ALB,Albemarle Corporation,Materials,SP500,221
AMCR,Amcor,Materials,SP500,222
AVY,Avery Dennison,Materials,SP500,223
BALL,Ball Corporation,Materials,SP500,224
CF,CF Industries,Materials,SP500,225
CTVA,Corteva,Materials,SP500,226
CRH,CRH plc,Materials,SP500,227
DOW,Dow Inc.,Materials,SP500,228
DD,DuPont,Materials,SP500,229
ECL,Ecolab,Materials,SP500,230
FCX,Freeport-McMoRan,Materials,SP500,231
IFF,International Flavors & Fragrances,Materials,SP500,232
IP,International Paper,Materials,SP500,233
LYB,LyondellBasell,Materials,SP500,234
MLM,Martin Marietta Materials,Materials,SP500,235
MOS,Mosaic Company (The),Materials,SP500,236
GOOGL,Alphabet Inc. (Class A),Communication Services,SP500,237
T,AT&T,Communication Services,SP500,238
CMCSA,Comcast,Communication Services,SP500,239
SATS,EchoStar,Communication Services,SP500,240
EA,Electronic Arts,Communication Services,SP500,241
FOXA,Fox Corporation (Class A),Communication Services,SP500,242
FOX,Fox Corporation (Class B),Communication Services,SP500,243
LYV,Live Nation Entertainment,Communication Services,SP500,244
NWSA,News Corp (Class A),Communication Services,SP500,245
NWS,News Corp (Class B),Communication Services,SP500,246
OMC,Omnicom Group,Communication Services,SP500,247
PSKY,Paramount Skydance Corporation,Communication Services,SP500,248
ACN,Accenture,Information Technology,SP500,249
ADBE,Adobe Inc.,Information Technology,SP500,250
AKAM,Akamai Technologies,Information Technology,SP500,251
APH,Amphenol,Information Technology,SP500,252
ADI,Analog Devices,Information Technology,SP500,253
APP,AppLovin,Information Technology,SP500,254
CDNS,Cadence Design Systems,Information Technology,SP500,255
CDW,CDW Corporation,Information Technology,SP500,256
CIEN,Ciena,Information Technology,SP500,257
CSCO,Cisco,Information Technology,SP500,258
CTSH,Cognizant,Information Technology,SP500,259
COHR,Coherent Corp.,Information Technology,SP500,260
