ticker,prediction_date,actual_up,prob_up,shap_return_1d,shap_return_3d,shap_return_5d,shap_ma_5,shap_ma_10,shap_ma_20,shap_volatility_5d,shap_volatility_10d,shap_rsi_14,shap_macd,shap_bb_upper,shap_bb_lower,shap_bb_width,shap_volume_zscore,shap_volume_spike,shap_vwap,shap_obv,shap_atr,shap_spy_ret,shap_xlk_ret,shap_sentiment_score,shap_insider_net_shares,shap_insider_7d,shap_insider_21d,shap_congress_net_shares,shap_risk_today,shap_risk_next_1d,shap_risk_next_3d,shap_risk_prev_1d,shap_is_pandemic,shap_eps_surprise,shap_rev_surprise,shap_days_to_earnings,shap_post_earnings_1d,shap_post_earnings_3d,shap_post_earnings_5d,shap_vwap_dev_eod,shap_vol_surge_eod,shap_intraday_momentum,shap_premarket_gap,shap_iv_skew_snap,shap_pc_ratio_snap,shap_analyst_upside,shap_analyst_buy_pct,shap_analyst_mult,shap_finbert_sentiment,shap_oil_ret,shap_oil_spy_corr,shap_return_20d,shap_return_60d,shap_ma_50,shap_ma5_above_ma20,shap_ma20_above_ma50,shap_high_52w_ratio,shap_low_52w_ratio,shap_bb_pct,shap_rsi_above_70,shap_rsi_below_30,shap_obv_trend,shap_vix_close,shap_vix_ret,shap_dxy_ret,shap_yield_10y,shap_fear_greed,shap_vix_term_structure,shap_beta_60d,shap_short_ratio,shap_short_pct_float,shap_monday_sentiment,shap_sector_rel_ret,shap_day_of_week,shap_is_month_end,shap_vix_5d_above_25,shap_semi_etf_momentum_60d,shap_igv_vs_sp500_ret_30d,shap_lqd_hyg_spread
MRNA,2026-05-04,1,0.7045,0.0,0.0,0.0,0.0,0.0,0.0,0.0,0.0,0.0,0.05560968570568527,0.006349226811410666,0.0,0.0,0.014963368333633622,0.0,0.0018409787529833996,0.0,0.0,0.012768894938165964,0.0,0.0,0.0,0.0,0.0,0.0,0.0,0.0,0.0,0.0,0.0,0.0,0.0,0.0,0.0,0.0,0.0,0.0,0.0,0.0,0.007552267109488346,0.0,0.0,0.0,0.0,0.0,0.0,0.0,0.0,0.0,0.0,0.0,0.0,0.0,0.0,0.0,0.011653371874556744,0.0,0.0,0.0,0.0,0.0,0.0,0.0,0.0,0.0,0.0098233494641303,0.01204807783191485,0.0,0.010635368775347522,0.0,0.0,0.0,0.0,0.0,0.0,0.0
HUM,2026-05-04,1,0.7025,0.0,0.0,0.0,0.0,0.0,0.01679816879413979,0.015154632149238402,0.0,0.0,0.0,0.0,0.04431439907238727,0.05224862673574296,0.0,0.0,0.0,0.0,0.0,0.0,0.0,0.0,0.0,0.0,0.0,0.0,0.0,0.0,0.0,0.0,0.0,0.0,0.0,0.0,0.0,0.0,0.0,0.03846724265828006,0.0,0.027153458804765017,0.0,0.0,0.0,0.0,0.0,0.0,0.0,0.0,0.0,0.0,0.0,0.0,0.0,0.0,0.0,0.0,0.0,0.0,0.0,0.0,0.0,0.0,0.0,0.0,0.0,0.0,0.049403747604617014,0.0,0.0,0.0,0.002917613783713761,0.0,0.0,0.0,0.0,0.012114973220032244,0.027372996770305098
CEG,2026-05-04,1,0.7038,0.0,0.0,0.0,0.0,0.0,0.0,0.0,0.0,0.0,0.0011873513675293762,0.007922676324835728,0.0,0.0,0.0,0.0,-0.0012940491475612343,0.0,0.0,0.0,0.0,0.0,0.0,0.0,0.0,0.0,0.0,0.0,0.0,0.0,0.0,0.0,0.0,0.0,0.0,0.0,0.0,0.0,0.0,-0.008152736209524628,0.0,0.0,0.0,0.0,0.0037250014881148484,0.0,0.0,0.0,0.0,0.0014720172002587848,0.0,0.0,0.0,0.0,0.017457801755377637,0.016285704778924954,0.0,0.0,0.0,0.0,0.0,0.004419368056019897,0.0015939920542482999,0.0,0.0,0.0,0.0,0.0,0.0,0.0,0.0,0.0,0.0,0.0,0.0,0.0,0.0
GEV,2026-05-04,1,0.8489,0.0,0.0,0.05276130299821636,0.0,-0.022953329048687108,-0.01375869525593735,0.0,0.018255462126046992,0.0,0.0,0.0,0.0,0.0,0.0,0.0,0.0,0.0,0.0,0.009795347670489927,0.0,0.0,0.0,0.0,0.0,0.0,0.0,0.0,0.0,0.0,0.0,0.0,0.0,0.0,0.0,0.0,0.0,0.0,0.0,0.0,0.0,0.0,0.0,0.0,0.0,0.0,0.0,-0.01195097362004065,0.01604121977908557,0.0,0.0,0.0,0.0,0.0,0.0,0.0,0.0,-0.004313329436067328,0.0,0.07527112837553476,0.0,0.0,0.0,0.0,0.0,0.0,0.0,0.0,0.0,0.0,0.0,-0.0008201405442520624,0.0,0.0,0.0,0.0,0.0
VRT,2026-05-04,1,0.7471,0.003925505288806138,0.0,0.005765773030000628,0.0,0.0,0.0,0.0,0.0,0.0,0.0,0.0,0.0,0.0026403464339934115,0.0,0.0,0.007687845346646549,0.0,0.0,0.0,-0.0013228151111108074,0.0,0.0,0.0,0.0,0.0,0.0,0.0,0.0,0.0,0.0,0.0,0.0,0.0,0.0,0.0,0.0,0.0,0.0,0.0084470471025608,0.0,0.0,0.0,0.0,0.0,0.0012681422465201898,0.0,0.0,0.0,0.005796784566892588,0.0,0.0,0.0,0.0,0.0,0.005447794128935746,0.0,0.0,0.0,0.0,0.0,0.0,0.0,0.0,0.0,0.0,0.0,0.0,0.0,0.0,0.0,0.0,0.0,0.0,0.0,0.004459296005546275,0.0
LRCX,2026-05-04,1,0.7023,0.0,0.0,0.01137061405144688,0.0,0.0,0.0,0.0,0.0,0.0,0.0,0.0,0.0,0.011912952896346828,0.0,0.0,0.04530298969204655,0.0,0.006748194426885156,0.0,0.0,0.0,0.0,0.0,0.0,0.0,0.0,0.0,0.0,0.0,0.0,0.0,0.0,0.0,0.0,0.0,0.0,0.0,0.0,0.0,0.0,0.00832264176196674,0.0,0.0,0.0,0.007370544294152749,0.0,0.0,0.0,0.0,0.0,0.0,0.0,0.0,0.0,0.0,0.0,0.0,0.0,0.011431950577332825,0.0,0.0,0.0,0.0,0.0,-0.013013822755291005,0.0,0.0,0.0,0.0,0.0,0.0,0.0,0.0,0.0,0.0,-0.013626895054005059
XLU,2026-05-04,1,0.72,0.0,0.0,-0.0061746471376569415,0.0,0.0,0.0,0.0,0.0,0.0,0.0,-0.012899008495070783,0.0,0.0,0.0,0.0,0.0,-0.026760057865644237,0.0,0.0,0.0010666561408450089,0.0,0.0,0.0,0.0,0.0,0.0,0.0,0.0,0.0,0.0,0.0,0.0,0.0,0.0,0.0,0.0,0.0,0.0,0.0001916579937153169,0.0,0.0,0.0,0.0,0.0,-0.007413083020803134,0.0,0.0,-0.016218408452737518,0.0,-0.03240058130416495,0.0,0.0,0.0,0.0,0.0919845800905698,0.0,0.0,0.0,0.0,0.0,-0.011221548457187506,0.0,0.0,0.0,0.0,0.0,0.0,0.0,0.0,0.0,0.0,0.0,0.0,0.0,0.0,0.0
SMCI,2026-05-04,1,0.7537,0.013710899192785956,0.0,0.0,0.00671676113981956,0.0,0.0,0.0,0.0,0.0,0.0,0.0,0.01644095078814676,0.0,0.0,0.0,0.0,0.0,0.012467948793161623,0.004459092537192785,0.0,0.0,0.0,0.0,0.0,0.0,0.0,0.0,0.0,0.0,0.0,0.0,0.0,0.0,0.0,0.0,0.0,0.14852613643164014,0.0,0.016135672704170344,0.0,-0.0005198207753986119,0.0,0.0,0.0,0.0,0.0,0.0,0.0,0.0,0.0,0.0,0.0,0.011090267404394404,0.0,0.0,0.0,0.0,0.0,0.0,0.0,0.0,0.0,0.0,0.0,0.0,0.0,0.0,0.0,0.0,0.0,0.0,0.003970243429364799,0.0,0.0,0.0,0.0
QQQ,2026-05-01,1,0.7071,0.001298454532189103,0.0,0.012709821454420747,0.0,-0.011331350615191823,0.0,0.0,0.0,0.0,0.0,0.0,-0.002111851253733109,0.0,0.014558056321508287,0.0,0.0,0.0,0.0,0.0,-0.009981628230171393,0.0,0.0,0.0,0.0,0.0,0.0,0.0,0.0,0.0,0.0,0.0,0.0,0.0,0.0,0.0,0.0,0.0,0.0,0.0,0.0,0.0,0.0,0.0,0.0,0.0,0.0,0.0,0.023399304164142442,0.0,0.0,0.0,0.0,0.0,-0.010767952980357718,0.0,0.0,-0.009361474204402968,0.0,0.0,0.0,0.0,0.0,0.0,0.0,0.0,0.008923689881344456,0.0,0.0,0.0,0.0,0.0,0.0,0.0,0.0,0.0,0.0
LYFT,2026-05-01,1,0.7766,-0.010805307687099537,0.0,0.0,0.07926707185865373,0.0,0.0,0.0,0.0,0.0,0.0,0.0,0.0,0.0,0.0,0.005534593800661665,0.0,0.0,0.0,0.0,-0.017546140851535323,0.0,0.0,0.0,0.0,0.0,0.0,0.0,0.0,0.0,0.0,0.004589724866075612,0.0,0.0,0.0,0.0,0.0,0.0,0.0,0.0,0.0,0.0,0.0,0.0,0.0,0.0028465016967551557,0.0,0.0,0.02939390042805482,0.0,0.0,0.0,0.0,0.0,0.0,0.02274008548190077,0.0,0.0,0.0,0.0,0.0,0.0,0.0,0.0,0.0,0.0,0.0,0.0,0.0,0.0,0.0,0.0006217232176701958,-0.006797538813446358,0.0,0.0,0.0,0.0
LIN,2026-05-01,1,0.7308,0.0,0.0,0.0,-0.02095222702509409,0.0,0.0,-0.015405130031180665,0.0,0.0,0.0,0.0,0.0,0.0,0.0,0.0,0.0,0.0,0.0,0.0,0.0,0.0,0.0,0.0,0.0,0.0,0.0,0.0,0.0,0.0,0.0,0.0,0.0,0.0,0.0,0.0,0.0,-0.05676300024738026,0.0,-0.001850071406749179,0.0,0.0,0.0,0.0,0.0,0.0,0.018745271384356135,0.0,0.0,0.0,0.0,-0.09531154348501117,-0.005303542440794257,0.0,-0.05331243124347875,0.0,0.0,0.0,0.0,0.0,0.0,0.0,0.0,0.0,0.0,-0.023654452982656234,0.0,0.0,0.0,0.0,0.0,0.0,0.0,0.0,0.0,0.0,0.0
GOOG,2026-05-01,1,0.7074,0.0025290710843604443,0.0,0.0,0.0,0.0,0.0,0.0,0.0,0.0,0.0,0.0,0.0,0.0,0.005509320723430479,0.004823257796013279,0.004042354906643501,0.0,0.0,0.0,0.0,0.0,0.0,0.0,0.0,0.0,0.0,0.0,0.0,0.0,0.0,0.0,0.0,0.0,0.0,0.0,0.0,0.0,0.0,0.01156326724086246,0.0,0.0,0.0,0.0,0.0,0.0,0.0,0.0,0.0,0.003371476858058647,0.003605375607912311,0.015458269140580764,0.0,0.0,0.0,0.0,0.0,0.0,0.0,0.0,0.0,0.0,0.0,0.0036160839408056708,0.0,0.0,0.0,0.00019216441743362368,0.0,0.0,0.0,0.0,0.0,0.0,0.0,0.0,0.0
XLU,2026-04-30,1,0.8251,0.0,0.0,0.0,-0.01639408738981126,0.0,0.0,0.0,0.0,0.0,0.0,0.0,0.0,0.0,0.0,0.0,0.0010470708339877306,-0.04735596568235672,0.0,0.0,0.0,0.0,0.0,0.0,0.0,0.0,0.0,0.0,0.0,0.0,0.0,-0.016281143857839374,0.0,0.0,0.0,0.0,0.0,0.0,-0.03991351094907405,-0.012224882114570602,0.0,0.0,0.0,0.0,0.0,0.0,0.0,0.0,0.02937924484013541,0.0,0.0,0.0,0.0,0.0,-0.004675065007682228,0.0562538738509272,-0.01111191319730059,0.0,0.0,0.0,0.0,0.0,0.0,0.0,0.0,0.0,0.0,0.0,0.0,0.0,0.0,0.0,0.0,0.0,0.0,0.0,0.0
XLI,2026-04-30,1,0.7574,0.0,0.0,0.0,0.0,-0.014609902814532642,-0.0038006582195345296,0.0,0.0,0.0009521413986914837,0.0,0.0,0.0,0.0,0.0,-0.007219971469699496,0.0,0.0,0.0,0.0,0.0,0.0,0.0,0.0,0.0,0.0,0.0,0.0,0.0,0.0,0.0,0.0,0.0,0.0,0.0,0.0,0.0,-0.06103181860900882,0.0,0.011885060012578746,0.0,0.0,0.0,0.0,0.0,0.0,0.0,0.0,0.0,-0.007271417947285039,0.0034965648300180688,0.0,0.0,0.0,0.0,0.0,0.0,0.0,0.0,0.0,0.0,0.000660989174534782,0.0,0.0,0.0,0.0,0.0,-0.012415322092066368,0.0,0.0,0.0,0.0,0.0,0.0,0.0,0.0,0.0
WMT,2026-04-30,1,0.7187,0.0,-0.012861068794410431,0.0,-0.001483981686276537,0.0,0.0,0.0,0.0,-0.008043445987601955,-0.023475301790496974,-0.007688584702168624,0.0,0.0005209477483437997,0.0,0.0,0.0,-0.07508939980850984,0.0,0.0,0.0,0.0,0.0,0.0,0.0,0.0,0.0,0.0,0.0,0.0,0.0,0.0,0.0,0.0,0.0,0.0,0.0,-0.011455527388558916,0.0,0.0,0.0,-0.005583245175021411,0.0,0.0,0.0,0.0,0.0,0.0,0.0,0.0,0.0,0.0,0.0,0.0,0.0,-0.0014901014981083633,0.0,0.0,0.0,0.0,0.0,0.0,0.0,0.0,0.0,0.0,0.0,0.0,0.0,0.0,0.0,0.0,0.0,0.0,0.0,0.0,0.0
GEV,2026-04-30,1,0.7738,0.0,0.0,0.021171826870468195,0.0,-0.04311394102309957,0.0,0.0,0.06324456315040049,0.0,0.0,0.0,0.0,-0.0006644513817973375,0.0,0.0,0.0,0.0,0.0,0.0,0.0,0.0,0.0,0.0,0.0,0.0,0.0,0.0,0.0,0.0,0.0,0.0,0.0,0.0,0.0,0.0,0.0,-0.02154247140875051,0.0,0.0,0.0,0.0,0.014263729521093579,0.0,0.0,0.0,0.0,0.0,0.0,0.0,-0.0007744156505119562,0.0,0.0,0.0,0.0,0.0,0.0,0.0,0.0,0.04952185831375611,0.0,0.0,0.0,0.0,0.0,0.0,0.012667755652596119,0.0,0.0,0.0,0.014996213073763726,0.0,0.0,0.0,0.0,0.0,0.0
EME,2026-04-30,1,0.9274,0.0,0.0,0.0102399793103957,0.0,0.0,0.0,0.0,0.0,0.0,0.014590724307166384,0.0,0.0,0.0,0.0,0.0,0.0,0.0,0.0,0.0,0.0,0.0,0.0,0.0,0.0,0.0,0.0,0.0,0.0,0.0,0.0,0.0,0.0,0.0,0.0,0.0,0.0,0.0,0.0,0.0,0.0,0.0,0.0,0.0,0.0,0.0,0.0029674547945429935,0.0,0.0,0.0,0.0,-0.02052544408955819,0.0044913206442614845,0.005959016891067543,0.0,0.0,0.0,0.0,0.0,0.009182457603781806,0.0,0.0,0.0,0.0,0.0,0.0,0.011874914097211135,-0.0005658339385767659,0.0,0.0,0.0,0.0,0.0,0.0,-0.0026071455580086453,0.0,0.0
BRKR,2026-04-30,1,0.7812,0.0,0.0,0.0,0.04995679314716071,0.021094106135073457,0.0,0.0,0.0,0.024592373770790765,0.0,0.0,0.00837579524962212,0.08373699784243527,0.010488944219794094,0.0,0.0,0.0,0.0,0.0,0.0,0.0,0.0,0.0,0.0,0.0,0.0,0.0,0.0,0.0,0.0,0.0,0.0,0.0,0.0,0.0,0.0,0.0,0.0,0.008009949113898974,0.0,0.0,-0.0013450170384353285,0.0,0.0,0.0,0.0,0.0,0.0,0.0,0.003717051193049776,0.0,0.0,0.0,0.0,0.0,0.0,0.0,0.0,0.01238575898163595,0.0,0.0,0.0,0.0,0.0,0.0,0.0,0.0,0.0,0.0,0.0,0.0,0.0,0.0,0.0,0.0,0.0
WMT,2026-04-29,1,0.7009,0.0,0.0,0.01396997554926784,0.010042357561866957,0.0,0.0,0.0,0.0,0.0,0.0,-0.008300400930239165,0.0,0.0,0.0,0.0,0.0,-0.05248515380034475,0.0,0.0,0.0,0.0,0.0,0.0,0.0,0.0,0.0,0.0,0.0,0.0,0.0,0.0,0.0,0.0,0.0,0.0,0.0,-0.0019997420140484665,0.0,0.0,0.0,0.0,0.0,0.0,0.0,-0.004156219766156088,0.0,0.0,0.0,0.0,0.0,-0.014380360644303411,0.0,0.0,0.0,0.0,-0.01176387574245969,0.0,0.0,0.0,0.0,0.0,0.0,0.011356689049994007,0.0,0.0,0.0,0.0,0.0,0.0,0.0,0.0,-0.004809558162356329,0.0,0.0,0.0,0.0
PUBM,2026-04-29,1,0.7283,0.0,0.0,0.0,0.0,0.0,0.0,0.0,0.0,0.0,0.0,0.0,0.0,0.0,-0.004715348103240979,0.0,0.03680850581846235,0.0,0.07514123049528194,0.0,0.0,0.0,0.0,0.0,0.0,0.0,0.0,0.0,0.0,0.0,0.0,0.0,0.0,0.0,0.0,0.0,0.0,0.0,0.0,0.0,0.0,0.0,0.0,0.0,0.0,0.0,0.0,0.0,0.006242560894611101,0.0,0.0,0.07711600792166001,0.0,0.0,0.0,0.0,0.0,0.04687874896868626,0.0,0.0,-0.018652954272386328,0.0,0.0,0.0,0.0,0.0,0.007076884354544915,0.0,0.0,0.0,0.0,0.0,0.0,0.0,0.0,0.0,0.0
AAPL,2026-04-29,1,0.7057,0.0,0.0,0.0,0.0,0.0,-0.008023442335969515,0.0,0.0,0.0,0.0,0.0,-0.005614378021047694,0.0,0.0,0.0,0.0,-0.012268350809513169,0.005631494522298813,0.0,0.0,0.0,0.0,0.0,0.0,0.0,0.0,0.0,0.0,0.0,0.0,0.0,0.0,0.0,0.0,0.0,0.0,0.0,0.0,0.006849067489607321,-0.009035991810341842,0.0,0.0,0.0,0.0,0.0,-0.008659348596619751,0.0,3.0593589661654245e-05,0.0,0.004367616319308482,0.0,0.0,0.0,0.0,0.0,0.0,0.0,0.0,0.0,0.0,0.0,0.0,0.0,0.0,0.0,0.0,0.0,0.0,0.0,0.0033816636096596015,0.0,0.0,0.0,0.0,0.0,0.0
HUM,2026-04-28,1,0.7053,0.0,0.0,0.0,0.0,0.005074955384821387,0.0,0.009039600613091553,0.0,0.0,0.0,0.0,0.0,0.019751516553822394,0.0,0.0,0.0,0.0,0.0,0.0,-0.024522614874790877,0.0,0.0,0.0,0.0,0.0,0.0,0.0,0.0,0.0,0.0,0.022838451130437174,0.0,0.0,0.0,0.0,0.0,0.007027653692271382,0.0,0.0,0.0,0.0,0.0,0.0,0.0,0.0,-0.014869108027944477,0.0,0.0,0.0,0.0,0.0,0.0,0.0,0.015781878531120095,0.016124751445796472,0.0,0.0,0.0,0.0,0.0,0.0,0.0,0.0,0.0,0.0,0.08278909513129297,0.0,0.0,0.0,0.0,0.0,0.0,0.0,0.0,0.0,0.0
NVDA,2026-04-27,1,0.7947,0.0,-0.0176421623724752,-0.030687149364897612,0.011233093127029904,0.0,0.0,0.0,0.0,0.0,0.0,-0.004754569808460424,0.0,0.0,0.0,0.0,0.0,-0.00329943111899701,-0.005616459476464891,0.0,0.0,0.0,0.0,0.0,0.0,0.0,0.0,0.0,0.0,0.0,0.0,0.0,0.0,0.0,0.0,0.0,0.0,-0.16478183012941994,0.0,0.0,0.0,0.0,0.0,0.0,0.0,0.0,0.0,0.0,0.0,0.0,0.0,0.0,0.0,0.0,-0.006298629670568308,-0.019235216154828854,0.0,0.0,0.0,0.0,0.0,0.0,0.0,0.0,0.0,0.0,0.0,0.0017393704977021435,0.0,0.0,0.0,0.0,0.0,0.0,0.0,0.0,0.0
HUM,2026-04-27,1,0.7088,0.0,0.0,0.0,-0.01124799622989459,0.0028107522702562355,0.043397157807377046,0.014090316441175227,0.005718739524939237,0.0,0.0,0.005756717428595515,0.0,0.02930601780737417,0.0,0.0,0.0,0.0,0.0,0.0,0.0,0.0,0.0,0.0,0.0,0.0,0.0,0.0,0.0,0.0,0.0,0.0,0.0,0.0,0.0,0.0,0.0,0.013671810312940796,0.0031978743835416944,0.0,0.0,0.0,0.0,0.0,0.0,0.0,0.0,0.0,0.0,0.0,0.0,0.0,0.0,0.0,0.0,0.0,0.0,0.0,0.0,0.0,0.0,0.0,0.0,0.0,0.0,0.0,0.03474585551112659,0.0,0.0,0.0,0.0,0.0,0.0,0.0,0.0,0.0,0.0
LIN,2026-04-24,1,0.713,0.0,0.0,0.0,0.0,0.0,0.0,0.0,0.0,0.0,0.0,0.016239048412780864,-0.03554752666719338,0.0,0.0,-0.042906371129463654,0.0,0.0,0.0,0.0,0.0,0.0,0.0,0.0,0.0,0.0,0.0,0.0,0.0,0.0,0.0,0.0,0.0,0.0,0.0,0.0,0.0,-0.0862992497224712,0.0,0.0,0.0,0.0,0.0,0.0,-0.007563772417804704,0.0,0.0,0.0,0.0,0.0,0.0,-0.017967644872368203,0.0,0.0,-0.04707632680244593,0.0,0.0,0.0,0.0,-0.005278783225035009,0.0,0.0,0.0,0.0,0.0,0.0,0.0,0.0,0.0,0.0,0.0,0.0,0.0,0.0,0.0,-0.027825651644883837,0.0
BRKR,2026-04-24,1,0.709,0.0,0.0,0.0,0.028997707101046596,-0.006313859368194434,0.02345729301912641,-0.01645746375596123,0.0,0.0,0.0,0.0,0.0,0.0,-0.015121111087405697,0.0,0.0,0.0,0.0,0.0,0.0,0.0,0.0,0.0,0.0,0.0,0.0,0.0,0.0,0.0,0.0,0.0,0.0,0.0,0.0,0.0,0.0,0.0,-0.03534513909850234,0.0,0.0,0.0,0.0,0.0,0.0,0.0,0.0,0.011432432593321037,0.0,0.0,0.0,0.0969721942996619,0.0,0.0,0.0,0.029089012264454078,0.0,0.0,0.0,0.0,0.0,0.0,0.0,0.0,0.0,0.0,-0.003388564838575414,0.0,0.0,0.0,0.0,0.0,0.0,0.0,0.0,0.0,0.0
XLU,2026-04-24,1,0.7804,0.0,0.0,-0.007049896106528515,-0.010345830030985324,0.0,0.0,0.0,0.0,0.0,0.0,0.0,0.0,0.0,0.0,0.0,0.0,-0.01601070324110501,0.0,0.0,0.0,0.0,0.0,0.0,0.0,0.0,0.0,0.0,0.0,0.0,0.0,0.0,0.0,0.0,0.0,0.0,0.0,0.0,-0.012624951971654013,-0.012545644519522182,0.0,0.0,0.0,0.0,0.0,0.00047132789245874466,0.0,0.0,0.0,0.0,0.0,0.0,0.0,0.0,-0.03068722407382478,0.09272880954825621,0.0,0.0,0.0,0.0,0.0,0.0,0.0,0.0,0.0,-0.01270076972868382,0.0,0.0,0.0,0.0,0.0,0.0,0.0,0.0,-0.01328196087479819,0.0,0.0
LIN,2026-04-23,1,0.7582,0.0,0.0,0.0,0.0,0.0,0.0,0.0,0.039170792727990844,0.0,0.0,-0.014354306202934881,0.0,0.0,0.0,0.0,0.0,0.0,0.0,0.0,0.0,0.0,0.0,0.0,0.0,0.0,0.0,0.0,0.0,0.0,0.0,0.0,0.0,0.0,0.0,0.0,0.0,-0.041544206856508545,-0.006864371184904323,0.0,-0.004718748348628496,-0.016893933202554515,0.0,0.0,0.0,0.0,0.0,0.0,0.0225987471274125,0.0,0.0,-0.06970674171038609,0.0,0.0,0.0094604520434873,0.0,0.0,0.0,0.0,0.0,0.0,0.0,0.0,0.0,0.0,0.0,0.0,0.0,0.0,0.0,0.0,0.0,0.0,0.0,0.0,0.0,-0.025657295795192173
XLU,2026-04-23,1,0.7702,0.0,0.0,0.0460857791163372,0.0,0.0,0.0,0.0,0.0,0.0,0.0,-0.026280519436321457,0.0,0.0,0.0,0.0,0.0,-0.02249847500399696,0.0,0.006874068199089034,0.0,0.0,0.0,0.0,0.0,0.0,0.0,0.0,0.0,0.0,0.0,0.0,0.0,0.0,0.0,0.0,0.0,0.0,0.0,0.0,0.0,0.0,0.0,0.0,0.0,0.0,-0.004111564085681683,0.0,0.010325852328886217,0.0,0.0,0.0,0.0,0.0,0.0,0.10651983041516602,0.0,0.0,0.0,0.0,0.0,0.0,0.0,0.0,0.0,-0.0051703768374468904,0.024305121529534818,0.0,0.0,0.0,0.0,0.0,0.0,0.0,0.0,0.0,0.0
XLI,2026-04-23,1,0.7234,-0.0050236715339587856,0.0,-0.022841565561611425,-0.009941895933934847,0.0,0.0,0.0,-0.007486940543695494,0.0,0.0,-0.019425753646772462,0.0,0.0,0.0,0.0,0.0,0.0,0.0,-0.012379085349071395,0.0,0.0,0.0,0.0,0.0,0.0,0.0,0.0,0.0,0.0,0.0,0.0,0.0,0.0,0.0,0.0,0.0,-0.04160712290440538,0.0,0.0,0.0,0.0,0.0,0.0,0.0,0.0,0.0,0.0,-0.004239830119962189,0.0,0.0,0.0,0.0,0.0,0.001219597263602255,0.0,0.0,0.0,0.0,0.0,0.0,0.0,0.0,0.0,0.0,0.0,0.0,0.0,0.0004778717402727252,0.0,0.0,0.0,0.0,0.0,0.0,0.0,0.0
IREN,2026-04-23,1,0.7465,0.0,0.0,0.0,-0.002318712492803167,0.0,0.0,0.0,0.0,0.0,0.0,0.0,0.0,0.025050585806054265,0.0,-0.003530333831107398,0.0,-0.021608375156480827,0.0,0.0,0.0,0.0,0.0,0.0,0.0,0.0,0.0,0.0,0.0,0.0,0.0,0.0,0.0,0.0,0.0,0.0,0.0,-0.01031330002673164,0.0,0.0010808180853715756,0.0,-0.013146706968237401,0.0,0.0,0.0,0.0,0.0,0.0,0.0,0.0,0.0,0.0,0.0,-0.003995917820949629,0.0,-0.03483879046042834,0.0,0.0,0.0,0.0,0.0,0.0,0.0,0.0,0.0,0.0,-0.012691057007518478,0.0,0.0,0.0,0.0,0.0,0.0,0.0,0.0,0.0,0.0
EME,2026-04-22,1,0.7451,0.0,-0.005270464013424833,0.0,0.0,-0.002608049826423466,0.0,0.0,-0.00952756289607985,-0.031100952218954533,0.0,0.0,0.0,0.0,0.0,-0.010399640071040968,0.0,-0.009959252522992556,0.0,0.0,-0.005355191778768295,0.0,0.0,0.0,0.0,0.0,0.0,0.0,0.0,0.0,0.0,0.0,0.0,0.0,0.0,0.0,0.0,-0.005479440726888137,0.0,0.0,0.0,0.0,0.0,0.0,0.0,0.0,0.0,0.0,0.0,0.0,0.0,-0.0038789715967787203,0.0,0.0,0.0,0.0,0.0,0.0,0.0,0.0,0.0,0.0,0.0,0.0,0.0,0.0,0.0,0.0,0.0,0.0,-0.01031496871924779,0.0,0.0,0.0,0.0,0.0,0.0
GEV,2026-04-22,1,0.7369,0.0,0.0,-0.21841209702242476,0.0,0.0,-0.030028052551876443,0.0,0.0,0.0,0.0,-0.008410154530812617,0.0,0.0,0.0,-0.02263937135966937,0.0,0.0,0.0,0.0,0.0,0.0,0.0,0.0,0.0,0.0,0.0,0.0,0.0,0.0,0.0,0.0,0.0,0.0,0.0,0.0,0.0,0.0,0.0,-0.04051517055649845,0.0,-0.017731785420911788,0.0,0.0,0.0,0.0,0.0,0.0019144101959365073,0.0,0.0,0.0,0.0,0.0,0.0,-0.030271072316252076,0.0,0.0,0.0,0.0,-0.06759664435298862,0.0,0.0,0.0,-0.003642927336993683,0.0,0.0,0.0,0.0,0.0,0.0,0.0,0.0,0.0,0.0,0.0,0.0,0.0
VKTX,2026-04-22,1,0.719,0.0,0.0,0.0,0.0,-0.013929678997091821,0.0,0.0,0.0,0.0,0.0,0.005359546612371698,0.00950486423469342,0.0,0.0,0.0,0.0,0.0,0.0,0.0,0.0,0.0,0.0,0.0,0.0,0.0,0.0,0.0,0.0,0.0,0.0,0.008774530738653297,0.0,0.0,0.0,0.0,0.0,0.01288730122531704,0.0,0.007307070422352492,0.0,0.0,0.0,0.0,0.0,0.0,0.0,0.0,0.0,-0.006980042680923241,0.0,0.0,0.0,0.0,0.0,0.0017951208199941894,0.0,0.0,0.0,0.0,0.0,0.0,0.0,0.0,0.0,0.0,0.0,0.0,0.0,0.0,0.0,0.0,0.0,0.0,0.0,0.00669913920181317,0.0
ORIC,2026-04-22,1,0.7043,0.0,-0.00876160853077465,0.0,0.0,0.0,0.0,0.0,0.0,0.0,0.0,0.0,0.0,0.0,0.0,0.0,0.06666638841769065,0.0,-0.002159361194736794,-0.002822852177983313,0.0,0.0,0.0,0.0,0.0,0.0,0.0,0.0,0.0,0.0,0.0,0.0,0.0,0.0,0.0,0.0,0.0,0.0,0.0,0.0,0.0,0.0,0.0,0.0,0.0,0.0,0.0,0.0,0.0,-0.00039743112830025183,0.0,0.0,-0.0014876058015355054,0.0,0.0,0.0,0.0,-0.02341493865449528,0.0,0.0,0.0,0.0,0.0,-0.0024967898706567066,0.0,0.0,-0.0023292275626413377,0.0,0.0,0.0,0.0,0.0,0.0,0.0,0.0,0.0,0.000715641013182911
NVDA,2026-04-22,1,0.794,0.0,0.0,0.0,0.0,0.0,0.0,0.0,0.0,0.0,0.0,0.0,0.0,0.0117695104842252,0.0,0.0,0.0,0.0,0.0,0.0,0.007103054557078945,0.0,0.0,0.0,0.0,0.0,0.0,0.0,0.0,0.0,0.0,0.0,0.0,0.0,0.0,0.0,0.0,-0.03771322080238649,0.01157686291900739,0.01118958986312745,0.0,0.009943067853763253,0.0,0.0,0.012573041304220788,0.0,0.0,0.0,0.0,0.0,0.0,0.0,0.0,0.0,0.0,0.0,0.0,0.0,0.0,0.0,0.0,0.0,0.0,0.0,0.0,0.0,0.0,0.015853699374088752,0.0,0.0,0.0,0.0,0.0,0.0,0.012214122979097502,0.0,0.012686154446096337
LLY,2026-04-22,1,0.7094,0.0,0.0,0.0,-0.026452473714017474,-0.08044861910713293,0.0,0.0,0.0,0.0,0.0,0.0,0.0,0.0,0.0,0.0,0.0,0.0,0.0,0.0,0.0,0.0,0.0,0.0,0.0,0.0,0.0,0.0,0.0,0.0,0.0,0.0,0.0,0.0,0.0,0.0,0.0,-0.06464008217486589,0.0,0.0,0.0,0.0,0.0,0.0,0.0,0.0,0.0,0.0,0.0,0.0,-0.07611368069928756,-0.020387660961843735,0.0,-0.0005628487003267791,0.0,0.0,0.0,0.012713294676981781,0.0,0.0052399217964886596,0.0,0.0,0.0,-0.02566458816843745,0.0,0.0,0.0,0.0,0.0,0.0,0.0,0.0,0.0,0.0,-0.019981193360663785,0.0,0.0
EME,2026-04-21,1,0.7601,0.0,0.0,0.0,0.01713594731954045,0.0,0.0,0.0,0.0,0.0,0.0,0.0,0.0,0.0,0.0,-0.0018709802550943829,0.0,0.005127934646813803,0.0,0.0,0.0,0.0,0.0,0.0,0.0,0.0,0.0,0.0,0.0,0.0,0.0,0.0,0.0,0.0,0.0,0.0,0.0,0.0,0.0,0.0,0.0,0.0,0.0,0.0,0.0,0.0,0.0,0.0,-0.007372118524909429,0.0,0.0,-0.015423317926915009,0.0,0.0,0.0,0.0,0.0,0.0,0.0,0.0,0.026108321322580372,0.0,0.0,0.0,0.0,0.0,0.0027335990460105736,-0.004241500826674204,0.0,0.0,0.0,0.0,0.0,0.0,0.0012060734501275698,-0.005226266463828915,0.0
USAR,2026-04-21,1,0.8556,-0.0012250541946314329,-0.0024249660178818104,0.0,0.0,0.0,0.0,0.0,0.0,0.0,0.0,0.0,0.0,0.0,0.0,0.0,0.0021633132007375148,-0.012872763396837544,0.0,0.0,0.0,0.0,0.0,0.0,0.0,0.0,0.0,0.0,0.0,0.0,0.0,0.0,0.0,0.0,0.0,0.0,0.0,0.0,0.0,0.0,0.0,0.0,0.0,0.0,0.0,0.0,0.0,0.0,0.0,0.0,0.010634030579889677,0.0,0.0,0.0,0.0,0.0,0.0,0.0,0.0,0.01229698425796578,0.005052219795107593,0.0,0.005812153036264329,0.0,0.0,0.0,0.0,0.0,0.0,0.0,0.0,0.0,0.0,0.0,0.0,0.0,0.0024597376539520262
EME,2026-04-20,1,0.7569,0.0,0.0,0.0,0.0,0.0,0.0,0.0,0.014448074182231133,0.00272166318665013,0.0,0.0,0.0,0.0,0.002556375935871834,0.0,0.011331215059699895,0.0,0.006020993200213873,0.0,0.0,0.0,0.0,0.0,0.0,0.0,0.0,0.0,0.0,0.0,0.0,0.0,0.0,0.0,0.0,0.0,0.0,0.0,0.0,0.0,0.0,0.0,0.0,0.0,0.0,0.0,0.0,0.0,0.0,0.026198600831064057,0.0,-0.013667390417413466,0.0,0.0,0.0,0.0,0.0,0.0,0.0,0.0,0.0,0.0,0.0,0.0,0.0,0.0,0.0,0.0,0.0,0.002921864982236755,0.003961050217539793,0.0,0.0,0.0,0.0,0.0,0.0050381298558336025
DLR,2026-04-20,1,0.7552,0.0,-0.013028942009143217,-0.011334970418670973,0.0,0.0,0.0,0.0,0.0,0.0,0.0,0.0,0.0,0.0,0.0,0.0,-0.009137660260447322,0.0,0.0,0.0,0.0,0.0,0.0,0.0,0.0,0.0,0.0,0.0,0.0,0.0,0.0,0.0,0.0,0.0,0.0,0.0,0.0,-0.016212757478773775,0.0,0.0,0.0,0.0,0.0,0.0,0.0,-0.01114397145147953,0.0,0.0,0.0,-0.018124245646052316,0.0,-0.002588091710513859,0.0,0.0,-0.028068192517586073,0.0,0.0,0.0,0.0,0.0,0.0,-0.014399209520049893,0.0,0.0,0.0,0.0,0.0,0.0,0.0,0.0,0.0,-0.0101837947731716,0.0,0.0,0.0,0.0,0.0
XLI,2026-04-20,1,0.738,0.0,0.0,0.0,0.0,0.0,-0.017113897905920158,0.0,0.0,0.0,0.0,0.010630606622659914,0.010482797049827254,0.0,0.0,0.0,0.0,0.0,0.004727602729627103,0.0,0.0,0.0,0.0,0.0,0.0,0.0,0.0,0.0,0.0,0.0,0.0,-0.006469545075144592,0.0,0.0,0.0,0.0,0.0,-0.04026863935560897,0.0,0.0,0.0,0.0,0.0,0.0,0.0,0.0,0.0,0.0,0.0,0.0,0.00278405792058573,0.0,0.0,0.0,0.0,-0.001858579028500778,0.0,0.0,0.0,0.0,0.0,0.0,0.0,0.0,0.0,0.0,0.0,0.0,0.0,0.0,-0.00010250533856597001,0.0,-0.0043939833433761155,0.0,0.0,0.0,0.0
XLF,2026-04-20,1,0.7052,0.010574779293330387,0.0,0.0,0.0,0.0,0.0,-0.046559360872619256,0.0,0.0,0.0,0.0,0.0,0.0,0.0,0.0,0.0,-0.010187278409012474,0.0,-0.00028794032115626693,0.0,0.0,0.0,0.0,0.0,0.0,0.0,0.0,0.0,0.0,0.0,0.0,0.0,0.0,0.0,0.0,0.0,0.0,0.0,0.0,0.0,0.0,0.0,0.0,-0.013941372145632245,0.0,0.0,0.0,0.0,-0.0017303386187925637,0.0,0.0,0.0,0.0,0.0,0.029129773535822644,0.005732435285000227,0.0,0.0,0.0,0.001397206081605355,0.0,0.0,0.0,0.0,0.0,0.0,0.0,0.0,0.0,0.0,0.0,0.0,0.0,0.0,0.0,-0.0028314729792350843
XLI,2026-04-17,1,0.8531,0.0,0.0,0.0,0.0,0.0,-0.0014849717185821995,0.0,0.0,0.0,0.0,0.0,0.0,0.0,0.005740801415930643,0.0,0.0,-0.013678657882044372,0.0,0.0,0.0,0.0,0.0,0.0,0.0,0.0,0.0,0.0,0.0,0.0,0.0,0.0,0.0,0.0,0.0,0.0,0.0,-0.05998308590094828,0.0,0.0018188707126508136,0.0,-0.0157957737600106,0.0,0.0,0.0,-0.0006966470987855532,0.0,0.0,0.0,0.0,0.0,0.0,0.0,0.0,0.0,-0.005300602610870408,0.0,0.0,0.0,0.0,0.0,0.0,0.0,0.0,0.0,-0.007392278357133986,0.0,0.0,0.0,0.0,0.0,0.0,0.0,0.0,0.0,0.0,0.0
USAR,2026-04-17,1,0.7399,0.0,0.0,0.0,0.0,0.0,0.0,0.0,0.0,0.0,0.0,0.0,0.0,0.0,0.0,0.0,0.0,-0.0016558950417015909,0.0,0.0,0.0,0.0,0.0,0.0,0.0,0.0,0.0,0.0,0.0,0.0,0.0,0.0,0.0,0.0,0.0,0.0,0.0,0.0,0.0,-0.0034017781240384764,0.008413639447913623,-0.0021168579556502557,0.0,0.0,0.0,0.0,0.0,0.0,0.0,0.0,0.016861268394376145,0.0,0.0,0.0,0.0,0.0,0.0,0.0023966386044223797,0.0,0.012076903430192307,0.0,0.0,0.0,-0.00221356505302442,0.0,-0.005655136111005533,0.0,-0.0028095626769180496,0.0,0.0,0.0,0.0,0.0,0.0,0.0,0.0,0.0
HUM,2026-04-17,1,0.7483,0.0,0.0,0.014895373864020513,0.009578713865011386,0.0,0.02234054508842595,0.0,0.0,0.0,0.0,0.0,0.0,0.024369505665538832,0.0,0.0,0.0,0.0,0.0,0.0,0.0,0.0,0.0,0.0,0.0,0.0,0.0,0.0,0.0,0.0,0.0,0.0,0.0,0.0,0.0,0.0,0.0,0.03492998552191463,0.017264648807723625,0.0,0.0,0.0,0.0,0.0,0.0,0.0,0.0,0.08530808387835742,0.0,0.0,0.01572503434250329,0.0,0.0,0.0,0.0,0.0,0.0,0.0,0.0,0.0,0.0,0.0,0.0,0.0,0.0,0.0,0.012930172141910692,0.0,0.0,0.0,0.0,0.0,0.0,0.0,0.0,0.0,0.02170193902337666
BA,2026-04-17,1,0.7004,0.0,0.0,0.0,0.0,0.0,0.0,0.006585458273652485,0.0,0.0,-0.0003363987654447719,0.0,0.0,0.0,0.0,0.0,-0.07957210131966354,0.014028661951922192,0.00851070347437495,0.0,0.0,0.0,0.0,0.0,0.0,0.0,0.0,0.0,0.0,0.0,0.0,0.0,0.0,0.0,0.0,0.0,0.0,0.0,0.0,0.0,0.0,0.0,0.0,0.0,0.0,0.0,0.0,0.0,0.0,0.0,0.0,-0.014949562418115849,0.0,0.0,0.0,0.0,0.0,0.0,0.0,0.002706712163076241,-0.009807156549368146,0.0,0.0,0.0,0.0,0.0,0.0,0.0,0.0,0.0,0.0,0.006210524446088842,0.0,0.0,0.0,-0.0061437883469765125,0.0
XLU,2026-04-16,1,0.8176,0.0,0.0,0.0,0.0,0.0,0.0,0.030536941914337676,-0.039146777839225294,0.0,0.0,-0.005847415376211093,0.0,0.0,0.0,0.0,0.0,-0.06330319729924173,0.0,0.0,0.0,0.0,0.0,0.0,0.0,0.0,0.0,0.0,0.0,0.0,0.0,0.0,0.0,0.0,0.0,0.0,0.0,0.0,0.0,0.0,0.0,0.009529372306188786,0.0,0.0,0.0,0.0,0.0,0.0,0.0,0.0,0.0,-0.015445102710602163,0.0,0.0,0.0,0.08278906827528518,-0.0280710029441607,0.0,0.0,0.0,0.0,0.0,0.0,0.0,0.0,0.0,0.0,-0.03798654927715337,0.0,0.0,0.0,0.0,0.0,0.0,0.0,0.0,0.0
WMT,2026-04-16,1,0.7763,0.0,0.0,0.0,0.0,0.0,0.0,0.0,0.0,0.0,0.0,0.0,0.0,0.0,0.0,0.0,0.0,0.0,0.0009457965282761808,0.0,0.0,0.0,0.0,0.0,0.0,0.0,0.0,0.0,0.0,0.0,0.0,0.0,0.0,0.0,0.0,0.0,0.0,-0.015278655168436794,0.0,0.0,-0.005788093372321116,0.0,-0.018121535293773843,0.0,0.0,0.0,0.0,0.0,0.020214607411779054,0.0,0.0,-0.017597906408589957,-0.016314505174060752,0.0,0.0,0.0,-0.004760122131704464,0.0,0.0,0.0,0.0,0.0,0.0,0.0,0.0,-0.0023868705405018253,0.0047839936312154,0.0,0.0,0.0,0.0,0.0,0.0,0.0,0.0,0.0,0.0
ETN,2026-05-04,0,0.7059,0.0,0.0,0.0,0.0,0.0,0.0,0.0,0.0,0.0,0.0,-0.006100806127131676,0.0,0.011520782055463006,-0.021627635984815142,0.0,0.0,0.0,0.0,0.0,0.0,0.0,0.0,0.0,0.0,0.0,0.0,0.0,0.0,0.0,0.0,0.0,0.0,0.0,0.0,0.0,0.0,0.0,0.0,0.0,0.0,0.0,0.0,0.0,0.0,-0.005974774468033624,0.0,0.0,0.010382798148392137,0.005494204145240845,0.0,0.0,0.0,0.008429576084206653,0.0,0.0,0.0,0.006534057371782901,0.0,0.0,0.0,0.0,0.0,0.0,0.0,-0.007478364990724854,0.0,0.0,0.0,0.0,0.0,0.0,0.0,0.0,0.0,0.0,0.009651069064980233
XLI,2026-05-04,0,0.9168,0.0,0.0,0.0,0.0,-0.01475733703787882,-0.02664687838323666,0.0,0.0,-0.014955723114068776,0.0,0.0,0.0,-0.005148658572419459,0.0,0.0,0.0,0.0,0.0,0.0,0.0,0.0,0.0,0.0,0.0,0.0,0.0,0.0,0.0,0.0,0.0,0.0,0.0,0.0,0.0,0.0,0.0,-0.0254996850091917,0.0,0.0,0.0,0.0,0.0,0.0,0.0,-0.0022677115953727164,0.0,0.0,0.0,0.0,0.0,0.0,0.0,-0.026333208511219734,0.0,0.0,0.0,-0.0026356223758392237,0.0,0.0,0.0,0.0,0.0,0.0,0.0,-0.026379208939837945,0.0,0.0,0.0,-0.021240014448096776,0.0,0.0,0.0,0.0,0.0,0.0,0.0
VZ,2026-05-04,0,0.8019,0.003792271870832176,0.0,0.0,0.0,0.0,0.0,0.0033659454683056963,0.0,0.012906662193267962,0.0,0.0,0.0,0.0,0.0,0.0,0.0,0.0,0.0,0.0,0.0,0.0,0.0,0.0,0.0,0.0,0.0,0.0,0.0,0.0,0.0,0.0,0.0,0.0,0.0,0.0,0.0,0.005628725073454666,0.0,0.001750678304731343,0.0,0.0,0.0,0.0,0.0,0.0,0.0,0.0,0.0,0.0,0.0,0.0,0.0,0.0,0.01793258608584297,0.0,0.0,0.0,0.0,0.0,0.0,0.0,0.0,0.0,0.0,0.0,0.0015375047187221203,0.0,0.0,0.0,0.017132329230484473,0.002018527016760553,0.0,0.0,0.004218928804647566,0.0,0.0
ORIC,2026-05-04,0,0.7407,0.0,0.0,0.0,0.0,0.0,0.0,-0.006175624979435024,0.0,0.0,0.0,0.01905125535502159,0.0,0.0,0.0,0.0,0.05812845463227029,0.0,0.0,0.0,0.0,0.0,0.0,0.0,0.0,0.0,0.0,0.0,0.0,0.0,0.0,0.0,0.0,0.0,0.0,0.0,0.0,0.011671081784314656,0.0,0.0,0.0,0.0,0.0,0.0,-0.0009430329525820954,0.0,0.0,0.0,0.0,0.005431192351500758,0.0,0.0,0.0,0.0,0.0,0.0,0.0,0.0,0.0,0.0,0.0,-0.002026358146617153,0.0,0.007188727215999283,0.0,0.0,0.0,0.0,0.0,0.004137503067326579,0.0,0.0,0.0,0.0,0.0,0.0,0.0
XLI,2026-05-01,0,0.7713,-0.00503034554499485,0.0,0.006844241303067919,0.0,-0.022559653642364143,-0.0061258111082540204,0.0,0.0,0.0,0.0,0.0,0.0003969167600572354,0.0,0.0,0.0,0.0,0.0,0.0,0.0,0.0,0.0,0.0,0.0,0.0,0.0,0.0,0.0,0.0,0.0,0.0,0.0,0.0,0.0,0.0,0.0,0.0,-0.028799298425533405,0.0,0.0030168876841658874,0.0,0.0,0.0,0.0,0.0,0.0,0.0,0.0,0.0,0.0,0.0,-0.007173728727587402,0.0,0.0,0.0,0.0,0.0,0.0,0.0,0.0,0.0,0.0,0.0,0.0,0.0,0.0,0.0,0.0,-0.003839437872780655,0.0,0.009285509427822325,0.0,0.0,0.0,0.0,0.0,0.0
XLE,2026-05-01,0,0.7112,0.006510404821348368,0.0,0.0,0.0,0.0,0.0009943937182361935,-0.006962268740669366,0.0,0.0,0.0,0.0,0.0,0.0057297445135335665,0.0,0.0,0.006474802303946212,0.0,0.0,0.003949091339774337,0.0,0.0,0.0,0.0,0.0,0.0,0.0,0.0,0.0,0.0,0.0,0.0,0.0,0.0,0.0,0.0,0.0,0.0,0.0,0.0,0.003155283894894813,0.0,0.0,0.0,0.0,0.0,0.0,0.00603257445894392,0.0,0.0023211448842540925,0.0,0.0,0.0,0.0,0.0,0.0,0.0,0.0,0.0,0.0,0.0,0.0,0.0,0.0,0.0,0.0,0.0,0.0,0.0,0.0,0.002536477575110672,0.0,0.0,0.0,0.0,0.0,0.0
SMCI,2026-05-01,0,0.757,0.0,0.017904079248792597,0.0,0.0,0.0,0.0,0.0,0.0,0.0,0.0,0.0,0.0,0.002829178389103284,0.0,0.0,0.0,0.0,0.01705113931348757,0.0,0.0,0.0,0.0,0.0,0.0,0.0,0.0,0.0,0.0,0.0,0.0,0.0,0.0,0.0,0.0,0.0,0.0,0.18564554020498436,0.0,0.012492183691383931,0.0,0.0,0.0,0.0,0.011068010592335809,0.0,0.0,0.0,0.0,0.0,0.0,0.0,0.0,0.0,0.06404128228369142,0.0,0.0,0.0,0.0,0.009586487427855972,0.0,0.0,0.0,0.0,0.0,0.0,0.0,0.0,0.0,0.0,0.0,0.012296429067066846,0.0,0.0,0.0005837114304551959,0.0,0.0
NVDA,2026-05-01,0,0.7163,0.0,0.0,-0.003670607922216264,0.0,-0.00576695815336488,0.0,0.0,0.0,0.0,0.0,0.0,0.0,0.0,0.0,0.0,0.0,0.0,0.0,0.0,0.0,0.0,0.0,0.0,0.0,0.0,0.0,0.0,0.0,0.0,0.0,-0.011196659872763177,0.0,0.0,0.0,0.0,0.0,0.005751810150299963,0.0,0.0,0.0,0.0,0.0,0.0,0.0,0.0,0.0,0.009593664882816474,0.0,0.0,0.0,0.0,0.0,0.00221846478673189,-0.005212738624580531,0.003019756553026887,0.0,0.0,0.0,0.0,-0.005722509684264215,0.0,0.0,0.0,0.0,0.0,0.04355204770154606,0.0,0.0,0.0,0.0,0.0,0.0,0.0,0.0,0.0,0.0
HUM,2026-05-01,0,0.7726,0.0,0.03949730364235104,-0.003928783576787183,0.0,0.0,0.030511130602741347,0.0,0.0,0.0,0.0,0.0,0.041419696925949726,0.03556993408048092,0.0,0.0,0.0,0.0,0.0,0.0,0.0,0.0,0.0,0.0,0.0,0.0,0.0,0.0,0.0,0.0,0.0,0.0,0.0,0.0,0.0,0.0,0.0,0.04257030654120027,0.0,0.0,0.0,0.0,0.0,0.0,0.0,0.0,0.0,0.042961992063405945,0.0,0.0,0.0,0.0,0.0,0.0,0.0,0.0,0.0,0.02249602004603246,0.0,0.0,0.0,0.0,0.0,0.01236768235051341,0.0,0.0,0.03609683561802219,0.0,0.0,0.0,0.0,0.0,0.0,0.0,0.0,0.0,0.0
GEV,2026-05-01,0,0.7991,0.0,-0.019201562332090166,0.0990995931705682,0.0,0.0,0.0,0.0,0.0,0.0,0.0,0.0,0.0,0.0,0.0,0.0,0.007628875751050658,-0.0053931019511223414,0.0,0.0,0.0,0.0,0.0,0.0,0.0,0.0,0.0,0.0,0.0,0.0,0.0,0.013212401650652798,0.0,0.0,0.0,0.0,0.0,0.0,0.0,0.01902821048140922,0.0,0.0,0.0,0.0,0.0,0.0,0.0,0.0,-0.0038983439728098868,-0.007649850480753152,0.0,0.0,0.0,0.0,0.0,0.0,0.0,0.0,0.0,0.05218079227689576,0.0,0.0,0.0,0.0,0.0,0.0,0.0,0.0,0.0,0.0,0.001963973092845754,0.0,0.0,0.0,0.0,0.0,0.0
NVDA,2026-04-30,0,0.7134,0.0,0.0,0.0,0.0,0.0,0.0,0.0,0.0,0.0,-0.0011531053337072133,0.007453535528355856,0.0,0.0,0.0,0.010803530542916578,0.003327035120238543,-0.02109665310494376,0.0,0.0,0.0,0.0,0.0,0.0,0.0,0.0,0.0,0.0,0.0,0.0,0.0,0.0,0.0,0.0,0.0,0.0,0.0,-0.019783142367921776,0.0,0.0,0.0,0.0,0.0,0.0,0.0,0.0,0.0,0.0,0.0,0.0,0.0,0.0,0.0,0.005404555502814456,0.0,0.0,0.0,0.0,0.0,0.0,0.0,0.0,0.0,0.0,0.0,0.0,0.050703206746306184,0.0,0.0,0.0,-0.012165763406981892,0.0,0.0,0.0,0.0,0.0,0.00907307059015523
LIN,2026-04-30,0,0.748,0.0,0.0,0.0,0.0,0.0,-0.004858611234115795,-0.017338812032984985,0.0,0.0,0.0,0.0,0.0,-0.03956385705700192,0.0,0.0,0.0,0.0,0.0,0.0,0.02395549455351849,0.0,0.0,0.0,0.0,0.0,0.0,0.0,0.0,0.0,0.0,0.0,0.0,0.0,0.0,0.0,0.0,0.0,0.0,0.0,0.0,0.0,0.0,-0.03836509084621924,0.0,0.0,0.0,0.0,0.011457373637458676,0.0,0.0,-0.020785875812632738,0.0,0.007909771786755511,-0.02577394609610367,0.0,0.0,0.0,0.0,0.005393229201831113,0.0,0.0,0.0,0.0,0.0,0.0,0.0,0.0,0.0,0.0,0.0,0.0,0.0,0.0,0.0,0.0,0.0
ALAB,2026-04-30,0,0.7051,0.0,0.0,0.010065817465063692,0.0,0.0,0.0,0.0303417838345654,0.0,0.0,0.0,0.0,0.0,0.04385536996641914,0.0,0.0,0.0,0.0,0.0,0.0,0.009552191632566917,0.0,0.0,0.0,0.0,0.0,0.0,0.0,0.0,0.0,0.0,0.0,0.0,0.0,0.0,0.0,0.0,0.0,0.0,0.0,0.0,0.0,0.0,0.0,0.0,0.0,0.0,0.0,0.0,0.007325129874146907,0.0,0.0,0.0,0.0,0.0,0.0,0.0,0.0,0.0,0.0013300224631215775,0.0,0.004106278882110675,0.0,0.0,0.0,0.0,0.0,0.0,0.0,0.0,0.0,0.0,0.007318695276228592,0.0,0.0025240114224679313,0.0,0.007099736789057999
XLI,2026-04-29,0,0.7801,0.0,-0.007546949201976539,0.0,0.0,0.0,-0.009606541684308316,0.0,0.0,0.0,0.015707323443461894,0.0,0.0,0.0,0.0,0.0,0.0,-0.011016132185699405,0.0,0.0,0.0,0.0,0.0,0.0,0.0,0.0,0.0,0.0,0.0,0.0,0.0,0.0,0.0,0.0,0.0,0.0,0.0,-0.022447744397129907,0.0,0.0,0.01250135650228566,0.0,0.0,0.0,0.0,0.00740452661423557,0.0,0.0,0.0,0.0,0.0,0.0,0.0,-0.006749950978631611,0.0,0.0,-0.016351005547458945,0.0,0.0,0.0,0.0,0.0,0.0,0.0,0.0,0.0,0.0,0.0,0.0,0.0,0.0,0.0,0.0,0.0,0.0,0.006655192692301181,0.0
VST,2026-04-29,0,0.7499,0.0,0.005000426544059396,0.0,0.0,0.0031355123005516804,0.0,0.0,0.0,0.0,0.0,0.0,-0.002995924015124396,0.0,0.0,0.0,0.0,0.0,0.011417810345843488,0.0,0.0,0.0,0.0,0.0,0.0,0.0,0.0,0.0,0.0,0.0,0.0,0.0,0.0,0.0,0.0,0.0,0.0,0.009647874532332311,0.0,0.0,0.0,0.0,0.0,0.0,0.0,0.0,0.011717970448170741,0.0,0.00027851637907230385,0.0,0.0,0.0,0.0,0.0,0.0,0.0,0.0,0.0,0.0,-0.0008520002146962629,-0.002334305339293165,0.0,0.0,0.0,0.0,0.0,0.0,-0.008290265624256244,0.0,0.0,0.0,0.0,0.0,0.0,0.0,0.0,0.0
VKTX,2026-04-29,0,0.7468,0.003330444228442437,0.0,0.002517007517760116,0.0034183024548360714,0.0,0.0,0.0,0.0,0.0,0.009896498994664797,0.0,0.0,0.0017036055484084822,0.0,0.0,0.0,0.0,0.0,0.0,0.0,0.0,0.0,0.0,0.0,0.0,0.0,0.0,0.0,0.0,0.0,0.0,0.0,0.0,0.0,0.0,0.0,0.0,0.0,0.009717757442595416,0.0,0.0,0.0,0.0,0.0,0.0,0.0,0.0,0.0,0.0,0.0,0.0,0.0,0.0,0.0,0.0,0.03425303646385154,0.0,0.0,0.006280777432717513,0.0,0.0,0.0,0.0,0.0,0.0,0.0,0.0,0.0,0.006526755785128777,0.0,0.0,0.0,0.0,0.0,0.002176980820126868,0.0
TSLA,2026-04-29,0,0.7006,0.0,0.0,0.0,0.0,0.0,0.0,0.0,0.0,0.0,-0.004447711058201409,0.0,0.0,0.0,0.0,0.0,-0.013159442032874603,-0.014006038686145061,0.0,0.0,-0.0065380074649370075,0.0,0.0,0.0,0.0,0.0,0.0,0.0,0.0,0.0,0.0,0.0,0.0,0.0,0.0,0.0,0.0,0.0,0.0,0.0,0.0,0.0,0.0,0.0,0.0,0.0,0.0,-0.0010725663484379992,0.0,0.0,0.0,-0.005737445530735983,0.0,0.0,0.0,0.04357047110825522,0.0,0.0,0.0,0.0,0.0,0.0,0.0,0.0,0.0,0.0,0.0,0.0,0.0,0.0,0.0015097747738271972,0.0,-0.0006674851067312856,0.0,0.0,-0.004283690863528761,0.0
NVO,2026-04-29,0,0.7155,0.0,0.0,0.0,0.0,0.0,0.0,0.0,0.0,0.0,0.0,0.0,0.0,0.0,0.0,0.0,0.006383642943892743,0.009856070655123889,0.0,0.0,0.0,0.0,0.0,0.0,0.0,0.0,0.0,0.0,0.0,0.0,0.0,0.0,0.0,0.0,0.0,0.0,0.0,0.0,0.0,0.003032663188083316,0.0,0.0,0.0,0.0,0.0015145769994623134,0.0,0.0,0.0,0.0021295344027436325,0.0,0.05225614005340819,0.0,0.0,0.0,0.0,0.025549504880223037,0.0,0.0,0.0,0.002769965629987867,0.0,0.0,0.0,0.0,0.0,0.0,0.0,0.0,0.004008299751552902,0.0,0.0,0.0,0.0,0.0,0.0,0.00284436247392986,0.0
NVDA,2026-04-29,0,0.7293,0.0,0.0,0.0,0.000503631338887155,0.0,0.0,0.0,0.0,0.0,0.0,0.0,0.0,0.0,0.0,0.0,0.0,-0.01063950147843033,-0.023972058480276708,0.0,0.0,0.0,0.0,0.0,0.0,0.0,0.0,0.0,0.0,0.0,0.0,0.0,0.0,0.0,0.0,0.0,0.0,-0.08955022699063486,0.0,0.0,0.0,0.0,0.0,0.0,0.0,0.0,0.0,0.0,0.0,0.0,0.0,-0.01082284065487645,0.0,-0.0025340090443158048,0.0,0.0,0.0,0.0,0.0,-0.0031118848539122335,0.0,0.0,0.0,0.0,0.0,0.0,0.0,0.0,-0.007423544232009837,0.0,0.0,0.0,0.0,0.0,-0.0008543216375826489,0.0,0.0
LIN,2026-04-29,0,0.7173,0.0,0.0,0.0,0.0,0.0,-0.027861206117059764,0.0,-0.018953240139924263,0.0,0.0,0.0,0.0,0.0,0.0,0.012035868410952236,0.0,0.0,0.0,0.0,0.0,0.0,0.0,0.0,0.0,0.0,0.0,0.0,0.0,0.0,0.0,0.0,0.0,0.0,0.0,0.0,0.0,0.0,0.0,0.0,0.0,0.0,0.0,-0.006362069712494214,0.0,0.0,0.0,0.0,0.0,0.0,0.014623939271001127,-0.05432096983205139,0.0,0.0,0.0,-0.006649654606044163,0.0,0.0,0.0,0.0,0.0,0.016982838347181884,0.0,0.0,0.0,0.0,0.0,0.0,-0.007760934859296557,0.0,0.0,-0.001998568129395525,0.0,0.0,0.0,0.0,0.0
KVUE,2026-04-29,0,0.7775,0.0,0.005589016211800104,0.0,0.0,0.0,0.0,0.0,0.030590990983833225,0.0,0.0,0.0,0.0,0.0017233942754544956,0.0,0.0,0.0,0.0,0.0,0.0,0.0,0.0,0.0,0.0,0.0,0.0,0.0,0.0,0.0,0.0,0.0,0.0,0.0,0.0,0.0,0.0,0.0,0.0,0.0026949757273751003,0.0,0.0,0.0,0.0,0.0,0.0,-0.01936348259969549,0.0,0.0,0.0,0.0,0.0,0.0,-0.010602839368882996,0.0,0.0,0.0,0.0,0.0,0.0,0.0,0.0,0.0,0.025664816347951976,0.0,0.0,0.007302017516688395,0.0,0.0,0.0,0.0,0.019911268539385865,0.0,0.0,0.0,0.0,-0.0035484052942456245,0.0
IREN,2026-04-29,0,0.7512,0.003690989514945279,0.0,0.005594542337239909,0.0,0.0,0.0,0.0,0.0,0.0,0.0,0.0,0.013424992964892433,0.0,0.0,0.0,0.0,-0.03094849699918739,0.015242461111739469,0.0,0.0,0.0,0.0,0.0,0.0,0.0,0.0,0.0,0.0,0.0,0.0,0.0,0.0,0.0,0.0,0.0,0.0,0.0,0.0,0.0,0.0,0.0,0.0,0.0,0.0,0.0028833453294777696,0.0,0.0004658682301696967,0.0029203696835581085,0.0,0.02748190389763727,0.0,0.0,0.0,0.0,0.0,0.0,0.0,0.0,-0.004826921842072673,0.0,0.0,0.0,0.0,0.0,0.0,0.0,0.0,0.0,0.0,0.0,0.0,0.0,0.0,0.0,0.0,0.0
HY,2026-04-29,0,0.7354,0.0,0.0,0.0,0.0,0.0,0.0,0.0,0.0,0.0,0.0,0.0,0.0,0.026644002732330457,0.0007402988847458348,0.0,0.0,0.11433161931871089,0.0,0.0,0.0,0.0,0.0,0.0,0.0,0.0,0.0,0.0,0.0,0.0,0.0,0.008010902300141074,0.0,0.0,0.0,0.0,0.0,0.0,0.0,0.0,0.0,0.0,0.0,0.0,0.0,0.0,0.0,0.0,0.0027625600749497485,0.0,0.0,0.0,0.0,0.003079070157798819,0.0,0.0,0.0,0.0,0.0,0.004368058600199563,0.0031923473813690786,0.0,0.0,0.0,0.0,0.0,0.0,0.0,0.0,0.008117254470129493,0.0,0.0,0.0,0.0,0.0,0.002800344232820776,0.0
GEV,2026-04-29,0,0.7719,0.0,0.0,0.08367750298931108,0.0,0.0,-0.006799571787131369,0.0,0.035536835143396714,0.0,0.0,0.0,0.0,0.0,0.0,0.0,0.0,0.0,0.0,0.0,0.0,0.0,0.0,0.0,0.0,0.0,0.0,0.0,0.0,0.0,0.0,0.0,0.0,0.0,0.0,0.0,0.0,-0.0057935847176026345,0.01836209094156533,-0.03101854557651569,0.00779145664723697,0.0,0.0,0.0,0.0,0.0,0.0,0.0,0.0,-0.005494841591452655,0.0,0.0,0.0,0.0,0.0,0.0,0.0,0.0,0.0,0.05020956420035505,0.0,0.0,0.0,0.0,0.0,0.0,0.0,0.0,0.0,-0.006634424098427169,0.0,0.0,0.0,0.0,0.0,0.0,0.0
EME,2026-04-29,0,0.8527,0.0,0.03212812516619443,0.0,0.0,0.0,0.0,0.0,0.0,0.004063800711350993,0.0,0.0,0.0,0.0,0.0,0.0,0.02709106023874707,0.0,0.0,0.0,0.0,0.0,0.0,0.0,0.0,0.0,0.0,0.0,0.0,0.0,0.0,0.0,0.0,0.0,0.0,0.0,0.0,0.0,0.0,0.0,0.0,0.0,0.0,0.0,0.0,0.0,0.0,0.014574541847185731,0.0013979471025424518,0.0,0.011987824349843848,0.0,0.0,0.0,0.0,0.0,-0.003914897050398995,0.0,0.0,0.0,0.0,-0.007204821797145468,0.0,0.0,0.0,0.019655466736183874,0.013803743270963686,0.0,0.0,0.0,0.0,0.0,0.0,0.0,0.0,0.0,0.0
CEG,2026-04-29,0,0.7626,0.0,0.031310577129372075,0.0,0.0,0.0,0.0,0.0,0.0,0.0,0.0,0.02483451740546834,0.0,0.0,0.01588332133516248,0.0,0.0,0.011406045968457734,0.0,0.0,0.0,0.0,0.0,0.0,0.0,0.0,0.0,0.0,0.0,0.0,0.0,0.0,0.0,0.0,0.0,0.0,0.0,0.0,0.0,0.0,0.0,0.0,0.0,0.0,0.0,0.0,0.0,0.0,0.0,0.0,0.0056897167682513185,0.009964486798556351,0.0,0.0,0.0,0.0,0.018959960914611447,0.0011009269890576625,0.0,0.05102298759038335,0.0,0.0,0.0,0.0,0.0,0.0,0.0,0.0,-0.007958949324735853,0.0,0.0,0.0,0.0,0.0,0.0,0.0,0.0
BRKR,2026-04-29,0,0.7967,0.0,0.0,0.0,0.023012952551742717,0.02378770594300586,0.018720146447863687,0.0,0.0,0.0,0.0,0.0,0.0,0.0,0.0,0.0,0.001963471725517607,0.006967191321264626,0.0,0.0,0.0,0.0,0.0,0.0,0.0,0.0,0.0,0.0,0.0,0.0,0.0,0.0,0.0,0.0,0.0,0.0,0.0,0.0,0.010716244233784086,0.0,0.0,0.0,0.0,0.0,0.0,0.08457591091801232,0.0,-0.009105944260655238,0.0,0.0,0.0,0.0,0.0,0.0,0.0,0.0,0.0,0.0,0.0,0.022965131467523797,0.0,0.0,0.0,0.0,0.0,0.0,0.0,0.0,0.0,0.0,0.0,0.0,0.042401570794607574,0.0,0.0,0.0,0.0
KVUE,2026-04-28,0,0.7196,0.0,0.0,0.0,0.0,0.0,0.016054962844569635,0.0,0.0,0.0,0.0,0.016701654041672353,0.0,0.0,0.0,0.0,0.0,0.0,0.0,0.0,0.0,0.0,0.0,0.0,0.0,0.0,0.0,0.0,0.0,0.0,0.0,-0.004451973285545321,0.0,0.0,0.0,0.0,0.0,0.0,0.0,0.0032600231053453413,0.0,0.0,0.0,0.0,0.0,0.0,0.010620235091301571,0.0,0.0,0.0016970762940439338,0.0,0.007085145493181019,0.0,0.0,0.0,0.0,-0.007415248474692834,0.0,0.0,0.0,0.0,0.0,0.0,0.0,0.0,0.0,0.0,0.0,0.0,0.0,0.0,-0.0034751619183589896,0.0,0.0,0.0,0.0012183724814817361,0.0
BRKR,2026-04-28,0,0.7059,0.0,0.0,0.0,0.04672185344351797,0.0,0.01214692167056428,0.0,0.0,0.0,0.0,0.0,0.004573525422728266,0.0,0.0,0.0,0.0,0.0038781987336921424,0.0,0.0,0.0,0.0,0.0,0.0,0.0,0.0,0.0,0.0,0.0,0.0,0.0,0.0,0.0,0.0,0.0,0.0,0.0,0.0,0.0,0.0,0.0,0.0,0.01911404842083204,0.0,0.0,0.0,0.0,0.0,0.0,0.0,0.0,0.0762166100964939,0.0,0.0,0.0,0.0,0.0,0.0,0.0,0.01732161109097658,0.0,0.0,0.0,0.0,0.0,-0.022332501679499017,0.0055029786715680125,0.0,0.0,0.002980207434983836,0.0,0.0,0.0,0.0,0.0,0.0,0.0
GEV,2026-04-28,0,0.7166,0.0,0.0,-0.2194990697282588,0.0,-0.007394650031083445,0.0,0.0,0.016440835350409886,0.0,0.0,0.0,0.0,0.0,0.0,0.0,0.009040067650270656,0.0,0.0,0.0,0.0,0.0,0.0,0.0,0.0,0.0,0.0,0.0,0.0,0.0,0.0,0.0,0.0,0.0,0.0,0.0,0.0,-0.01789518609236658,0.0,-0.10125361322967841,0.0,0.0,0.0,0.0,0.0,0.0,0.0,0.0,0.0,0.0,0.0,0.0,0.0,-0.014542674647937888,-0.019525197485764926,0.0,0.0,0.0,0.0,0.05779474416085217,0.0,0.0,-0.012605005956611704,0.0,0.0,0.0,0.0,0.0,0.0,0.0,0.0,0.0,0.0,0.0,0.0,0.0,0.0
XLU,2026-04-28,0,0.7266,-0.007293780854954018,0.0,0.0,0.0,0.0,0.0,0.0,0.0,0.0,0.0,0.06875760564591829,0.0,0.0,0.006790507721449145,0.0,0.0,-0.023717593899865032,0.0,0.0,0.0,0.0,0.0,0.0,0.0,0.0,0.0,0.0,0.0,0.0,0.0,0.0,0.0,0.0,0.0,0.0,0.0,0.0,0.0,-0.012854752706433619,0.0,0.0,0.0,0.0,0.012541858656474848,0.0,0.0,0.004206967082401387,0.0,0.0,0.0,0.0,0.0,0.0,-0.02896969754387755,0.0,0.0,0.0,0.0,0.0,0.0,0.0,0.0,0.0,0.0,0.0,0.0,0.0,0.0,0.013825022400575915,0.0,-0.004110846772766562,0.0,0.0,0.0,0.0,0.0
WMT,2026-04-28,0,0.7119,0.0,0.0,0.0,0.0,0.0,-0.00208003782756518,0.0,0.003425859977296427,0.0,0.0,0.0,0.0,-0.010869683957049703,0.0,0.0,0.0,-0.04262915318189779,0.0,0.0,0.0030483466344258256,0.0,0.0,0.0,0.0,0.0,0.0,0.0,0.0,0.0,0.0,0.0,0.0,0.0,0.0,0.0,0.0,-0.0102358066097235,0.0,0.010878298908869866,0.00800616162244075,0.0,0.0,0.0,0.0,0.0,0.0,0.0,0.0,0.0,0.0,0.0,0.0,0.0,0.0,0.0,0.0,0.0,0.0,0.0,0.009696691664843191,0.0,0.0,0.0,0.0,0.0,0.019233810028019806,0.0,0.0,0.0,0.0,0.0,0.0,0.0,0.0,0.0,0.0
GEV,2026-04-27,0,0.7042,-0.006050589347706112,0.0,-0.2358294870535557,0.0,0.0,-0.012528471160693416,-0.019313569965226634,0.009271203095793714,0.0,-0.010901135181193365,0.0,0.0,0.0,0.0,0.0,0.0,0.0,0.0,0.0,0.0,0.0,0.0,0.0,0.0,0.0,0.0,0.0,0.0,0.0,0.0,0.0,0.0,0.0,0.0,0.0,0.0,0.0,0.0,-0.09657076522988048,0.005700487131938685,0.0,0.0,0.0,0.0,0.0,0.0,0.0,0.0,0.0,0.0,-0.014109291571925113,0.0,0.0,0.0,0.0,0.0,0.0,0.0,0.05057841857819523,0.0,0.0,0.0,0.0,0.0,0.0,0.0,0.0,0.0,0.0,0.0,0.0,0.0,0.0,0.0,0.0,0.0
STX,2026-04-27,0,0.702,0.0,0.0,0.0,0.0014978204149670021,0.0,0.0,0.023979756863514994,0.013613624280275304,0.0,0.0,0.0,0.0,0.0020462662612159453,-0.0024396299635891603,0.0,0.028829686018467165,0.0,0.0,0.0,0.0,0.0,0.0,0.0,0.0,0.0,0.0,0.0,0.0,0.0,0.0,0.0,0.0,0.0,0.0,0.0,0.0,0.0,0.0,0.0,0.007204015381070945,0.0,0.0,0.0,0.0,0.0,0.001955745550829646,0.0,0.0,0.0,0.005417338421665111,0.0,0.0,0.0,0.0,0.0,0.0,0.0,0.0,0.0,0.0,0.0,0.0,0.0,0.0,0.0,0.0,0.0,0.0,0.0,0.0,0.0,0.0,0.0,0.0,0.0,0.0
DLR,2026-04-27,0,0.7181,0.0,0.0,0.00253110320105443,0.0,0.0,0.0,0.0,0.0,0.0,0.0,0.007536951734774475,0.0,0.0,0.0,0.0,0.0,0.0,0.0,0.0,0.0021743466370347047,0.0,0.0,0.0,0.0,0.0,0.0,0.0,0.0,0.0,0.0,0.0,0.0,0.0,0.0,0.0,0.0,0.0,0.0,0.0,0.013577541100352829,0.0,0.0,0.0,0.0,0.0,0.0,0.0,0.002650267085900279,0.0,0.0,0.0,0.005154573383552631,0.0,0.0,0.004840440057059341,0.0,0.0,0.0,0.004670945458792743,0.030127253474328333,0.0,0.0,0.0,0.0,0.0,0.011259895973410235,0.0,0.0,0.0,0.0,0.0,0.0,0.0,0.0,0.0,0.0
IREN,2026-04-27,0,0.7457,0.0,0.0,0.0,-0.015093475268625216,0.0,-0.011645042162735316,0.0,0.0,0.0,0.0,0.0,0.0,0.0,0.0,0.0,0.0009954912430102064,-0.006612186379053919,0.02222789135111734,0.0,0.0,0.0,0.0,0.0,0.0,0.0,0.0,0.0,0.0,0.0,0.0,0.0,0.0,0.0,0.0,0.0,0.0,0.0,0.0,0.0,0.0,0.0,0.0,0.0,0.0,0.0,0.0,0.0,0.0,0.0,0.0,0.0,0.0,0.0,0.0,-0.019803734249581956,0.0,0.0,0.0,0.0,0.0,0.0,0.0,0.0,0.0,0.0,-0.031392358391657625,-0.006932865496975754,0.0,0.0,0.0,-0.005453574510091584,0.0,0.0,0.0,0.0,-0.002713708317887318
AMD,2026-04-27,0,0.7281,0.0,0.0,0.0,-1.1282338801676948e-05,0.0,0.0,0.0,0.0,0.0,-0.006651308157695596,0.0,-0.0031315908391538025,0.0,0.0,0.0,0.0,-0.0014801007044411031,0.0,-0.0027859736253721436,0.0,0.0,0.0,0.0,0.0,0.0,0.0,0.0,0.0,0.0,0.0,0.0,0.0,0.0,0.0,0.0,0.0,0.0,0.0,-0.0028948981605085786,0.0,0.0,0.0,0.0,0.0,0.0,0.0,0.0,-0.0005911294605836648,0.0,0.0,-0.00302882591740421,0.0,0.0,0.0,0.0,0.0,0.0,0.0,0.0,0.0,0.0,0.0,0.0,0.0,0.0,-0.021262026870331685,0.0,0.0,0.0,0.0,0.0,0.0,0.0,0.005416471818446236,0.0,0.0
COIN,2026-04-23,0,0.7667,0.0,0.0,0.0,-0.006002627893105453,0.0,0.0,0.0,0.0,0.0,0.0,0.0,0.0,0.0,0.0,0.0,-0.08931698092318342,0.017715824592558427,0.0,0.0,0.0,0.0,0.0,0.0,0.0,0.0,0.0,0.0,0.0,0.0,0.0,0.0,0.0,0.0,0.0,0.0,0.0,0.0,0.0,0.0,0.0,0.0,0.0,0.0,0.0,0.0,0.001175517752466078,0.0,0.0,0.0,0.0005320011839930912,0.0,0.0,0.0,0.0,0.0,0.0021483680344390466,0.0,0.0,0.0,0.0,0.0,0.0,0.0,0.0,0.009374519088671762,0.0,0.0,0.0,0.0,-0.00210861347158496,0.0,0.0,0.0,0.0,0.0,0.0001878733030812448
VKTX,2026-04-23,0,0.7022,0.0,0.00433985625008637,0.0,0.0,0.0,0.0021644860972983727,0.0,0.0,0.0,0.0019848158908718286,0.0183010794922042,-0.006728508368101458,0.0,0.0,0.0,0.0,0.0,0.0,0.0,0.0035070511478128806,0.0,0.0,0.0,0.0,0.0,0.0,0.0,0.0,0.0,0.0,0.0,0.0,0.0,0.0,0.0,0.0,0.0,0.0,0.010017698575211082,0.0,0.0,0.0,0.0,0.0,0.0,0.0,0.0,0.0,0.0,0.0,0.0012998413001223137,0.0,0.0,0.0,0.0,0.015185834756043211,0.0,0.0,0.0,0.0,0.0,0.0,0.0,0.0,0.0,0.0,0.0,0.0,0.0,0.0,0.0027027946219979992,0.0,0.0,0.0,0.0,0.0
TSLA,2026-04-23,0,0.7637,0.0,0.0,0.02270390530843318,0.0,0.0,0.0,0.006920771683946242,0.0,0.0,0.0,0.0,0.0,0.0,0.0,0.0,0.0,-0.009492821116230423,0.0,-0.003574854418737761,0.0,0.0,0.0,0.0,0.0,0.0,0.0,0.0,0.0,0.0,0.0,0.0,0.0,0.0,0.0,0.0,0.0,0.0,0.0,0.0,0.0,0.0,-0.012546099628519805,0.0,0.0,0.0,-0.00850610058700256,0.0,0.0,0.0,-0.0005602260756644309,-0.0063967671624880025,0.0,0.0,0.005497212797101716,0.031122837989652166,0.0,0.0,0.0,0.0,0.0,0.0,0.0,0.0,0.0,0.0,0.0,0.0,0.0,0.0,0.0,0.0,0.0,0.0,0.0,0.0,0.0
TPR,2026-04-23,0,0.7138,-0.007712231597272154,0.0,0.0,0.0,0.0,0.0,0.0,0.0,0.0,0.0,0.0,-0.014548320992259804,0.0,0.0,0.0,-0.01715722101764209,0.0,0.0,0.0,0.0,0.0,0.0,0.0,0.0,0.0,0.0,0.0,0.0,0.0,0.0,0.0,0.0,0.0,0.0,0.0,0.0,-0.03079055425943505,-0.03185587443400892,0.0,0.0,0.0,0.0,0.0,0.0,0.0,0.0,-0.0022243274089455297,0.0,0.0,0.0,0.0,0.0,0.0,0.0,0.0,0.0,0.0,0.0,0.0,0.0,-0.009243466381225382,-0.002734711549810665,0.0,0.0,0.0,-0.015809666615772905,0.0,0.0,0.0,0.0,0.0,-0.009121328728169276,0.0,0.0,0.0,0.0
SMMT,2026-04-23,0,0.7082,0.0,0.0,0.0,0.0,0.0,0.0,-0.005017340081572586,0.0,-0.005413798165099215,0.0,0.0,0.0,0.0,0.0,0.0,0.0,-0.015387694623531964,0.0,0.0,0.0,0.0,0.0,0.0,0.0,0.0,0.0,0.0,0.0,0.0,0.0,0.0,0.0,0.0,0.0,0.0,0.0,0.0,0.0,0.0,0.0,0.0,0.0,0.0,0.0,0.0,0.0,0.0,-0.013369843200151652,0.0,-0.00685553141173713,0.0,0.0,0.0,0.021955306336340265,0.0,0.0,0.0,0.0,0.0,0.0,0.0,0.0,0.0,0.0,0.003999488001329014,-0.0015649356606295128,0.0,0.0,0.0,0.0,0.0,0.0,0.0,-0.0025431197046814247,0.0,0.0
ORIC,2026-04-23,0,0.7342,0.0,0.001860845027221401,0.0,0.0,0.0,0.0,0.0,0.0,0.003116191474700593,0.0,0.0,0.0,0.0,0.0,0.0,0.06788495604580301,0.0,0.0,0.0,0.018000137539965034,0.0,0.0,0.0,0.0,0.0,0.0,0.0,0.0,0.0,0.0,0.0,0.0,0.0,0.0,0.0,0.0,0.0,0.0,0.0,0.0,0.0,0.0,0.005792538372674572,0.0,0.0015131990569745568,0.0,0.0,0.0,0.0,0.0,0.0,0.0,0.003986540903076775,-9.397231018986106e-05,0.0,0.0,0.0,0.0,0.0,0.0,0.0,0.0,0.0,0.0,0.0,0.0,0.0,0.0,0.0,0.0,0.007594513992174928,0.0,0.0,0.0,0.0,0.012666094095012351
NVDA,2026-04-23,0,0.7767,0.0,0.0,0.019509055306895045,0.0,0.0,0.0,0.0,0.0,0.0,-0.017036112175129473,0.0,0.0,0.0,0.0,0.0,0.0,0.0,0.024392666184293275,0.0,-0.008055987281895773,0.0,0.0,0.0,0.0,0.0,0.0,0.0,0.0,0.0,0.0,0.012613404632946343,0.0,0.0,0.0,0.0,0.0,-0.0498443000766705,0.0,0.0,0.0,0.0,0.0,0.0,0.0,0.0,0.0,0.014410837244811457,0.0,0.0,0.0,0.0,0.0,0.0,0.0,0.0,0.0,0.0,0.0,0.0,0.0,0.0,0.0,0.0,0.0,0.0,0.05296240214992323,0.0,0.0,0.0,0.0,0.0,0.0,0.0,0.0,-0.020444807233276144,0.0
MP,2026-04-23,0,0.7031,0.0,0.0,0.0,0.0,0.0,0.0,0.0,-0.0012881515522719907,0.0,-0.04306722509968537,0.0,0.0,0.0,0.0,0.0,0.0,0.0,0.0,0.0,0.0,0.0,0.0,0.0,0.0,0.0,0.0,0.0,0.0,0.0,0.0,0.0,0.0,0.0,0.0,0.0,0.0,0.0,0.0,0.0,-0.006817450473320248,0.0,0.0,0.0,0.0,0.0,0.0,0.0,0.0,0.0,0.0,0.0,0.0,0.006351010173192839,-0.006321047552330985,-0.01763223473804405,0.0,0.0,0.0,0.0,0.0,0.0,0.0,0.0047999077824365174,0.0,0.0010003012517358913,-0.011439534005847808,0.0,0.0,-0.004144893386442843,0.0,0.0,0.0,0.0,0.0,0.0,0.0
HUM,2026-04-23,0,0.7538,0.0,0.0,0.0,0.0,0.012045371464557924,0.0344260668183362,0.01551262170503127,0.0,0.0,0.0,0.02115335366503796,0.04009507092685778,0.03790368716605064,0.0,0.0,0.0,0.0,0.0,0.0,0.0,0.0,0.0,0.0,0.0,0.0,0.0,0.0,0.0,0.0,0.0,0.0,0.0,0.0,0.0,0.0,0.0,0.021532569969193477,0.0,0.0,0.0,0.0,0.0,0.0,0.0,0.0,0.0,0.0,0.0,0.0,0.0,0.0,0.0,0.0,0.0,0.0,0.0,0.0,0.0,0.0,0.0,0.0,0.019520822521647403,0.0,0.0,0.0,0.04121653944063948,0.0,0.0,0.0,0.0,0.008778004231712516,0.0,0.0,0.0,0.0,0.0
BRKR,2026-04-23,0,0.8678,0.0,0.0,0.0,0.0,0.0,0.0,0.0,0.0,0.0,0.0,0.00555607545173232,0.0,0.0,0.01441483753022784,0.0,0.0,0.0,0.0,0.0,0.0,0.0,0.0,0.0,0.0,0.0,0.0,0.0,0.0,0.0,0.0,0.0,0.0,0.0,0.0,0.0,0.0,0.0,0.0,0.0,0.0,0.0,0.0,0.0,0.012821231799661287,0.0,0.0,0.0,0.0,0.0,0.0,0.10917598921238272,0.0,0.0,0.020321917724642768,0.0,0.0,0.0,0.0,0.02006698864138,0.0,0.0,0.01090543124063627,0.0,0.0,0.0,0.0,0.0,0.0,0.003825022002673484,0.0,0.0,0.012389513123307468,0.0,0.018259287505775067,0.0,0.0
LIN,2026-04-22,0,0.7244,0.0,0.0,0.0,0.0,0.0,-0.02264391809955338,-0.013895800779287646,0.0,0.0,0.0,0.0,0.0,0.0,0.0,0.0,0.0,0.0,0.0,0.0,0.0,0.0,0.0,0.0,0.0,0.0,0.0,0.0,0.0,0.0,0.0,0.0,0.0,0.0,0.0,0.0,0.0,0.05595558644268408,0.0,0.0,0.0,0.0,0.0,0.0,0.0,0.0,0.0,0.0,0.0,0.0,0.014671558398350975,-0.05745035319385623,0.0,0.0071304784151789485,-0.009596743721897423,0.0,0.0,0.0,0.0,0.06119378959317586,0.0,0.0,0.0,0.0,0.0,0.0,0.0,0.0,0.0,0.0,0.0,0.0,0.0,0.0,-0.014284920954289865,0.0,0.0
VST,2026-04-22,0,0.8232,0.0,0.010928009237609629,0.0030620789753605625,0.0,-0.0020920212660113426,0.0,-0.011917797548839974,0.0,0.0,0.0,0.0,-0.014417249485591116,0.0,0.0,0.0,0.0,0.0,0.0,0.0,0.0,0.0,0.0,0.0,0.0,0.0,0.0,0.0,0.0,0.0,0.0,0.0,0.0,0.0,0.0,0.0,0.0,0.0,0.0,0.0,0.0,0.0,0.0,0.0034759256974473186,0.0,0.0,0.0,0.0,0.0,0.0,0.0,0.0,0.0,0.0,0.0,0.0,0.0,0.0,0.0,0.0,0.0,0.0,0.0,-0.005632557814437111,0.0,0.0036819219050837244,0.0007528814505283256,0.0,0.0,0.0,0.0,0.0,0.0,0.0,0.0,0.0,-0.005326102110279645
WDC,2026-04-22,0,0.7173,0.0,-1.8411645402536394e-05,0.0,0.0,-2.7272685883965135e-05,-0.00024900949204084206,0.0,0.0,0.0,-0.00023371809062759392,0.0,0.0,0.0,0.0,0.0,-0.00047554403408615745,0.0,0.0,0.0,0.0,0.0,0.0,0.0,0.0,0.0,0.0,0.0,0.0,0.0,0.0,-0.0004667169744523987,0.0,0.0,0.0,0.0,0.0,-0.00042931654587950073,0.0,0.0,0.0,0.0,0.0,0.0,0.0,0.0,0.0,0.0,0.0,0.0,-0.0003423836632750629,0.0,0.0,0.0,0.0,0.0,0.0,0.0,0.0,0.0,0.0,0.0,0.0,0.0,0.0,0.0,-0.00019560302055227462,0.0,0.0,0.0,0.0,0.0,0.0,0.0,0.0,0.0,-0.00042208739456926574
